Annotation_Is_Verified,Classification,Comment_Count,Featured_Video,Is_Verified,Length_Referent_Text,Number_Verified_Annotations,Pinned,Total_Votes_log
FALSE,accepted,0,FALSE,FALSE,189,0,FALSE,0
FALSE,unreviewed,0,FALSE,FALSE,43,0,FALSE,0
FALSE,accepted,0,FALSE,FALSE,34,0,FALSE,1.397940009
FALSE,accepted,0,FALSE,FALSE,8,0,FALSE,0.77815125
FALSE,accepted,0,TRUE,TRUE,38,0,FALSE,1.079181246
FALSE,accepted,0,FALSE,FALSE,35,1,FALSE,0.477121255
FALSE,accepted,0,TRUE,TRUE,103,0,FALSE,1.204119983
FALSE,accepted,0,TRUE,TRUE,78,3,FALSE,1.73239376
FALSE,accepted,0,TRUE,FALSE,37,4,FALSE,1.361727836
FALSE,accepted,0,TRUE,FALSE,53,7,FALSE,0
FALSE,accepted,0,TRUE,TRUE,17,3,FALSE,1.278753601
FALSE,unreviewed,2,FALSE,FALSE,111,0,FALSE,0.602059991
FALSE,accepted,1,FALSE,FALSE,47,0,FALSE,0.954242509
FALSE,accepted,0,TRUE,FALSE,48,0,FALSE,0
FALSE,accepted,0,FALSE,TRUE,26,0,FALSE,1.826074803
FALSE,unreviewed,2,TRUE,TRUE,170,0,FALSE,1.230448921
FALSE,accepted,0,TRUE,TRUE,6,0,FALSE,1.505149978
FALSE,accepted,5,FALSE,TRUE,142,2,FALSE,1.505149978
FALSE,unreviewed,1,FALSE,FALSE,48,0,FALSE,0
FALSE,accepted,0,FALSE,FALSE,56,1,FALSE,0.301029996
FALSE,accepted,3,TRUE,TRUE,15,0,FALSE,2.338456494
FALSE,accepted,0,FALSE,TRUE,25,0,FALSE,1.886490725
FALSE,accepted,0,FALSE,FALSE,47,0,FALSE,0
FALSE,accepted,0,TRUE,TRUE,59,0,FALSE,0
FALSE,accepted,0,TRUE,FALSE,44,0,FALSE,1.041392685
FALSE,accepted,2,FALSE,TRUE,53,1,FALSE,2.033423755
FALSE,unreviewed,1,TRUE,FALSE,52,0,FALSE,0
FALSE,accepted,0,FALSE,FALSE,19,0,FALSE,1
FALSE,accepted,3,TRUE,TRUE,141,0,FALSE,0.77815125
FALSE,accepted,3,FALSE,TRUE,79,2,FALSE,1.544068044
FALSE,accepted,0,FALSE,FALSE,44,0,FALSE,0
FALSE,accepted,0,FALSE,TRUE,154,0,FALSE,1
FALSE,accepted,0,FALSE,FALSE,168,2,FALSE,1.491361694
FALSE,accepted,0,FALSE,FALSE,37,0,FALSE,1.146128036
FALSE,accepted,0,TRUE,TRUE,14,0,FALSE,1.838849091
FALSE,accepted,0,FALSE,TRUE,25,0,FALSE,1.041392685
FALSE,accepted,2,TRUE,FALSE,40,0,FALSE,1.361727836
FALSE,accepted,0,FALSE,FALSE,81,0,FALSE,0
FALSE,accepted,0,TRUE,TRUE,70,0,FALSE,1.591064607
FALSE,unreviewed,0,FALSE,FALSE,93,0,FALSE,0
FALSE,accepted,0,FALSE,FALSE,41,0,FALSE,0.477121255
FALSE,unreviewed,0,FALSE,FALSE,64,0,FALSE,0
FALSE,accepted,3,FALSE,TRUE,114,0,FALSE,0.903089987
FALSE,accepted,2,FALSE,FALSE,81,0,FALSE,1.792391689
FALSE,accepted,0,FALSE,TRUE,51,0,FALSE,0.477121255
FALSE,accepted,0,FALSE,TRUE,37,0,FALSE,0.477121255
FALSE,accepted,0,TRUE,FALSE,25,0,FALSE,1.556302501
FALSE,accepted,1,TRUE,FALSE,75,0,FALSE,0.602059991
FALSE,accepted,1,TRUE,TRUE,124,0,FALSE,1.643452676
TRUE,verified,0,TRUE,FALSE,64,2,TRUE,2.136720567
FALSE,accepted,0,FALSE,FALSE,7,0,FALSE,0.477121255
FALSE,accepted,0,FALSE,FALSE,31,0,FALSE,1.113943352
FALSE,accepted,0,TRUE,FALSE,46,6,FALSE,1.176091259
TRUE,verified,18,TRUE,FALSE,71,3,TRUE,2.712649702
FALSE,unreviewed,0,FALSE,FALSE,86,0,FALSE,0
FALSE,accepted,0,FALSE,FALSE,41,0,FALSE,0.301029996
FALSE,accepted,0,FALSE,TRUE,100,0,FALSE,0.602059991
FALSE,unreviewed,1,FALSE,FALSE,77,0,FALSE,0.477121255
FALSE,accepted,0,FALSE,FALSE,109,0,FALSE,1.397940009
FALSE,accepted,0,FALSE,TRUE,61,0,FALSE,1.612783857
TRUE,verified,20,TRUE,TRUE,82,3,TRUE,2.702430536
FALSE,accepted,0,TRUE,FALSE,72,0,FALSE,0.698970004
FALSE,accepted,0,FALSE,FALSE,37,0,FALSE,0.301029996
FALSE,unreviewed,0,FALSE,FALSE,22,0,FALSE,0
FALSE,accepted,0,FALSE,FALSE,18,0,FALSE,1.447158031
FALSE,accepted,0,TRUE,FALSE,134,0,FALSE,1.146128036
FALSE,unreviewed,0,TRUE,FALSE,80,0,FALSE,0
FALSE,accepted,0,TRUE,FALSE,47,0,FALSE,1
FALSE,accepted,0,FALSE,FALSE,192,0,FALSE,1.812913357
FALSE,accepted,1,FALSE,TRUE,100,0,FALSE,0
FALSE,accepted,0,FALSE,FALSE,144,0,FALSE,1.832508913
FALSE,accepted,1,FALSE,TRUE,65,0,FALSE,1.255272505
FALSE,accepted,0,FALSE,FALSE,31,0,FALSE,1.681241237
FALSE,accepted,0,FALSE,FALSE,22,0,FALSE,0
FALSE,accepted,2,TRUE,TRUE,169,0,FALSE,1.838849091
FALSE,accepted,0,FALSE,FALSE,34,0,FALSE,0.477121255
FALSE,accepted,0,TRUE,TRUE,58,0,FALSE,2.029383778
FALSE,accepted,0,FALSE,FALSE,49,0,FALSE,0.903089987
FALSE,accepted,0,FALSE,FALSE,6,0,FALSE,1.079181246
FALSE,accepted,1,TRUE,TRUE,22,0,FALSE,1.322219295
FALSE,accepted,0,TRUE,FALSE,28,0,FALSE,0.903089987
FALSE,accepted,0,FALSE,TRUE,82,1,FALSE,1.949390007
FALSE,accepted,1,FALSE,TRUE,28,0,FALSE,0
FALSE,accepted,0,FALSE,FALSE,170,0,FALSE,1.633468456
FALSE,accepted,1,FALSE,FALSE,22,0,FALSE,2.437750563
FALSE,unreviewed,0,FALSE,FALSE,30,0,FALSE,0.301029996
FALSE,accepted,0,FALSE,FALSE,56,0,FALSE,0.954242509
FALSE,accepted,1,FALSE,FALSE,121,1,FALSE,1.322219295
FALSE,unreviewed,0,TRUE,FALSE,147,0,FALSE,0
FALSE,accepted,3,FALSE,FALSE,80,0,FALSE,1.62324929
FALSE,accepted,0,FALSE,FALSE,70,0,FALSE,0.698970004
FALSE,accepted,0,FALSE,FALSE,73,2,FALSE,1.431363764
TRUE,verified,21,FALSE,TRUE,62,2,TRUE,2.747411808
FALSE,accepted,0,FALSE,TRUE,80,1,FALSE,2.227886705
FALSE,accepted,0,TRUE,FALSE,110,0,FALSE,0.477121255
FALSE,accepted,4,FALSE,TRUE,147,1,FALSE,2
FALSE,accepted,0,FALSE,FALSE,118,0,FALSE,1
FALSE,unreviewed,0,FALSE,FALSE,143,0,FALSE,0.301029996
FALSE,accepted,1,FALSE,FALSE,96,0,FALSE,1.954242509
FALSE,accepted,0,FALSE,TRUE,44,0,FALSE,0.301029996
FALSE,accepted,0,FALSE,TRUE,29,3,FALSE,1.51851394
FALSE,accepted,0,FALSE,TRUE,50,0,FALSE,0
FALSE,accepted,1,FALSE,FALSE,27,1,FALSE,1.672097858
FALSE,unreviewed,0,FALSE,FALSE,67,0,FALSE,0.698970004
FALSE,accepted,0,FALSE,FALSE,222,0,FALSE,1.84509804
FALSE,accepted,0,FALSE,FALSE,34,0,FALSE,0.77815125
FALSE,unreviewed,0,FALSE,FALSE,51,0,FALSE,0
FALSE,accepted,0,FALSE,FALSE,107,0,FALSE,1.69019608
FALSE,unreviewed,0,FALSE,FALSE,41,0,FALSE,0
FALSE,unreviewed,3,FALSE,FALSE,162,0,FALSE,0.477121255
FALSE,unreviewed,0,FALSE,FALSE,42,0,FALSE,0
FALSE,accepted,0,TRUE,TRUE,35,0,FALSE,0.954242509
FALSE,accepted,0,FALSE,TRUE,41,0,FALSE,1.230448921
FALSE,unreviewed,0,FALSE,FALSE,42,0,FALSE,0
FALSE,accepted,0,FALSE,FALSE,7,0,FALSE,0.301029996
FALSE,accepted,1,TRUE,TRUE,38,6,FALSE,1.913813852
FALSE,unreviewed,0,TRUE,FALSE,23,4,FALSE,0
FALSE,unreviewed,0,FALSE,FALSE,33,0,FALSE,0
FALSE,accepted,1,FALSE,TRUE,31,0,FALSE,1.041392685
FALSE,accepted,0,TRUE,FALSE,59,0,FALSE,0.954242509
FALSE,accepted,0,TRUE,TRUE,182,3,FALSE,0.477121255
FALSE,accepted,0,TRUE,FALSE,18,0,FALSE,1.255272505
FALSE,accepted,0,FALSE,FALSE,42,0,FALSE,0.477121255
FALSE,accepted,0,TRUE,TRUE,6,2,FALSE,1.414973348
TRUE,verified,0,TRUE,FALSE,136,2,TRUE,2.064457989
FALSE,accepted,0,FALSE,FALSE,35,0,FALSE,0.301029996
FALSE,accepted,0,FALSE,TRUE,60,0,FALSE,1.361727836
FALSE,accepted,0,FALSE,FALSE,142,0,FALSE,0.602059991
FALSE,accepted,0,TRUE,TRUE,65,2,FALSE,0.698970004
FALSE,accepted,4,TRUE,TRUE,92,0,FALSE,1.477121255
FALSE,accepted,0,FALSE,FALSE,78,0,FALSE,1.380211242
FALSE,accepted,0,FALSE,FALSE,29,0,FALSE,1.397940009
FALSE,accepted,2,FALSE,FALSE,104,0,FALSE,1.414973348
FALSE,accepted,0,FALSE,TRUE,276,0,FALSE,2.394451681
FALSE,unreviewed,0,FALSE,FALSE,35,0,FALSE,0
TRUE,verified,22,TRUE,TRUE,7,4,TRUE,3.01745073
FALSE,accepted,0,TRUE,TRUE,41,0,FALSE,1
FALSE,accepted,0,FALSE,TRUE,7,0,FALSE,1.301029996
FALSE,accepted,1,FALSE,FALSE,278,0,FALSE,2.482873584
FALSE,unreviewed,0,FALSE,FALSE,135,0,FALSE,0
FALSE,accepted,0,FALSE,FALSE,111,0,FALSE,1.973127854
TRUE,verified,0,TRUE,FALSE,176,3,TRUE,2.120573931
FALSE,accepted,2,TRUE,FALSE,9,2,FALSE,1.785329835
FALSE,accepted,1,FALSE,TRUE,279,0,FALSE,0.903089987
FALSE,accepted,0,TRUE,TRUE,35,0,FALSE,0.954242509
FALSE,accepted,1,TRUE,FALSE,7,3,FALSE,0.84509804
FALSE,accepted,0,TRUE,FALSE,25,0,FALSE,1.380211242
FALSE,unreviewed,0,FALSE,FALSE,78,0,FALSE,0.602059991
FALSE,accepted,1,TRUE,TRUE,6,3,FALSE,2.089905111
TRUE,verified,12,TRUE,FALSE,67,9,TRUE,2.021189299
FALSE,accepted,0,TRUE,TRUE,23,0,FALSE,1.556302501
FALSE,accepted,2,TRUE,FALSE,120,0,FALSE,1.924279286
FALSE,accepted,0,FALSE,FALSE,19,0,FALSE,1.612783857
FALSE,accepted,2,TRUE,TRUE,22,2,FALSE,1.612783857
FALSE,unreviewed,0,FALSE,FALSE,30,0,FALSE,0.602059991
FALSE,unreviewed,0,FALSE,FALSE,39,0,FALSE,0
FALSE,accepted,0,TRUE,FALSE,139,0,FALSE,2.201397124
FALSE,unreviewed,0,FALSE,TRUE,30,0,FALSE,0
FALSE,accepted,0,FALSE,TRUE,94,0,FALSE,1.397940009
FALSE,accepted,0,FALSE,TRUE,46,0,FALSE,0.954242509
FALSE,accepted,0,TRUE,TRUE,61,0,FALSE,0.954242509
FALSE,unreviewed,0,FALSE,FALSE,69,0,FALSE,0
FALSE,unreviewed,0,FALSE,FALSE,25,0,FALSE,0
FALSE,accepted,0,TRUE,FALSE,14,0,FALSE,0.954242509
FALSE,unreviewed,0,FALSE,FALSE,80,0,FALSE,0.301029996
FALSE,accepted,0,TRUE,TRUE,127,1,FALSE,1.826074803
FALSE,accepted,1,FALSE,FALSE,21,0,FALSE,0
FALSE,accepted,1,FALSE,FALSE,52,0,FALSE,1.079181246
FALSE,accepted,0,FALSE,TRUE,191,0,FALSE,2
FALSE,accepted,2,FALSE,FALSE,75,0,FALSE,1.041392685
FALSE,unreviewed,1,FALSE,FALSE,8,0,FALSE,0
FALSE,accepted,0,TRUE,TRUE,73,0,FALSE,2.021189299
FALSE,accepted,0,FALSE,TRUE,20,0,FALSE,1.342422681
FALSE,accepted,0,FALSE,FALSE,158,0,FALSE,2.217483944
FALSE,accepted,0,FALSE,TRUE,37,1,FALSE,1.799340549
FALSE,accepted,0,FALSE,TRUE,74,0,FALSE,1
FALSE,accepted,0,FALSE,FALSE,91,2,FALSE,1.380211242
FALSE,accepted,2,TRUE,FALSE,160,0,FALSE,1.505149978
FALSE,accepted,0,FALSE,FALSE,42,0,FALSE,0.602059991
FALSE,accepted,0,FALSE,FALSE,49,0,FALSE,2.130333768
FALSE,accepted,0,FALSE,FALSE,61,0,FALSE,0.301029996
FALSE,unreviewed,0,FALSE,FALSE,136,0,FALSE,0
FALSE,accepted,0,TRUE,TRUE,185,0,FALSE,1.579783597
FALSE,accepted,0,FALSE,FALSE,82,0,FALSE,0.698970004
FALSE,unreviewed,2,FALSE,FALSE,43,0,FALSE,0.301029996
FALSE,accepted,0,FALSE,TRUE,30,0,FALSE,0.602059991
FALSE,unreviewed,0,FALSE,FALSE,18,0,FALSE,0
FALSE,unreviewed,0,FALSE,FALSE,50,0,FALSE,0
FALSE,accepted,1,TRUE,TRUE,43,0,FALSE,0.698970004
FALSE,accepted,5,FALSE,TRUE,191,0,FALSE,2.274157849
FALSE,unreviewed,0,FALSE,FALSE,26,0,FALSE,0
FALSE,unreviewed,0,FALSE,FALSE,62,0,FALSE,0
TRUE,verified,6,TRUE,FALSE,6,6,TRUE,2.440909082
FALSE,accepted,0,FALSE,FALSE,105,0,FALSE,1.301029996
TRUE,accepted,0,FALSE,FALSE,31,26,FALSE,0.903089987
FALSE,unreviewed,0,FALSE,FALSE,18,0,FALSE,0
FALSE,accepted,0,FALSE,FALSE,88,0,FALSE,0.903089987
FALSE,accepted,2,FALSE,TRUE,88,0,FALSE,0.602059991
FALSE,accepted,1,TRUE,FALSE,41,0,FALSE,0.77815125
FALSE,accepted,2,FALSE,FALSE,79,0,FALSE,0
FALSE,unreviewed,0,TRUE,TRUE,66,1,FALSE,0
FALSE,accepted,0,TRUE,FALSE,94,0,FALSE,2.004321374
FALSE,accepted,1,TRUE,TRUE,61,1,FALSE,1.041392685
FALSE,accepted,0,FALSE,FALSE,39,0,FALSE,0
FALSE,accepted,0,FALSE,TRUE,42,4,FALSE,1.041392685
FALSE,unreviewed,0,FALSE,FALSE,44,0,FALSE,0
FALSE,accepted,0,FALSE,FALSE,32,3,FALSE,1.819543936
FALSE,accepted,0,TRUE,TRUE,22,3,FALSE,1.785329835
FALSE,accepted,0,FALSE,FALSE,30,0,FALSE,0.301029996
FALSE,unreviewed,0,FALSE,FALSE,41,0,FALSE,0
FALSE,accepted,0,FALSE,FALSE,14,0,FALSE,1.113943352
FALSE,accepted,0,TRUE,FALSE,40,1,FALSE,0.301029996
FALSE,accepted,0,FALSE,FALSE,67,0,FALSE,1.255272505
FALSE,accepted,0,TRUE,FALSE,47,1,FALSE,2.071882007
FALSE,unreviewed,0,FALSE,FALSE,17,0,FALSE,0
FALSE,accepted,0,FALSE,FALSE,202,0,FALSE,1.982271233
FALSE,accepted,0,FALSE,FALSE,43,0,FALSE,1.278753601
FALSE,accepted,0,TRUE,TRUE,164,0,FALSE,1.301029996
FALSE,accepted,0,FALSE,FALSE,143,0,FALSE,1.770852012
FALSE,unreviewed,0,FALSE,FALSE,26,0,FALSE,0
FALSE,unreviewed,1,FALSE,FALSE,96,0,FALSE,0
FALSE,accepted,0,TRUE,FALSE,109,0,FALSE,1.505149978
FALSE,unreviewed,1,FALSE,TRUE,99,0,FALSE,0.77815125
FALSE,unreviewed,0,FALSE,FALSE,43,0,FALSE,0
FALSE,accepted,0,FALSE,FALSE,104,0,FALSE,0.602059991
FALSE,accepted,0,TRUE,FALSE,139,0,FALSE,1.633468456
TRUE,verified,52,TRUE,FALSE,59,9,TRUE,2.597695186
FALSE,accepted,0,TRUE,FALSE,17,0,FALSE,0.84509804
FALSE,accepted,1,FALSE,TRUE,52,0,FALSE,1.041392685
FALSE,unreviewed,0,TRUE,FALSE,56,0,FALSE,0
TRUE,verified,79,TRUE,TRUE,105,3,TRUE,3.086359831
FALSE,accepted,1,FALSE,FALSE,89,1,FALSE,0.301029996
FALSE,accepted,1,FALSE,FALSE,62,0,FALSE,1
FALSE,accepted,1,FALSE,TRUE,66,0,FALSE,0.477121255
FALSE,accepted,1,TRUE,TRUE,31,2,FALSE,1.963787827
FALSE,accepted,0,TRUE,FALSE,146,0,FALSE,0.301029996
FALSE,accepted,0,FALSE,TRUE,166,0,FALSE,0.84509804
FALSE,unreviewed,0,FALSE,FALSE,86,0,FALSE,0
FALSE,accepted,0,FALSE,FALSE,26,0,FALSE,1.832508913
FALSE,accepted,0,FALSE,TRUE,39,0,FALSE,0.77815125
FALSE,accepted,0,TRUE,FALSE,80,0,FALSE,0
TRUE,verified,1,TRUE,FALSE,141,2,TRUE,1.591064607
TRUE,verified,1,TRUE,FALSE,49,4,TRUE,1.939519253
FALSE,accepted,0,TRUE,TRUE,61,0,FALSE,1.681241237
FALSE,accepted,0,FALSE,FALSE,55,0,FALSE,0.602059991
FALSE,accepted,0,FALSE,FALSE,179,0,FALSE,0.301029996
FALSE,unreviewed,0,FALSE,FALSE,30,0,FALSE,0.301029996
FALSE,accepted,1,FALSE,FALSE,71,0,FALSE,1.176091259
FALSE,accepted,0,TRUE,TRUE,39,0,FALSE,1.505149978
FALSE,accepted,0,FALSE,FALSE,62,1,FALSE,1.113943352
FALSE,accepted,0,FALSE,FALSE,54,0,FALSE,1.977723605
FALSE,accepted,0,FALSE,FALSE,12,0,FALSE,0.903089987
FALSE,accepted,0,FALSE,FALSE,58,0,FALSE,0
FALSE,accepted,1,FALSE,FALSE,20,0,FALSE,0.301029996
FALSE,accepted,5,FALSE,FALSE,50,1,FALSE,1.62324929
FALSE,accepted,0,FALSE,TRUE,29,0,FALSE,0
FALSE,accepted,0,FALSE,TRUE,53,0,FALSE,1.748188027
FALSE,unreviewed,0,FALSE,FALSE,127,0,FALSE,0
FALSE,accepted,0,FALSE,FALSE,47,0,FALSE,1.568201724
FALSE,accepted,0,TRUE,FALSE,100,4,FALSE,1.77815125
FALSE,accepted,0,FALSE,TRUE,117,0,FALSE,0
FALSE,accepted,1,TRUE,TRUE,176,0,FALSE,0.477121255
FALSE,accepted,3,FALSE,TRUE,55,2,FALSE,1.73239376
FALSE,unreviewed,0,FALSE,FALSE,95,0,FALSE,0
FALSE,unreviewed,0,FALSE,TRUE,76,0,FALSE,0
FALSE,unreviewed,1,TRUE,TRUE,64,7,FALSE,0.477121255
FALSE,accepted,2,FALSE,TRUE,82,0,FALSE,0.698970004
FALSE,accepted,0,FALSE,FALSE,102,0,FALSE,1
FALSE,accepted,0,TRUE,FALSE,16,2,FALSE,1.113943352
FALSE,accepted,0,FALSE,FALSE,259,0,FALSE,1.544068044
FALSE,accepted,1,FALSE,TRUE,53,0,FALSE,0.84509804
FALSE,unreviewed,4,TRUE,TRUE,36,0,FALSE,1.230448921
FALSE,accepted,4,FALSE,FALSE,148,0,FALSE,2.40654018
FALSE,unreviewed,3,TRUE,FALSE,60,0,FALSE,0
FALSE,accepted,0,FALSE,TRUE,28,0,FALSE,0.477121255
FALSE,accepted,1,TRUE,TRUE,53,0,FALSE,1.342422681
FALSE,accepted,0,FALSE,FALSE,40,0,FALSE,1.176091259
TRUE,verified,4,TRUE,FALSE,76,6,TRUE,2.376576957
FALSE,accepted,0,TRUE,TRUE,45,0,FALSE,0
FALSE,accepted,3,TRUE,FALSE,107,1,FALSE,1.959041392
FALSE,accepted,0,FALSE,FALSE,75,0,FALSE,1.176091259
FALSE,accepted,0,TRUE,TRUE,491,0,FALSE,1.929418926
FALSE,accepted,0,FALSE,FALSE,61,0,FALSE,1.612783857
FALSE,accepted,0,TRUE,FALSE,126,0,FALSE,2.57054294
FALSE,accepted,1,TRUE,TRUE,48,0,FALSE,2.562292864
FALSE,accepted,0,TRUE,TRUE,29,2,FALSE,1.491361694
FALSE,accepted,0,TRUE,TRUE,32,0,FALSE,2.184691431
FALSE,accepted,1,TRUE,FALSE,58,0,FALSE,1.361727836
TRUE,accepted,0,TRUE,FALSE,94,12,FALSE,0.602059991
FALSE,unreviewed,0,FALSE,FALSE,46,0,FALSE,0
FALSE,unreviewed,0,FALSE,FALSE,5,0,FALSE,0
FALSE,accepted,0,FALSE,TRUE,15,0,FALSE,1
TRUE,verified,43,FALSE,TRUE,48,1,TRUE,2.895422546
FALSE,accepted,1,TRUE,FALSE,148,0,FALSE,1.322219295
FALSE,accepted,0,TRUE,TRUE,240,0,FALSE,0.698970004
FALSE,accepted,0,FALSE,FALSE,70,0,FALSE,0.698970004
FALSE,accepted,3,TRUE,FALSE,44,0,FALSE,0
FALSE,accepted,0,FALSE,FALSE,106,0,FALSE,1.72427587
FALSE,accepted,0,FALSE,FALSE,158,0,FALSE,0.698970004
FALSE,accepted,0,FALSE,FALSE,125,0,FALSE,1.591064607
FALSE,accepted,0,TRUE,TRUE,55,2,FALSE,0
FALSE,accepted,0,FALSE,FALSE,97,0,FALSE,1.397940009
FALSE,accepted,3,FALSE,FALSE,74,0,FALSE,0
FALSE,accepted,0,TRUE,FALSE,24,0,FALSE,1.959041392
FALSE,accepted,0,FALSE,FALSE,28,0,FALSE,0.301029996
FALSE,accepted,0,FALSE,FALSE,106,0,FALSE,0.954242509
FALSE,accepted,1,FALSE,TRUE,40,0,FALSE,0
FALSE,accepted,0,FALSE,FALSE,20,0,FALSE,0.84509804
FALSE,accepted,0,FALSE,FALSE,31,0,FALSE,1.176091259
FALSE,accepted,1,TRUE,TRUE,24,0,FALSE,1.146128036
FALSE,unreviewed,0,FALSE,FALSE,45,0,FALSE,0
FALSE,accepted,0,FALSE,TRUE,25,0,FALSE,0.698970004
FALSE,accepted,1,FALSE,FALSE,45,0,FALSE,1.857332496
FALSE,unreviewed,0,TRUE,FALSE,43,0,FALSE,0.477121255
FALSE,accepted,1,FALSE,TRUE,11,0,FALSE,0
FALSE,accepted,0,FALSE,FALSE,117,1,FALSE,1.255272505
FALSE,unreviewed,0,FALSE,FALSE,50,0,FALSE,0
FALSE,unreviewed,1,FALSE,FALSE,49,0,FALSE,0.903089987
FALSE,unreviewed,1,FALSE,FALSE,126,0,FALSE,0
FALSE,accepted,0,FALSE,FALSE,90,0,FALSE,2.045322979
FALSE,accepted,2,TRUE,FALSE,45,0,FALSE,1.447158031
FALSE,accepted,1,FALSE,FALSE,110,0,FALSE,1.041392685
FALSE,accepted,1,FALSE,FALSE,21,0,FALSE,1.146128036
FALSE,accepted,0,TRUE,TRUE,94,0,FALSE,1
FALSE,accepted,3,FALSE,FALSE,43,0,FALSE,0.602059991
FALSE,accepted,1,FALSE,FALSE,96,0,FALSE,0.602059991
FALSE,unreviewed,0,FALSE,FALSE,1,0,FALSE,0
FALSE,accepted,0,TRUE,FALSE,199,0,FALSE,0.903089987
FALSE,accepted,1,FALSE,FALSE,376,0,FALSE,1.361727836
FALSE,unreviewed,1,FALSE,FALSE,115,0,FALSE,1.230448921
FALSE,accepted,1,FALSE,FALSE,47,0,FALSE,0
FALSE,accepted,0,FALSE,FALSE,34,1,FALSE,0
FALSE,accepted,0,TRUE,TRUE,16,3,FALSE,2.36361198
FALSE,accepted,1,TRUE,FALSE,52,0,FALSE,1.591064607
FALSE,accepted,0,TRUE,TRUE,128,4,FALSE,1.113943352
FALSE,unreviewed,0,FALSE,FALSE,39,0,FALSE,0.477121255
FALSE,accepted,0,TRUE,FALSE,48,0,FALSE,0.602059991
FALSE,accepted,0,TRUE,TRUE,63,2,FALSE,1.079181246
FALSE,unreviewed,0,TRUE,TRUE,241,0,FALSE,0.698970004
FALSE,unreviewed,0,FALSE,FALSE,145,0,FALSE,0
FALSE,unreviewed,0,FALSE,FALSE,163,0,FALSE,0
FALSE,unreviewed,0,FALSE,FALSE,228,0,FALSE,0.301029996
FALSE,accepted,1,TRUE,TRUE,31,0,FALSE,1.255272505
FALSE,accepted,1,FALSE,TRUE,63,0,FALSE,0.602059991
FALSE,accepted,5,TRUE,TRUE,13,0,FALSE,1.672097858
FALSE,accepted,0,FALSE,FALSE,76,0,FALSE,1.278753601
TRUE,verified,3,FALSE,TRUE,84,3,TRUE,2.514547753
FALSE,accepted,0,TRUE,TRUE,85,0,FALSE,1.505149978
FALSE,accepted,0,FALSE,FALSE,45,1,FALSE,0
FALSE,accepted,0,TRUE,TRUE,68,0,FALSE,0.477121255
FALSE,accepted,0,FALSE,FALSE,31,0,FALSE,0
FALSE,accepted,0,FALSE,FALSE,53,0,FALSE,0
FALSE,accepted,4,FALSE,FALSE,71,0,FALSE,1.579783597
FALSE,accepted,0,FALSE,FALSE,53,0,FALSE,0.477121255
FALSE,accepted,0,FALSE,FALSE,30,0,FALSE,1.146128036
FALSE,accepted,0,FALSE,FALSE,114,0,FALSE,0
FALSE,accepted,0,TRUE,TRUE,32,0,FALSE,1.698970004
FALSE,accepted,1,FALSE,TRUE,52,0,FALSE,0.698970004
FALSE,accepted,3,TRUE,TRUE,83,2,FALSE,1.939519253
FALSE,accepted,0,TRUE,TRUE,108,3,FALSE,2.283301229
FALSE,accepted,0,TRUE,TRUE,12,3,FALSE,1.716003344
FALSE,accepted,1,FALSE,FALSE,167,0,FALSE,1.591064607
FALSE,unreviewed,0,FALSE,FALSE,152,0,FALSE,0
FALSE,accepted,0,FALSE,FALSE,19,0,FALSE,1.322219295
FALSE,unreviewed,0,FALSE,FALSE,66,0,FALSE,0
FALSE,accepted,2,TRUE,FALSE,225,0,FALSE,2.445604203
FALSE,accepted,0,TRUE,TRUE,25,0,FALSE,1.255272505
FALSE,accepted,0,FALSE,TRUE,60,0,FALSE,0.903089987
FALSE,unreviewed,0,TRUE,FALSE,146,0,FALSE,0
FALSE,accepted,0,FALSE,TRUE,46,0,FALSE,0.77815125
FALSE,accepted,1,TRUE,TRUE,40,0,FALSE,1.77815125
FALSE,accepted,1,TRUE,FALSE,17,0,FALSE,1.462397998
FALSE,accepted,0,FALSE,FALSE,75,1,FALSE,1.146128036
TRUE,verified,43,TRUE,FALSE,30,9,TRUE,2.324282455
FALSE,accepted,0,TRUE,TRUE,25,3,FALSE,1.431363764
FALSE,accepted,0,TRUE,FALSE,23,1,FALSE,0
FALSE,accepted,0,FALSE,TRUE,216,0,FALSE,1.919078092
FALSE,accepted,3,FALSE,FALSE,71,0,FALSE,0.602059991
FALSE,accepted,0,TRUE,TRUE,15,0,FALSE,0.903089987
FALSE,accepted,0,FALSE,FALSE,35,0,FALSE,0
FALSE,accepted,0,FALSE,FALSE,22,0,FALSE,0
TRUE,accepted,0,TRUE,TRUE,142,6,FALSE,0.301029996
FALSE,unreviewed,0,FALSE,TRUE,47,0,FALSE,0
FALSE,accepted,2,TRUE,TRUE,9,2,FALSE,1.785329835
FALSE,unreviewed,0,TRUE,FALSE,54,0,FALSE,0
FALSE,unreviewed,0,FALSE,FALSE,35,0,FALSE,0.301029996
FALSE,accepted,0,TRUE,TRUE,27,0,FALSE,0
TRUE,verified,27,TRUE,TRUE,91,2,TRUE,2.933487288
FALSE,accepted,0,FALSE,FALSE,222,0,FALSE,1.84509804
FALSE,unreviewed,4,TRUE,FALSE,178,0,FALSE,1.785329835
FALSE,unreviewed,0,FALSE,FALSE,42,0,FALSE,0.301029996
FALSE,accepted,0,FALSE,FALSE,17,0,FALSE,1
FALSE,accepted,0,FALSE,FALSE,14,0,FALSE,1.204119983
FALSE,accepted,0,FALSE,FALSE,195,0,FALSE,2.828659897
FALSE,accepted,0,TRUE,TRUE,119,3,FALSE,0.903089987
FALSE,accepted,0,FALSE,FALSE,13,26,FALSE,1.826074803
FALSE,unreviewed,0,TRUE,FALSE,13,0,FALSE,0
FALSE,accepted,0,FALSE,FALSE,71,0,FALSE,0.903089987
FALSE,accepted,0,TRUE,TRUE,44,0,FALSE,0.903089987
FALSE,accepted,0,FALSE,FALSE,21,2,FALSE,1.041392685
TRUE,verified,0,FALSE,FALSE,85,1,TRUE,2.190331698
FALSE,accepted,4,FALSE,TRUE,94,0,FALSE,1.568201724
FALSE,accepted,0,TRUE,FALSE,73,0,FALSE,0.77815125
FALSE,unreviewed,1,FALSE,FALSE,94,0,FALSE,0
FALSE,accepted,0,TRUE,TRUE,25,0,FALSE,1.380211242
FALSE,accepted,3,FALSE,TRUE,93,0,FALSE,0.602059991
FALSE,unreviewed,0,FALSE,FALSE,40,0,FALSE,0.301029996
FALSE,unreviewed,0,FALSE,FALSE,6,0,FALSE,0.301029996
FALSE,accepted,0,FALSE,FALSE,27,1,FALSE,0
FALSE,unreviewed,0,FALSE,FALSE,70,0,FALSE,0
FALSE,accepted,1,FALSE,FALSE,105,1,FALSE,0.77815125
FALSE,accepted,0,FALSE,FALSE,101,0,FALSE,1.544068044
FALSE,accepted,0,TRUE,FALSE,45,0,FALSE,1
FALSE,accepted,3,TRUE,FALSE,104,0,FALSE,1.477121255
FALSE,accepted,0,FALSE,TRUE,42,0,FALSE,1.041392685
FALSE,accepted,0,FALSE,FALSE,36,0,FALSE,0.301029996
FALSE,accepted,1,FALSE,TRUE,76,0,FALSE,1.491361694
FALSE,accepted,0,FALSE,FALSE,45,0,FALSE,0.698970004
FALSE,accepted,1,FALSE,TRUE,83,0,FALSE,1.176091259
FALSE,accepted,0,FALSE,FALSE,26,0,FALSE,0
FALSE,accepted,1,TRUE,TRUE,67,0,FALSE,0.903089987
FALSE,accepted,0,FALSE,FALSE,67,0,FALSE,1
FALSE,accepted,0,FALSE,FALSE,63,0,FALSE,0
FALSE,unreviewed,1,TRUE,TRUE,171,0,FALSE,0.698970004
FALSE,accepted,0,TRUE,TRUE,48,0,FALSE,1.176091259
FALSE,unreviewed,0,TRUE,FALSE,58,0,FALSE,0
FALSE,accepted,3,FALSE,TRUE,331,0,FALSE,2.079181246
TRUE,verified,32,TRUE,TRUE,30,3,TRUE,2.949877704
FALSE,accepted,2,TRUE,TRUE,16,0,FALSE,1.770852012
FALSE,accepted,0,TRUE,FALSE,64,0,FALSE,1.380211242
FALSE,accepted,0,TRUE,FALSE,57,0,FALSE,1.431363764
FALSE,accepted,0,TRUE,TRUE,74,0,FALSE,0
FALSE,accepted,0,FALSE,FALSE,106,0,FALSE,0
TRUE,accepted,3,TRUE,TRUE,84,6,FALSE,1.505149978
FALSE,unreviewed,0,FALSE,FALSE,45,0,FALSE,0.301029996
FALSE,accepted,0,TRUE,FALSE,5,0,FALSE,1.146128036
FALSE,accepted,0,FALSE,FALSE,26,0,FALSE,0
FALSE,unreviewed,1,FALSE,FALSE,70,0,FALSE,0
FALSE,accepted,2,FALSE,TRUE,18,4,FALSE,1.591064607
FALSE,accepted,1,FALSE,FALSE,31,2,FALSE,0.903089987
FALSE,unreviewed,0,FALSE,FALSE,31,0,FALSE,0.698970004
FALSE,accepted,0,TRUE,FALSE,59,0,FALSE,0
FALSE,accepted,0,TRUE,FALSE,38,0,FALSE,2.431363764
FALSE,accepted,2,FALSE,FALSE,78,0,FALSE,1.361727836
FALSE,unreviewed,0,FALSE,FALSE,4,0,FALSE,0
FALSE,accepted,0,TRUE,TRUE,111,0,FALSE,1.204119983
FALSE,accepted,0,FALSE,TRUE,24,1,FALSE,1.146128036
FALSE,accepted,0,FALSE,TRUE,87,1,FALSE,1.204119983
FALSE,accepted,2,FALSE,TRUE,138,1,FALSE,1.505149978
FALSE,accepted,1,TRUE,FALSE,394,0,FALSE,1.643452676
FALSE,accepted,0,TRUE,FALSE,123,0,FALSE,1.612783857
FALSE,accepted,1,TRUE,FALSE,44,0,FALSE,1.301029996
FALSE,accepted,1,FALSE,FALSE,58,0,FALSE,0.903089987
FALSE,unreviewed,1,FALSE,FALSE,15,1,FALSE,0
FALSE,unreviewed,0,FALSE,FALSE,17,0,FALSE,0.477121255
FALSE,accepted,0,FALSE,FALSE,112,0,FALSE,0.301029996
FALSE,accepted,1,TRUE,TRUE,108,3,FALSE,1.977723605
FALSE,unreviewed,0,TRUE,FALSE,43,0,FALSE,1.146128036
FALSE,accepted,0,FALSE,FALSE,82,0,FALSE,0.602059991
FALSE,accepted,2,FALSE,FALSE,46,0,FALSE,0
FALSE,unreviewed,0,FALSE,TRUE,47,0,FALSE,0
FALSE,accepted,2,FALSE,FALSE,65,0,FALSE,1.903089987
FALSE,accepted,0,FALSE,TRUE,9,1,FALSE,1.113943352
FALSE,accepted,0,FALSE,TRUE,54,0,FALSE,1.812913357
FALSE,accepted,2,TRUE,TRUE,32,0,FALSE,1.799340549
FALSE,accepted,2,FALSE,FALSE,82,0,FALSE,1.785329835
FALSE,accepted,0,TRUE,TRUE,45,0,FALSE,0.903089987
FALSE,accepted,0,FALSE,FALSE,25,0,FALSE,0.477121255
FALSE,accepted,1,FALSE,FALSE,167,0,FALSE,1.591064607
FALSE,unreviewed,0,FALSE,FALSE,47,0,FALSE,0
FALSE,accepted,0,FALSE,FALSE,112,0,FALSE,0
FALSE,accepted,1,FALSE,FALSE,111,2,FALSE,1
FALSE,unreviewed,1,TRUE,FALSE,51,0,FALSE,0.477121255
FALSE,accepted,0,TRUE,TRUE,70,0,FALSE,1.301029996
FALSE,accepted,0,TRUE,FALSE,61,0,FALSE,1.72427587
FALSE,accepted,1,FALSE,FALSE,18,2,FALSE,1.491361694
FALSE,unreviewed,1,TRUE,FALSE,103,0,FALSE,0
FALSE,unreviewed,0,FALSE,FALSE,16,0,FALSE,0.477121255
FALSE,accepted,0,FALSE,TRUE,58,1,FALSE,0.903089987
FALSE,unreviewed,0,FALSE,TRUE,36,0,FALSE,0
FALSE,unreviewed,0,FALSE,FALSE,85,0,FALSE,0
FALSE,accepted,0,FALSE,FALSE,97,0,FALSE,0.477121255
FALSE,accepted,0,FALSE,FALSE,44,0,FALSE,0.301029996
FALSE,accepted,0,FALSE,TRUE,101,0,FALSE,1.62324929
FALSE,unreviewed,0,TRUE,FALSE,33,0,FALSE,1.556302501
FALSE,accepted,0,FALSE,TRUE,111,0,FALSE,0
FALSE,accepted,0,FALSE,FALSE,24,0,FALSE,0.301029996
FALSE,accepted,1,TRUE,TRUE,22,1,FALSE,1.505149978
FALSE,accepted,0,FALSE,FALSE,18,0,FALSE,1.041392685
FALSE,accepted,1,FALSE,FALSE,102,0,FALSE,1
FALSE,accepted,0,TRUE,FALSE,19,0,FALSE,0
TRUE,accepted,1,FALSE,FALSE,196,26,FALSE,0.903089987
FALSE,accepted,1,FALSE,FALSE,72,0,FALSE,1.041392685
FALSE,unreviewed,0,FALSE,FALSE,49,0,FALSE,0
FALSE,accepted,0,FALSE,FALSE,44,0,FALSE,0.602059991
FALSE,accepted,0,TRUE,TRUE,215,3,FALSE,2.334453751
FALSE,accepted,1,TRUE,FALSE,50,1,FALSE,0.301029996
FALSE,accepted,0,FALSE,TRUE,46,0,FALSE,1.973127854
FALSE,accepted,0,FALSE,FALSE,27,0,FALSE,0
FALSE,accepted,0,FALSE,FALSE,77,0,FALSE,0
FALSE,accepted,0,TRUE,FALSE,61,0,FALSE,1.146128036
FALSE,accepted,1,TRUE,TRUE,16,0,FALSE,0.954242509
FALSE,unreviewed,0,FALSE,FALSE,33,0,FALSE,0
FALSE,unreviewed,0,FALSE,FALSE,11,0,FALSE,0.477121255
FALSE,unreviewed,0,FALSE,FALSE,55,0,FALSE,0
FALSE,accepted,0,TRUE,FALSE,48,0,FALSE,0.698970004
FALSE,unreviewed,2,FALSE,FALSE,34,0,FALSE,0
FALSE,accepted,0,FALSE,FALSE,25,0,FALSE,0.954242509
FALSE,accepted,0,TRUE,FALSE,42,0,FALSE,1.278753601
FALSE,accepted,1,TRUE,FALSE,76,0,FALSE,1.672097858
FALSE,verified,0,TRUE,TRUE,30,3,FALSE,1.748188027
FALSE,accepted,0,FALSE,FALSE,97,0,FALSE,0.301029996
FALSE,accepted,0,FALSE,FALSE,50,0,FALSE,0.477121255
FALSE,accepted,2,TRUE,FALSE,91,1,FALSE,1.602059991
FALSE,accepted,2,FALSE,FALSE,27,0,FALSE,1.301029996
FALSE,unreviewed,0,FALSE,FALSE,107,0,FALSE,0
FALSE,unreviewed,0,FALSE,FALSE,46,0,FALSE,0
FALSE,accepted,0,FALSE,FALSE,674,0,FALSE,1.176091259
FALSE,accepted,1,TRUE,FALSE,21,0,FALSE,1.954242509
FALSE,accepted,0,FALSE,TRUE,21,0,FALSE,0.77815125
FALSE,accepted,0,FALSE,TRUE,13,4,FALSE,1.672097858
FALSE,unreviewed,1,FALSE,FALSE,54,0,FALSE,0.477121255
FALSE,unreviewed,0,FALSE,FALSE,44,0,FALSE,0
FALSE,unreviewed,0,FALSE,FALSE,70,0,FALSE,0
FALSE,accepted,0,FALSE,TRUE,71,0,FALSE,0.903089987
FALSE,accepted,2,TRUE,TRUE,39,0,FALSE,1.255272505
FALSE,accepted,1,FALSE,FALSE,233,0,FALSE,0.301029996
FALSE,accepted,0,FALSE,TRUE,47,0,FALSE,0
FALSE,accepted,0,FALSE,FALSE,17,0,FALSE,0.301029996
FALSE,accepted,0,FALSE,FALSE,38,0,FALSE,0
FALSE,accepted,2,FALSE,FALSE,49,0,FALSE,1.447158031
FALSE,accepted,0,TRUE,TRUE,68,3,FALSE,1.113943352
FALSE,unreviewed,0,FALSE,FALSE,36,0,FALSE,0
FALSE,unreviewed,1,FALSE,FALSE,11,0,FALSE,0.301029996
FALSE,accepted,0,FALSE,FALSE,47,0,FALSE,1.698970004
FALSE,unreviewed,0,FALSE,FALSE,65,1,FALSE,0
FALSE,accepted,0,FALSE,FALSE,97,0,FALSE,0.602059991
FALSE,accepted,1,FALSE,TRUE,45,3,FALSE,1
FALSE,accepted,0,TRUE,TRUE,81,0,FALSE,0.602059991
FALSE,accepted,0,FALSE,FALSE,51,0,FALSE,1.505149978
FALSE,accepted,0,TRUE,FALSE,38,0,FALSE,0
FALSE,accepted,0,TRUE,FALSE,128,0,FALSE,1.934498451
FALSE,accepted,0,FALSE,FALSE,42,1,FALSE,1.491361694
FALSE,unreviewed,0,FALSE,FALSE,7,0,FALSE,0
FALSE,accepted,0,FALSE,TRUE,2,0,FALSE,0
FALSE,accepted,0,TRUE,TRUE,52,0,FALSE,1.255272505
FALSE,unreviewed,0,TRUE,FALSE,48,0,FALSE,0.301029996
TRUE,verified,19,TRUE,FALSE,25,2,TRUE,3.040206628
FALSE,accepted,0,TRUE,FALSE,46,1,FALSE,0.301029996
FALSE,accepted,0,FALSE,FALSE,97,0,FALSE,1.431363764
FALSE,accepted,0,FALSE,TRUE,27,0,FALSE,1.84509804
FALSE,unreviewed,5,FALSE,FALSE,37,0,FALSE,0
FALSE,accepted,0,TRUE,FALSE,9,0,FALSE,1.230448921
FALSE,accepted,0,FALSE,FALSE,75,0,FALSE,1
FALSE,accepted,0,TRUE,FALSE,8,0,FALSE,1.832508913
FALSE,accepted,0,TRUE,FALSE,79,0,FALSE,0.477121255
FALSE,accepted,0,FALSE,TRUE,8,0,FALSE,0.77815125
FALSE,accepted,1,FALSE,TRUE,124,0,FALSE,0.77815125
FALSE,accepted,0,FALSE,TRUE,267,0,FALSE,1.255272505
FALSE,accepted,1,TRUE,FALSE,37,0,FALSE,1.770852012
FALSE,accepted,0,FALSE,TRUE,48,0,FALSE,0.698970004
FALSE,accepted,9,TRUE,TRUE,99,0,FALSE,1.851258349
FALSE,accepted,1,FALSE,TRUE,49,0,FALSE,0.477121255
FALSE,accepted,0,TRUE,TRUE,50,0,FALSE,1.230448921
FALSE,unreviewed,0,FALSE,FALSE,27,0,FALSE,0.301029996
FALSE,accepted,1,FALSE,FALSE,93,0,FALSE,1.954242509
FALSE,accepted,1,FALSE,TRUE,315,2,FALSE,1.414973348
FALSE,unreviewed,1,TRUE,TRUE,32,0,FALSE,0
FALSE,verified,2,FALSE,TRUE,48,1,FALSE,1.591064607
FALSE,accepted,0,FALSE,FALSE,22,2,FALSE,1.322219295
FALSE,accepted,1,FALSE,TRUE,190,0,FALSE,1
FALSE,accepted,0,FALSE,FALSE,91,0,FALSE,1.968482949
FALSE,accepted,0,TRUE,FALSE,96,0,FALSE,1.079181246
FALSE,accepted,0,FALSE,FALSE,44,0,FALSE,0.301029996
FALSE,accepted,0,FALSE,FALSE,28,0,FALSE,1.69019608
FALSE,accepted,0,TRUE,TRUE,25,0,FALSE,1.612783857
FALSE,unreviewed,1,TRUE,TRUE,241,0,FALSE,0.954242509
FALSE,accepted,0,FALSE,FALSE,22,0,FALSE,0
FALSE,accepted,0,TRUE,TRUE,52,1,FALSE,1.662757832
FALSE,unreviewed,0,TRUE,FALSE,66,0,FALSE,0
FALSE,accepted,1,FALSE,FALSE,43,2,FALSE,0
FALSE,unreviewed,0,FALSE,FALSE,37,0,FALSE,0
FALSE,unreviewed,0,FALSE,FALSE,13,0,FALSE,0
FALSE,accepted,0,FALSE,FALSE,43,1,FALSE,1.230448921
FALSE,accepted,0,FALSE,FALSE,93,1,FALSE,0.77815125
FALSE,accepted,0,TRUE,FALSE,21,0,FALSE,1.799340549
FALSE,accepted,0,TRUE,TRUE,24,0,FALSE,1.230448921
FALSE,accepted,1,FALSE,FALSE,210,0,FALSE,0.698970004
FALSE,accepted,0,TRUE,TRUE,6,2,FALSE,1.73239376
FALSE,unreviewed,0,FALSE,FALSE,14,0,FALSE,0
FALSE,unreviewed,0,FALSE,FALSE,65,0,FALSE,0
FALSE,unreviewed,0,FALSE,FALSE,49,0,FALSE,0
FALSE,accepted,0,FALSE,FALSE,55,0,FALSE,1.255272505
FALSE,accepted,1,FALSE,FALSE,232,0,FALSE,1.041392685
FALSE,accepted,0,FALSE,FALSE,80,0,FALSE,1.72427587
FALSE,accepted,1,TRUE,FALSE,27,0,FALSE,0.77815125
FALSE,accepted,0,FALSE,FALSE,22,0,FALSE,0
FALSE,unreviewed,0,TRUE,TRUE,5,0,FALSE,0
FALSE,accepted,0,TRUE,FALSE,7,0,FALSE,0.84509804
FALSE,accepted,0,FALSE,FALSE,36,0,FALSE,1.716003344
FALSE,accepted,0,TRUE,TRUE,9,0,FALSE,0.84509804
FALSE,accepted,0,FALSE,FALSE,64,2,FALSE,0.77815125
FALSE,accepted,0,FALSE,TRUE,42,0,FALSE,1
FALSE,unreviewed,0,FALSE,FALSE,111,0,FALSE,0
FALSE,accepted,0,FALSE,TRUE,15,0,FALSE,0.301029996
FALSE,accepted,0,TRUE,TRUE,63,0,FALSE,1.86332286
FALSE,accepted,1,TRUE,FALSE,83,0,FALSE,1.204119983
FALSE,accepted,1,FALSE,FALSE,94,0,FALSE,0.698970004
FALSE,accepted,0,TRUE,FALSE,27,1,FALSE,2.212187604
FALSE,accepted,1,FALSE,FALSE,39,0,FALSE,0.477121255
FALSE,accepted,0,FALSE,TRUE,63,0,FALSE,0
FALSE,unreviewed,0,TRUE,FALSE,62,0,FALSE,0.301029996
FALSE,accepted,0,TRUE,FALSE,21,2,FALSE,1.977723605
FALSE,accepted,0,TRUE,TRUE,47,0,FALSE,1.079181246
FALSE,unreviewed,0,FALSE,FALSE,77,0,FALSE,0
FALSE,unreviewed,0,FALSE,FALSE,45,0,FALSE,1
FALSE,accepted,0,FALSE,FALSE,142,0,FALSE,0.301029996
FALSE,unreviewed,0,TRUE,FALSE,193,0,FALSE,0
FALSE,unreviewed,0,TRUE,TRUE,94,0,FALSE,1.230448921
FALSE,accepted,0,FALSE,FALSE,21,0,FALSE,0.602059991
FALSE,accepted,0,TRUE,FALSE,45,1,FALSE,1.176091259
FALSE,accepted,0,TRUE,FALSE,43,0,FALSE,0.954242509
FALSE,accepted,0,FALSE,FALSE,187,2,FALSE,1.230448921
FALSE,accepted,0,FALSE,FALSE,37,0,FALSE,0.698970004
FALSE,accepted,0,FALSE,TRUE,74,0,FALSE,1.568201724
FALSE,verified,0,TRUE,TRUE,40,7,FALSE,0.477121255
FALSE,accepted,2,TRUE,FALSE,43,0,FALSE,1.62324929
FALSE,accepted,0,FALSE,FALSE,49,0,FALSE,2.103803721
FALSE,unreviewed,0,FALSE,FALSE,136,0,FALSE,0.602059991
FALSE,accepted,0,TRUE,TRUE,146,2,FALSE,1.51851394
FALSE,unreviewed,1,FALSE,FALSE,33,0,FALSE,0
FALSE,accepted,0,FALSE,FALSE,56,0,FALSE,0.301029996
FALSE,accepted,0,FALSE,FALSE,52,0,FALSE,0
FALSE,accepted,0,TRUE,FALSE,46,0,FALSE,1.361727836
FALSE,accepted,0,FALSE,FALSE,50,1,FALSE,0.602059991
FALSE,accepted,1,TRUE,FALSE,226,0,FALSE,1.579783597
FALSE,accepted,0,FALSE,FALSE,53,0,FALSE,0.77815125
TRUE,verified,20,FALSE,FALSE,40,2,TRUE,2.206825876
FALSE,accepted,1,FALSE,FALSE,9,0,FALSE,1.62324929
FALSE,accepted,0,FALSE,FALSE,20,0,FALSE,0.477121255
FALSE,accepted,0,TRUE,TRUE,9,2,FALSE,1.431363764
FALSE,accepted,0,FALSE,FALSE,109,0,FALSE,0
FALSE,unreviewed,0,FALSE,FALSE,67,0,FALSE,0
FALSE,accepted,0,FALSE,FALSE,135,0,FALSE,1.447158031
FALSE,accepted,0,TRUE,FALSE,62,0,FALSE,0.301029996
FALSE,unreviewed,0,FALSE,FALSE,5,0,FALSE,0.301029996
FALSE,accepted,1,TRUE,TRUE,9,0,FALSE,1.72427587
FALSE,accepted,0,TRUE,TRUE,72,0,FALSE,0.301029996
FALSE,accepted,1,TRUE,FALSE,43,0,FALSE,2.079181246
FALSE,accepted,0,TRUE,TRUE,49,1,FALSE,1.505149978
TRUE,verified,0,TRUE,TRUE,103,7,TRUE,1.806179974
FALSE,accepted,1,TRUE,FALSE,86,0,FALSE,1.278753601
FALSE,accepted,1,FALSE,FALSE,46,0,FALSE,0.602059991
FALSE,accepted,0,FALSE,FALSE,48,0,FALSE,0
FALSE,accepted,1,FALSE,FALSE,616,0,FALSE,1.230448921
FALSE,accepted,1,FALSE,TRUE,239,2,FALSE,1.414973348
TRUE,verified,19,TRUE,TRUE,119,4,TRUE,2.936010796
FALSE,accepted,4,TRUE,TRUE,165,0,FALSE,2.093421685
FALSE,unreviewed,0,TRUE,FALSE,45,0,FALSE,0
FALSE,accepted,0,FALSE,FALSE,250,0,FALSE,0.954242509
FALSE,accepted,0,FALSE,FALSE,60,0,FALSE,2.320146286
FALSE,unreviewed,0,TRUE,FALSE,51,0,FALSE,0
FALSE,accepted,0,FALSE,FALSE,38,0,FALSE,0.602059991
FALSE,accepted,0,FALSE,FALSE,36,0,FALSE,0.77815125
FALSE,accepted,0,FALSE,FALSE,33,1,FALSE,0
FALSE,accepted,0,FALSE,FALSE,98,0,FALSE,0.602059991
FALSE,accepted,0,FALSE,FALSE,205,0,FALSE,0.602059991
FALSE,accepted,0,TRUE,FALSE,43,0,FALSE,0.602059991
FALSE,accepted,0,FALSE,FALSE,48,0,FALSE,1.041392685
FALSE,unreviewed,1,FALSE,FALSE,35,0,FALSE,0
FALSE,accepted,0,FALSE,FALSE,96,0,FALSE,1.934498451
FALSE,accepted,0,TRUE,FALSE,30,9,FALSE,1.556302501
FALSE,accepted,0,TRUE,TRUE,6,3,FALSE,1.698970004
FALSE,accepted,0,FALSE,TRUE,96,0,FALSE,1.792391689
FALSE,accepted,0,FALSE,FALSE,52,0,FALSE,0
FALSE,unreviewed,0,TRUE,FALSE,44,0,FALSE,0.301029996
FALSE,accepted,1,FALSE,FALSE,49,0,FALSE,0.84509804
FALSE,accepted,0,TRUE,FALSE,31,7,FALSE,0.602059991
FALSE,accepted,0,FALSE,FALSE,87,2,FALSE,1.851258349
FALSE,accepted,2,FALSE,TRUE,78,0,FALSE,2.311753861
FALSE,unreviewed,0,FALSE,FALSE,64,0,FALSE,0
FALSE,accepted,0,TRUE,TRUE,287,0,FALSE,1.880813592
FALSE,accepted,1,TRUE,TRUE,127,0,FALSE,1.556302501
FALSE,accepted,0,FALSE,TRUE,7,1,FALSE,1.491361694
FALSE,unreviewed,1,FALSE,FALSE,48,0,FALSE,0
FALSE,unreviewed,0,FALSE,FALSE,196,0,FALSE,0
FALSE,unreviewed,0,FALSE,FALSE,70,0,FALSE,0.301029996
FALSE,accepted,0,FALSE,TRUE,6,1,FALSE,2.161368002
FALSE,accepted,0,FALSE,FALSE,19,0,FALSE,1.531478917
FALSE,accepted,2,FALSE,FALSE,80,0,FALSE,0
FALSE,accepted,0,FALSE,TRUE,27,3,FALSE,0
FALSE,accepted,0,TRUE,FALSE,45,0,FALSE,0.477121255
FALSE,accepted,0,FALSE,TRUE,43,0,FALSE,1.698970004
FALSE,accepted,1,TRUE,FALSE,42,0,FALSE,1.672097858
FALSE,accepted,0,FALSE,FALSE,143,2,FALSE,0.477121255
FALSE,accepted,1,FALSE,FALSE,412,0,FALSE,1.934498451
FALSE,accepted,0,FALSE,FALSE,48,2,FALSE,1.255272505
TRUE,verified,4,FALSE,TRUE,69,5,TRUE,2.344392274
FALSE,accepted,0,FALSE,FALSE,112,0,FALSE,0
FALSE,accepted,0,FALSE,FALSE,61,0,FALSE,0
FALSE,accepted,0,FALSE,TRUE,108,0,FALSE,1.255272505
FALSE,accepted,1,TRUE,FALSE,107,0,FALSE,1.477121255
FALSE,unreviewed,0,FALSE,FALSE,53,0,FALSE,0
FALSE,accepted,0,TRUE,FALSE,111,0,FALSE,1.86923172
FALSE,accepted,0,FALSE,TRUE,29,0,FALSE,0.954242509
FALSE,accepted,0,TRUE,TRUE,77,0,FALSE,1.113943352
FALSE,accepted,0,FALSE,TRUE,166,1,FALSE,1.662757832
FALSE,accepted,1,TRUE,FALSE,92,0,FALSE,1.477121255
FALSE,verified,0,TRUE,FALSE,45,4,FALSE,1.278753601
FALSE,accepted,0,TRUE,TRUE,14,0,FALSE,2.235528447
FALSE,accepted,0,FALSE,FALSE,39,0,FALSE,0.903089987
FALSE,unreviewed,1,FALSE,FALSE,5,0,FALSE,0
TRUE,verified,2,FALSE,FALSE,79,3,TRUE,3.031812271
FALSE,accepted,0,FALSE,FALSE,40,1,FALSE,0
FALSE,accepted,2,TRUE,FALSE,72,1,FALSE,1.755874856
FALSE,unreviewed,0,FALSE,FALSE,21,0,FALSE,0
FALSE,unreviewed,0,FALSE,FALSE,121,0,FALSE,0
FALSE,accepted,1,TRUE,FALSE,42,0,FALSE,0.84509804
FALSE,accepted,1,FALSE,FALSE,86,0,FALSE,1.491361694
FALSE,accepted,0,FALSE,TRUE,119,0,FALSE,0.84509804
FALSE,accepted,0,FALSE,FALSE,44,0,FALSE,0
FALSE,accepted,0,FALSE,FALSE,21,0,FALSE,0.954242509
TRUE,verified,0,TRUE,TRUE,56,4,TRUE,1.763427994
FALSE,unreviewed,0,FALSE,FALSE,37,0,FALSE,0
TRUE,verified,38,TRUE,FALSE,47,9,TRUE,2.827369273
FALSE,accepted,1,FALSE,TRUE,38,0,FALSE,1.556302501
FALSE,accepted,0,FALSE,TRUE,45,0,FALSE,2.086359831
FALSE,accepted,1,FALSE,FALSE,76,0,FALSE,0.698970004
FALSE,unreviewed,0,FALSE,FALSE,35,0,FALSE,0.477121255
TRUE,verified,2,FALSE,TRUE,19,5,TRUE,2.250420002
FALSE,accepted,0,TRUE,TRUE,83,0,FALSE,1.934498451
FALSE,unreviewed,0,FALSE,FALSE,80,0,FALSE,0
FALSE,unreviewed,0,FALSE,FALSE,51,0,FALSE,0
TRUE,accepted,11,FALSE,FALSE,169,2,FALSE,2.149219113
FALSE,accepted,0,TRUE,FALSE,40,0,FALSE,0.698970004
FALSE,accepted,1,TRUE,FALSE,31,3,FALSE,1.322219295
TRUE,verified,4,TRUE,FALSE,116,7,TRUE,2.012837225
FALSE,accepted,0,TRUE,TRUE,44,4,FALSE,1.230448921
FALSE,accepted,0,FALSE,TRUE,101,0,FALSE,1.447158031
FALSE,accepted,1,FALSE,FALSE,46,0,FALSE,0
FALSE,unreviewed,0,FALSE,FALSE,31,0,FALSE,0
FALSE,accepted,0,TRUE,FALSE,18,0,FALSE,1.204119983
FALSE,accepted,0,TRUE,TRUE,49,0,FALSE,2.305351369
FALSE,accepted,0,FALSE,TRUE,53,0,FALSE,0.301029996
FALSE,unreviewed,0,FALSE,FALSE,166,0,FALSE,0
FALSE,accepted,1,FALSE,TRUE,80,0,FALSE,1.556302501
FALSE,accepted,1,TRUE,FALSE,33,2,FALSE,1.908485019
FALSE,accepted,0,TRUE,FALSE,51,2,FALSE,2.423245874
FALSE,accepted,0,TRUE,FALSE,40,0,FALSE,2.113943352
FALSE,accepted,0,FALSE,FALSE,116,0,FALSE,0.77815125
FALSE,accepted,0,FALSE,FALSE,56,0,FALSE,0
FALSE,accepted,0,FALSE,FALSE,37,0,FALSE,1
TRUE,verified,40,TRUE,TRUE,156,1,TRUE,2.871572936
FALSE,accepted,1,FALSE,FALSE,46,0,FALSE,0.84509804
FALSE,unreviewed,0,FALSE,FALSE,27,0,FALSE,0
TRUE,verified,2,TRUE,TRUE,52,7,TRUE,1.653212514
FALSE,accepted,2,FALSE,FALSE,110,2,FALSE,2.330413773
TRUE,verified,1,TRUE,FALSE,45,4,TRUE,1.414973348
FALSE,accepted,0,TRUE,TRUE,25,0,FALSE,1.568201724
FALSE,accepted,0,FALSE,FALSE,13,0,FALSE,0
FALSE,accepted,1,TRUE,FALSE,52,0,FALSE,1.079181246
FALSE,accepted,1,FALSE,FALSE,41,2,FALSE,1.322219295
FALSE,accepted,0,TRUE,FALSE,37,0,FALSE,1.146128036
FALSE,accepted,2,FALSE,TRUE,64,1,FALSE,1.204119983
FALSE,accepted,1,FALSE,FALSE,34,0,FALSE,1.462397998
FALSE,accepted,0,FALSE,FALSE,15,1,FALSE,0.698970004
FALSE,accepted,0,FALSE,FALSE,28,0,FALSE,1.079181246
FALSE,accepted,0,FALSE,FALSE,20,0,FALSE,1.322219295
FALSE,unreviewed,0,FALSE,FALSE,69,0,FALSE,0
FALSE,accepted,0,TRUE,TRUE,40,4,FALSE,1.568201724
FALSE,accepted,0,FALSE,TRUE,30,0,FALSE,0.84509804
FALSE,accepted,0,FALSE,TRUE,7,0,FALSE,0
FALSE,accepted,0,FALSE,TRUE,51,0,FALSE,0
FALSE,accepted,0,TRUE,FALSE,6,0,FALSE,1.255272505
FALSE,accepted,0,FALSE,FALSE,16,0,FALSE,0.301029996
FALSE,accepted,0,FALSE,FALSE,42,1,FALSE,0.301029996
FALSE,accepted,0,FALSE,FALSE,102,2,FALSE,1.62324929
FALSE,accepted,0,FALSE,FALSE,122,0,FALSE,0.84509804
FALSE,unreviewed,0,FALSE,FALSE,44,0,FALSE,0.301029996
FALSE,accepted,2,TRUE,TRUE,103,0,FALSE,1
FALSE,accepted,0,FALSE,TRUE,21,0,FALSE,1.301029996
FALSE,accepted,0,TRUE,FALSE,60,2,FALSE,1.62324929
TRUE,verified,60,TRUE,TRUE,17,3,TRUE,2.979548375
FALSE,accepted,1,TRUE,FALSE,100,0,FALSE,1.643452676
FALSE,accepted,0,TRUE,TRUE,28,0,FALSE,1.653212514
FALSE,accepted,0,TRUE,TRUE,119,4,FALSE,1.301029996
FALSE,accepted,4,TRUE,FALSE,57,0,FALSE,1.113943352
TRUE,verified,8,TRUE,TRUE,55,3,TRUE,2.428134794
FALSE,accepted,0,FALSE,TRUE,28,4,FALSE,2.041392685
FALSE,accepted,0,FALSE,FALSE,54,0,FALSE,1.716003344
FALSE,accepted,0,FALSE,FALSE,75,2,FALSE,0.602059991
FALSE,accepted,0,TRUE,TRUE,41,0,FALSE,1
FALSE,accepted,0,TRUE,TRUE,56,0,FALSE,1.86332286
FALSE,accepted,0,TRUE,TRUE,17,3,FALSE,1.146128036
FALSE,accepted,1,FALSE,FALSE,109,0,FALSE,0.477121255
FALSE,accepted,10,TRUE,TRUE,339,0,FALSE,1.84509804
FALSE,unreviewed,0,FALSE,FALSE,32,0,FALSE,0
FALSE,accepted,0,FALSE,FALSE,139,0,FALSE,1.230448921
FALSE,accepted,0,FALSE,FALSE,29,0,FALSE,1.041392685
FALSE,accepted,1,FALSE,TRUE,47,0,FALSE,0.602059991
FALSE,accepted,2,TRUE,TRUE,103,0,FALSE,1.812913357
FALSE,unreviewed,0,FALSE,FALSE,22,0,FALSE,0
FALSE,accepted,0,FALSE,FALSE,148,0,FALSE,1.230448921
FALSE,accepted,0,FALSE,FALSE,107,0,FALSE,1.69019608
FALSE,accepted,0,FALSE,TRUE,93,5,FALSE,2.103803721
FALSE,accepted,0,TRUE,TRUE,55,0,FALSE,0.301029996
FALSE,accepted,0,FALSE,FALSE,24,0,FALSE,0
FALSE,unreviewed,0,FALSE,FALSE,41,0,FALSE,0
FALSE,accepted,0,FALSE,TRUE,22,0,FALSE,0
FALSE,accepted,0,FALSE,TRUE,165,1,FALSE,1.949390007
FALSE,accepted,0,FALSE,FALSE,146,0,FALSE,1.041392685
FALSE,accepted,0,FALSE,FALSE,30,0,FALSE,0.301029996
FALSE,unreviewed,0,FALSE,FALSE,30,0,FALSE,0.698970004
FALSE,accepted,0,FALSE,FALSE,126,0,FALSE,1.69019608
FALSE,accepted,0,FALSE,FALSE,69,0,FALSE,1.748188027
FALSE,accepted,0,FALSE,FALSE,148,0,FALSE,0.301029996
FALSE,accepted,3,TRUE,FALSE,85,0,FALSE,2.369215857
FALSE,accepted,0,FALSE,TRUE,17,0,FALSE,0
FALSE,accepted,0,FALSE,TRUE,101,0,FALSE,0.602059991
FALSE,accepted,1,FALSE,TRUE,19,0,FALSE,0.903089987
FALSE,accepted,2,FALSE,TRUE,189,0,FALSE,1.672097858
FALSE,accepted,1,TRUE,FALSE,42,0,FALSE,0.903089987
FALSE,accepted,1,TRUE,TRUE,46,3,FALSE,1.146128036
FALSE,accepted,1,TRUE,FALSE,58,0,FALSE,1.361727836
FALSE,accepted,1,FALSE,FALSE,108,0,FALSE,1.806179974
FALSE,accepted,1,FALSE,FALSE,187,0,FALSE,2.235528447
FALSE,unreviewed,1,TRUE,FALSE,102,0,FALSE,1.176091259
TRUE,verified,10,FALSE,TRUE,89,1,TRUE,3.01745073
FALSE,unreviewed,0,TRUE,FALSE,57,0,FALSE,0
FALSE,unreviewed,0,FALSE,FALSE,10,0,FALSE,0.477121255
FALSE,accepted,0,FALSE,TRUE,42,0,FALSE,0
FALSE,accepted,1,FALSE,TRUE,41,0,FALSE,1.322219295
FALSE,accepted,2,FALSE,FALSE,50,0,FALSE,1
FALSE,accepted,0,FALSE,FALSE,50,0,FALSE,1.322219295
FALSE,accepted,0,TRUE,TRUE,48,2,FALSE,1.892094603
FALSE,accepted,0,TRUE,FALSE,89,0,FALSE,1.301029996
FALSE,unreviewed,0,FALSE,FALSE,38,0,FALSE,0
FALSE,unreviewed,0,TRUE,FALSE,19,0,FALSE,0
FALSE,accepted,0,FALSE,FALSE,249,0,FALSE,0.698970004
FALSE,accepted,0,FALSE,FALSE,29,0,FALSE,0.301029996
FALSE,accepted,1,TRUE,TRUE,7,0,FALSE,1.361727836
FALSE,accepted,0,FALSE,FALSE,52,0,FALSE,0.477121255
FALSE,accepted,1,TRUE,TRUE,149,0,FALSE,1.113943352
FALSE,accepted,1,FALSE,FALSE,25,0,FALSE,1.556302501
FALSE,accepted,2,TRUE,TRUE,20,3,FALSE,2.130333768
FALSE,accepted,1,TRUE,TRUE,271,0,FALSE,1.897627091
FALSE,accepted,0,TRUE,FALSE,101,0,FALSE,1.698970004
FALSE,accepted,0,FALSE,FALSE,55,0,FALSE,0.301029996
FALSE,unreviewed,0,FALSE,FALSE,35,0,FALSE,0
FALSE,accepted,0,TRUE,FALSE,65,0,FALSE,0.77815125
FALSE,accepted,5,FALSE,TRUE,47,0,FALSE,1.851258349
FALSE,accepted,1,FALSE,FALSE,38,0,FALSE,0.477121255
FALSE,accepted,1,TRUE,TRUE,95,0,FALSE,2.100370545
FALSE,accepted,0,TRUE,FALSE,29,0,FALSE,0.77815125
FALSE,accepted,1,TRUE,FALSE,17,1,FALSE,1.176091259
FALSE,accepted,0,TRUE,TRUE,27,4,FALSE,0
FALSE,accepted,0,FALSE,TRUE,57,0,FALSE,0
FALSE,unreviewed,0,FALSE,FALSE,15,0,FALSE,0
FALSE,accepted,0,TRUE,TRUE,70,0,FALSE,1.301029996
FALSE,accepted,4,FALSE,FALSE,202,0,FALSE,1.73239376
FALSE,accepted,4,TRUE,FALSE,53,1,FALSE,1.301029996
FALSE,accepted,0,FALSE,TRUE,62,0,FALSE,0.698970004
FALSE,unreviewed,0,FALSE,FALSE,55,0,FALSE,0
FALSE,accepted,0,FALSE,FALSE,44,0,FALSE,0.602059991
FALSE,accepted,0,FALSE,TRUE,42,0,FALSE,0
FALSE,unreviewed,0,FALSE,FALSE,57,0,FALSE,0
FALSE,accepted,0,FALSE,FALSE,21,1,FALSE,1.361727836
FALSE,unreviewed,0,FALSE,FALSE,25,0,FALSE,0
FALSE,unreviewed,0,FALSE,FALSE,7,0,FALSE,0
FALSE,unreviewed,0,FALSE,FALSE,37,0,FALSE,0
FALSE,accepted,1,TRUE,TRUE,31,2,FALSE,1.755874856
FALSE,unreviewed,0,TRUE,FALSE,99,0,FALSE,0.77815125
TRUE,verified,1,FALSE,FALSE,416,1,TRUE,2.012837225
FALSE,accepted,0,FALSE,TRUE,31,1,FALSE,1.851258349
FALSE,accepted,0,FALSE,FALSE,40,0,FALSE,1.113943352
FALSE,accepted,0,FALSE,FALSE,39,0,FALSE,0
FALSE,accepted,0,TRUE,FALSE,61,0,FALSE,1.322219295
FALSE,accepted,2,FALSE,FALSE,59,0,FALSE,1.579783597
FALSE,accepted,1,TRUE,TRUE,50,0,FALSE,1.447158031
FALSE,accepted,3,FALSE,FALSE,93,1,FALSE,1.857332496
FALSE,unreviewed,1,FALSE,FALSE,250,0,FALSE,0.301029996
FALSE,accepted,3,TRUE,TRUE,45,4,FALSE,2.527629901
TRUE,verified,31,TRUE,TRUE,38,3,TRUE,2.541579244
FALSE,accepted,0,TRUE,TRUE,22,0,FALSE,0.698970004
FALSE,unreviewed,0,FALSE,FALSE,38,0,FALSE,0
FALSE,accepted,0,FALSE,TRUE,85,0,FALSE,1.544068044
FALSE,accepted,0,TRUE,FALSE,42,0,FALSE,1.301029996
FALSE,accepted,0,FALSE,FALSE,186,0,FALSE,1.986771734
FALSE,accepted,0,FALSE,TRUE,65,0,FALSE,1.431363764
FALSE,accepted,0,FALSE,FALSE,30,0,FALSE,0
FALSE,accepted,0,TRUE,TRUE,17,0,FALSE,0.602059991
FALSE,accepted,0,TRUE,FALSE,48,2,FALSE,2.492760389
FALSE,accepted,0,TRUE,FALSE,44,0,FALSE,0.477121255
FALSE,unreviewed,0,TRUE,FALSE,45,0,FALSE,0.301029996
FALSE,accepted,2,TRUE,FALSE,36,0,FALSE,0.602059991
FALSE,unreviewed,0,FALSE,FALSE,53,0,FALSE,0
FALSE,unreviewed,0,FALSE,TRUE,66,0,FALSE,0
FALSE,unreviewed,0,FALSE,FALSE,31,0,FALSE,0
FALSE,accepted,0,FALSE,FALSE,96,0,FALSE,2.113943352
TRUE,verified,4,FALSE,FALSE,107,3,TRUE,2.752816431
FALSE,accepted,2,FALSE,FALSE,87,0,FALSE,1.041392685
FALSE,accepted,0,FALSE,TRUE,39,0,FALSE,0.477121255
FALSE,accepted,2,FALSE,FALSE,47,0,FALSE,0
FALSE,accepted,3,FALSE,TRUE,96,0,FALSE,2.1430148
FALSE,accepted,0,FALSE,FALSE,25,0,FALSE,0
FALSE,accepted,9,TRUE,TRUE,288,0,FALSE,2.173186268
FALSE,accepted,0,TRUE,TRUE,27,0,FALSE,0.84509804
FALSE,accepted,0,FALSE,TRUE,96,0,FALSE,0.903089987
FALSE,accepted,0,FALSE,FALSE,31,0,FALSE,0.602059991
FALSE,accepted,0,FALSE,FALSE,244,0,FALSE,0
FALSE,accepted,0,TRUE,FALSE,17,0,FALSE,0.301029996
FALSE,verified,2,TRUE,TRUE,21,2,FALSE,1.477121255
FALSE,accepted,0,FALSE,TRUE,127,0,FALSE,1.857332496
FALSE,accepted,0,TRUE,TRUE,58,0,FALSE,0.477121255
FALSE,unreviewed,0,FALSE,FALSE,44,0,FALSE,0
TRUE,verified,43,FALSE,TRUE,48,1,TRUE,2.895422546
FALSE,accepted,0,FALSE,FALSE,18,0,FALSE,1
FALSE,accepted,0,TRUE,FALSE,77,0,FALSE,1.230448921
FALSE,accepted,2,FALSE,TRUE,116,0,FALSE,0
FALSE,accepted,0,TRUE,TRUE,61,0,FALSE,1.431363764
FALSE,accepted,0,TRUE,FALSE,52,0,FALSE,1.079181246
FALSE,accepted,2,FALSE,TRUE,265,2,FALSE,1.544068044
FALSE,accepted,3,FALSE,FALSE,24,0,FALSE,1.716003344
FALSE,accepted,1,FALSE,FALSE,153,0,FALSE,1.204119983
FALSE,accepted,2,FALSE,TRUE,112,0,FALSE,1.414973348
FALSE,accepted,0,FALSE,FALSE,62,2,FALSE,1.278753601
FALSE,accepted,0,TRUE,FALSE,33,1,FALSE,1.505149978
FALSE,accepted,1,FALSE,FALSE,35,0,FALSE,0.477121255
FALSE,accepted,0,TRUE,FALSE,23,0,FALSE,0
FALSE,accepted,0,FALSE,FALSE,49,0,FALSE,0
FALSE,accepted,4,FALSE,FALSE,129,0,FALSE,1.755874856
FALSE,accepted,0,FALSE,FALSE,44,0,FALSE,0.84509804
FALSE,accepted,1,FALSE,FALSE,45,1,FALSE,0.301029996
FALSE,accepted,1,TRUE,FALSE,55,0,FALSE,0.477121255
FALSE,accepted,0,FALSE,FALSE,115,0,FALSE,1.531478917
FALSE,accepted,0,FALSE,FALSE,13,0,FALSE,1.176091259
FALSE,accepted,0,FALSE,FALSE,51,0,FALSE,0.477121255
FALSE,accepted,1,TRUE,TRUE,66,4,FALSE,0.698970004
FALSE,accepted,3,FALSE,TRUE,30,1,FALSE,1.491361694
FALSE,accepted,0,FALSE,FALSE,25,0,FALSE,0.301029996
FALSE,accepted,0,FALSE,TRUE,29,0,FALSE,0.903089987
FALSE,accepted,1,FALSE,FALSE,16,2,FALSE,1.69019608
FALSE,unreviewed,2,TRUE,TRUE,44,0,FALSE,1.792391689
FALSE,accepted,0,FALSE,FALSE,60,0,FALSE,1.146128036
FALSE,accepted,0,FALSE,FALSE,54,0,FALSE,1.230448921
FALSE,accepted,0,FALSE,FALSE,62,0,FALSE,0
FALSE,accepted,0,TRUE,FALSE,136,0,FALSE,0.602059991
FALSE,accepted,0,TRUE,FALSE,74,1,FALSE,1.591064607
FALSE,accepted,0,FALSE,TRUE,10,2,FALSE,2.181843588
FALSE,accepted,0,FALSE,FALSE,56,0,FALSE,0.84509804
FALSE,accepted,0,TRUE,FALSE,25,0,FALSE,1.748188027
FALSE,unreviewed,0,FALSE,FALSE,42,0,FALSE,0.301029996
FALSE,accepted,0,TRUE,TRUE,36,3,FALSE,1.505149978
FALSE,accepted,0,TRUE,TRUE,20,0,FALSE,1.204119983
FALSE,unreviewed,0,TRUE,FALSE,121,0,FALSE,0
FALSE,accepted,0,FALSE,FALSE,143,0,FALSE,1.770852012
FALSE,accepted,0,FALSE,FALSE,52,0,FALSE,1.361727836
FALSE,accepted,0,FALSE,FALSE,152,0,FALSE,0.77815125
FALSE,accepted,0,FALSE,FALSE,29,0,FALSE,0.903089987
FALSE,accepted,0,TRUE,FALSE,196,0,FALSE,1.230448921
TRUE,verified,4,TRUE,FALSE,57,4,TRUE,1.770852012
TRUE,verified,6,TRUE,FALSE,6,3,TRUE,2.45331834
FALSE,unreviewed,0,FALSE,FALSE,128,0,FALSE,0.301029996
FALSE,accepted,1,TRUE,TRUE,32,0,FALSE,0.84509804
FALSE,unreviewed,0,FALSE,FALSE,39,0,FALSE,0
FALSE,accepted,2,TRUE,TRUE,67,0,FALSE,0.698970004
FALSE,unreviewed,0,FALSE,FALSE,102,0,FALSE,0.477121255
FALSE,accepted,0,FALSE,FALSE,53,2,FALSE,1.041392685
FALSE,accepted,1,FALSE,FALSE,52,1,FALSE,1.230448921
FALSE,accepted,1,TRUE,FALSE,42,0,FALSE,0
FALSE,accepted,0,FALSE,TRUE,39,0,FALSE,1.414973348
FALSE,accepted,2,FALSE,FALSE,326,1,FALSE,1.954242509
FALSE,unreviewed,0,FALSE,FALSE,24,0,FALSE,0
TRUE,accepted,0,FALSE,FALSE,93,26,FALSE,0.698970004
FALSE,accepted,1,FALSE,FALSE,123,0,FALSE,0.84509804
FALSE,accepted,0,FALSE,FALSE,36,0,FALSE,1.748188027
FALSE,accepted,0,TRUE,FALSE,140,0,FALSE,1.278753601
FALSE,unreviewed,0,FALSE,TRUE,3,0,FALSE,0
FALSE,accepted,0,FALSE,TRUE,25,2,FALSE,1.462397998
FALSE,unreviewed,1,TRUE,FALSE,52,0,FALSE,0
FALSE,accepted,0,TRUE,TRUE,53,0,FALSE,2.298853076
FALSE,accepted,0,FALSE,FALSE,36,0,FALSE,0.477121255
FALSE,accepted,0,TRUE,TRUE,40,0,FALSE,1.342422681
FALSE,unreviewed,0,FALSE,FALSE,107,0,FALSE,0
FALSE,unreviewed,0,FALSE,FALSE,87,0,FALSE,0
FALSE,unreviewed,1,TRUE,FALSE,37,0,FALSE,0.698970004
FALSE,accepted,0,FALSE,FALSE,128,0,FALSE,0
FALSE,accepted,0,TRUE,TRUE,145,3,FALSE,1.73239376
FALSE,accepted,0,TRUE,TRUE,9,0,FALSE,1.698970004
FALSE,accepted,0,FALSE,FALSE,28,0,FALSE,0
FALSE,accepted,0,TRUE,FALSE,58,0,FALSE,1.707570176
FALSE,accepted,0,TRUE,FALSE,49,0,FALSE,0.477121255
FALSE,accepted,0,TRUE,FALSE,86,0,FALSE,1.380211242
FALSE,accepted,0,FALSE,FALSE,54,0,FALSE,1.491361694
FALSE,accepted,0,FALSE,TRUE,30,0,FALSE,1.146128036
FALSE,accepted,0,FALSE,FALSE,100,0,FALSE,0
FALSE,accepted,0,TRUE,FALSE,47,0,FALSE,0
FALSE,accepted,0,TRUE,FALSE,33,2,FALSE,0.301029996
TRUE,verified,17,TRUE,FALSE,20,9,TRUE,2.136720567
FALSE,accepted,0,FALSE,FALSE,89,0,FALSE,0.301029996
FALSE,accepted,0,FALSE,TRUE,63,0,FALSE,1.633468456
FALSE,accepted,0,TRUE,FALSE,37,0,FALSE,1.995635195
FALSE,accepted,0,FALSE,TRUE,26,0,FALSE,0.301029996
FALSE,accepted,0,FALSE,TRUE,48,0,FALSE,0.477121255
FALSE,accepted,1,FALSE,FALSE,41,0,FALSE,0.698970004
FALSE,accepted,9,TRUE,TRUE,79,0,FALSE,1.462397998
FALSE,accepted,0,TRUE,FALSE,79,0,FALSE,2.390935107
FALSE,accepted,0,TRUE,TRUE,57,0,FALSE,0.602059991
TRUE,verified,0,TRUE,FALSE,21,1,TRUE,2.037426498
FALSE,accepted,0,FALSE,TRUE,40,0,FALSE,0
FALSE,accepted,0,FALSE,FALSE,68,0,FALSE,1.431363764
FALSE,unreviewed,0,FALSE,FALSE,32,0,FALSE,0
FALSE,unreviewed,0,FALSE,FALSE,303,1,FALSE,0
FALSE,unreviewed,0,FALSE,FALSE,304,0,FALSE,0
FALSE,accepted,3,TRUE,TRUE,55,1,FALSE,1.62324929
FALSE,accepted,0,FALSE,FALSE,116,0,FALSE,0.477121255
FALSE,accepted,0,TRUE,FALSE,74,0,FALSE,1.662757832
FALSE,accepted,1,FALSE,TRUE,20,0,FALSE,2.324282455
FALSE,accepted,0,FALSE,FALSE,44,0,FALSE,1.342422681
FALSE,accepted,1,TRUE,FALSE,252,0,FALSE,0
FALSE,accepted,0,FALSE,FALSE,42,0,FALSE,1.832508913
FALSE,accepted,0,FALSE,TRUE,33,0,FALSE,0.602059991
FALSE,accepted,0,FALSE,FALSE,45,26,FALSE,1.113943352
FALSE,accepted,0,FALSE,FALSE,86,0,FALSE,1.255272505
FALSE,accepted,0,TRUE,FALSE,61,0,FALSE,0.84509804
FALSE,unreviewed,0,FALSE,FALSE,46,0,FALSE,0.903089987
FALSE,unreviewed,1,FALSE,FALSE,41,0,FALSE,0
FALSE,unreviewed,0,TRUE,FALSE,98,0,FALSE,0
FALSE,accepted,4,FALSE,FALSE,88,0,FALSE,1.698970004
FALSE,accepted,1,TRUE,FALSE,59,0,FALSE,1.301029996
FALSE,accepted,0,FALSE,TRUE,46,0,FALSE,1
FALSE,unreviewed,0,FALSE,FALSE,25,0,FALSE,0.301029996
TRUE,verified,21,TRUE,FALSE,45,9,TRUE,2.498310554
FALSE,accepted,0,FALSE,FALSE,78,0,FALSE,2.064457989
FALSE,unreviewed,0,FALSE,FALSE,79,0,FALSE,0.602059991
FALSE,accepted,0,TRUE,TRUE,18,0,FALSE,1.230448921
FALSE,accepted,0,TRUE,TRUE,43,0,FALSE,1.301029996
FALSE,accepted,0,FALSE,FALSE,58,0,FALSE,1.531478917
FALSE,accepted,0,FALSE,FALSE,50,0,FALSE,0
FALSE,unreviewed,3,FALSE,FALSE,151,0,FALSE,1.505149978
FALSE,unreviewed,1,FALSE,FALSE,39,0,FALSE,0
FALSE,accepted,0,TRUE,TRUE,47,0,FALSE,0
FALSE,accepted,1,TRUE,TRUE,53,0,FALSE,0.477121255
FALSE,unreviewed,0,FALSE,TRUE,114,0,FALSE,0
FALSE,unreviewed,0,FALSE,FALSE,69,0,FALSE,0
FALSE,accepted,0,FALSE,TRUE,54,0,FALSE,0
FALSE,unreviewed,0,FALSE,FALSE,42,0,FALSE,0
FALSE,accepted,0,FALSE,FALSE,37,0,FALSE,1.462397998
FALSE,accepted,0,FALSE,FALSE,297,0,FALSE,0.77815125
FALSE,verified,1,TRUE,FALSE,19,4,FALSE,1.924279286
FALSE,accepted,1,FALSE,FALSE,49,0,FALSE,0.77815125
FALSE,unreviewed,1,FALSE,FALSE,46,0,FALSE,0
FALSE,accepted,1,TRUE,FALSE,28,0,FALSE,0.954242509
FALSE,accepted,0,FALSE,TRUE,25,0,FALSE,0.301029996
FALSE,accepted,0,TRUE,FALSE,184,0,FALSE,2.012837225
FALSE,accepted,0,FALSE,FALSE,18,0,FALSE,1.278753601
FALSE,unreviewed,1,FALSE,FALSE,16,0,FALSE,0
FALSE,accepted,0,FALSE,FALSE,52,0,FALSE,0.301029996
FALSE,accepted,0,TRUE,TRUE,39,0,FALSE,0.954242509
FALSE,accepted,0,FALSE,FALSE,21,0,FALSE,0.301029996
FALSE,accepted,0,FALSE,FALSE,45,0,FALSE,0
FALSE,accepted,0,FALSE,FALSE,69,0,FALSE,1.491361694
FALSE,accepted,0,TRUE,FALSE,13,0,FALSE,1
FALSE,accepted,0,TRUE,FALSE,64,0,FALSE,0.477121255
FALSE,accepted,0,FALSE,FALSE,53,0,FALSE,1.176091259
FALSE,unreviewed,0,FALSE,FALSE,59,0,FALSE,0.602059991
FALSE,unreviewed,0,FALSE,FALSE,51,0,FALSE,0
FALSE,accepted,0,TRUE,FALSE,32,0,FALSE,2.152288344
FALSE,accepted,0,TRUE,FALSE,37,2,FALSE,1.819543936
FALSE,accepted,0,FALSE,FALSE,16,2,FALSE,1.301029996
FALSE,accepted,1,FALSE,TRUE,21,2,FALSE,2.149219113
FALSE,unreviewed,0,FALSE,FALSE,21,0,FALSE,0
FALSE,unreviewed,0,TRUE,FALSE,41,0,FALSE,0
FALSE,accepted,0,FALSE,FALSE,113,0,FALSE,0
TRUE,verified,3,FALSE,TRUE,163,2,TRUE,2.5132176
FALSE,accepted,0,FALSE,TRUE,17,0,FALSE,1.431363764
FALSE,accepted,0,FALSE,FALSE,82,0,FALSE,0.602059991
FALSE,accepted,0,FALSE,FALSE,26,0,FALSE,0.301029996
FALSE,accepted,1,FALSE,FALSE,43,0,FALSE,0
FALSE,accepted,0,TRUE,TRUE,15,0,FALSE,1.361727836
FALSE,accepted,0,FALSE,FALSE,63,2,FALSE,1.431363764
FALSE,accepted,0,TRUE,TRUE,50,0,FALSE,1.079181246
FALSE,unreviewed,0,FALSE,FALSE,36,0,FALSE,0
FALSE,accepted,0,FALSE,FALSE,52,0,FALSE,0
FALSE,accepted,0,TRUE,FALSE,82,0,FALSE,1.819543936
FALSE,accepted,0,FALSE,FALSE,165,0,FALSE,2.376576957
FALSE,accepted,0,TRUE,TRUE,62,4,FALSE,0.84509804
FALSE,accepted,3,FALSE,FALSE,45,0,FALSE,1.146128036
FALSE,accepted,1,TRUE,FALSE,113,0,FALSE,0.903089987
FALSE,accepted,2,FALSE,FALSE,26,0,FALSE,0.602059991
FALSE,accepted,2,TRUE,TRUE,72,0,FALSE,1.491361694
FALSE,accepted,0,FALSE,TRUE,34,0,FALSE,0
FALSE,unreviewed,0,FALSE,TRUE,40,0,FALSE,0.301029996
FALSE,accepted,0,TRUE,FALSE,137,0,FALSE,1
FALSE,accepted,0,FALSE,FALSE,43,0,FALSE,0.477121255
FALSE,accepted,0,FALSE,FALSE,97,0,FALSE,1.322219295
FALSE,accepted,2,FALSE,FALSE,206,0,FALSE,0.602059991
FALSE,accepted,0,FALSE,TRUE,51,0,FALSE,0.602059991
FALSE,accepted,0,TRUE,FALSE,49,3,FALSE,1.361727836
FALSE,accepted,0,FALSE,FALSE,168,0,FALSE,1.278753601
FALSE,accepted,1,FALSE,FALSE,21,0,FALSE,0.903089987
FALSE,unreviewed,0,TRUE,FALSE,36,0,FALSE,0
FALSE,unreviewed,0,FALSE,FALSE,45,1,FALSE,0.301029996
FALSE,accepted,11,TRUE,TRUE,188,0,FALSE,2.385606274
FALSE,accepted,0,TRUE,TRUE,19,0,FALSE,1.079181246
FALSE,accepted,0,FALSE,TRUE,42,0,FALSE,1.322219295
FALSE,accepted,0,TRUE,FALSE,41,0,FALSE,0
FALSE,accepted,0,FALSE,TRUE,15,0,FALSE,0
FALSE,accepted,0,FALSE,FALSE,45,0,FALSE,2.086359831
FALSE,unreviewed,0,FALSE,FALSE,9,0,FALSE,0.477121255
FALSE,accepted,0,TRUE,TRUE,30,0,FALSE,1.431363764
FALSE,accepted,0,FALSE,TRUE,80,0,FALSE,0.477121255
FALSE,accepted,0,FALSE,TRUE,69,0,FALSE,1.255272505
FALSE,unreviewed,0,FALSE,FALSE,54,1,FALSE,0.301029996
FALSE,accepted,1,TRUE,TRUE,129,0,FALSE,1.113943352
FALSE,accepted,0,FALSE,FALSE,179,0,FALSE,1.924279286
FALSE,accepted,0,FALSE,FALSE,21,2,FALSE,2.029383778
FALSE,accepted,0,FALSE,FALSE,25,0,FALSE,0.77815125
FALSE,accepted,0,TRUE,FALSE,16,4,FALSE,1.568201724
FALSE,accepted,1,FALSE,FALSE,14,0,FALSE,0.477121255
FALSE,accepted,0,FALSE,TRUE,103,0,FALSE,0.903089987
FALSE,accepted,0,TRUE,TRUE,25,3,FALSE,1.886490725
FALSE,accepted,0,FALSE,FALSE,105,0,FALSE,1.544068044
FALSE,accepted,0,TRUE,TRUE,68,0,FALSE,1.397940009
FALSE,unreviewed,2,FALSE,FALSE,105,0,FALSE,0
FALSE,accepted,0,FALSE,FALSE,67,0,FALSE,1.653212514
FALSE,accepted,0,FALSE,FALSE,62,0,FALSE,1.544068044
FALSE,unreviewed,0,FALSE,FALSE,48,0,FALSE,0
FALSE,accepted,0,FALSE,TRUE,45,0,FALSE,0.84509804
FALSE,accepted,0,FALSE,TRUE,55,0,FALSE,1.255272505
FALSE,accepted,0,FALSE,FALSE,59,2,FALSE,1.591064607
TRUE,verified,2,TRUE,FALSE,36,1,TRUE,2.350248018
FALSE,accepted,0,FALSE,FALSE,64,0,FALSE,1.113943352
FALSE,accepted,0,FALSE,FALSE,124,3,FALSE,1.672097858
FALSE,accepted,0,TRUE,FALSE,11,0,FALSE,0
FALSE,accepted,1,TRUE,TRUE,55,2,FALSE,0.602059991
FALSE,unreviewed,0,FALSE,FALSE,26,0,FALSE,0
FALSE,accepted,0,FALSE,FALSE,27,0,FALSE,0.698970004
FALSE,unreviewed,0,FALSE,FALSE,18,0,FALSE,0
FALSE,accepted,0,FALSE,FALSE,54,0,FALSE,0.77815125
FALSE,accepted,0,FALSE,FALSE,52,0,FALSE,1.903089987
FALSE,unreviewed,0,FALSE,FALSE,240,0,FALSE,0
FALSE,accepted,3,FALSE,FALSE,69,0,FALSE,1.832508913
FALSE,accepted,0,FALSE,FALSE,127,0,FALSE,1.857332496
FALSE,accepted,1,FALSE,TRUE,196,0,FALSE,1.832508913
FALSE,accepted,2,FALSE,TRUE,40,0,FALSE,0.77815125
FALSE,unreviewed,0,FALSE,FALSE,49,1,FALSE,0
FALSE,accepted,1,FALSE,TRUE,43,0,FALSE,1.633468456
FALSE,accepted,0,TRUE,FALSE,13,0,FALSE,1.397940009
FALSE,accepted,0,FALSE,FALSE,47,0,FALSE,0.698970004
FALSE,accepted,0,TRUE,TRUE,34,0,FALSE,0.903089987
FALSE,accepted,9,FALSE,TRUE,49,0,FALSE,2.064457989
FALSE,unreviewed,0,TRUE,FALSE,21,0,FALSE,0
FALSE,verified,0,TRUE,FALSE,36,1,FALSE,1.934498451
FALSE,accepted,0,FALSE,FALSE,203,0,FALSE,1
FALSE,accepted,1,TRUE,TRUE,35,0,FALSE,1.176091259
TRUE,accepted,1,TRUE,FALSE,88,12,FALSE,0.602059991
FALSE,accepted,1,TRUE,FALSE,47,0,FALSE,1.380211242
FALSE,accepted,0,TRUE,TRUE,35,0,FALSE,0.77815125
FALSE,accepted,0,FALSE,TRUE,40,0,FALSE,0.301029996
FALSE,accepted,0,TRUE,TRUE,49,3,FALSE,1.230448921
FALSE,accepted,0,FALSE,FALSE,40,0,FALSE,1.653212514
FALSE,accepted,0,TRUE,TRUE,17,0,FALSE,1.041392685
FALSE,accepted,0,FALSE,TRUE,59,1,FALSE,1.255272505
FALSE,accepted,0,FALSE,FALSE,37,0,FALSE,2.037426498
FALSE,accepted,2,TRUE,TRUE,90,3,FALSE,1.556302501
FALSE,accepted,0,FALSE,FALSE,38,0,FALSE,1
FALSE,accepted,0,TRUE,TRUE,38,0,FALSE,1.477121255
FALSE,accepted,1,TRUE,FALSE,64,0,FALSE,1.113943352
FALSE,accepted,0,FALSE,FALSE,50,2,FALSE,0.602059991
FALSE,accepted,0,TRUE,TRUE,18,0,FALSE,1.301029996
FALSE,accepted,0,TRUE,TRUE,6,0,FALSE,1.176091259
FALSE,accepted,0,TRUE,FALSE,5,0,FALSE,0
FALSE,accepted,0,TRUE,TRUE,33,0,FALSE,0.602059991
TRUE,verified,0,TRUE,TRUE,17,3,TRUE,2.10720997
FALSE,accepted,2,FALSE,FALSE,14,0,FALSE,1.204119983
FALSE,accepted,0,FALSE,FALSE,54,1,FALSE,1.204119983
FALSE,accepted,0,TRUE,FALSE,108,0,FALSE,1.681241237
FALSE,accepted,0,TRUE,FALSE,27,0,FALSE,0.77815125
FALSE,unreviewed,0,FALSE,FALSE,37,0,FALSE,0
FALSE,accepted,0,FALSE,FALSE,52,0,FALSE,0.84509804
FALSE,accepted,0,TRUE,FALSE,19,0,FALSE,1.748188027
FALSE,unreviewed,0,FALSE,FALSE,68,0,FALSE,0.301029996
FALSE,unreviewed,0,FALSE,FALSE,30,0,FALSE,0
FALSE,accepted,0,FALSE,FALSE,7,1,FALSE,1.041392685
FALSE,accepted,0,TRUE,TRUE,21,0,FALSE,1.079181246
FALSE,accepted,0,FALSE,FALSE,43,0,FALSE,0
FALSE,accepted,0,TRUE,FALSE,9,12,FALSE,0.477121255
FALSE,accepted,0,FALSE,FALSE,34,0,FALSE,0.602059991
TRUE,verified,2,TRUE,FALSE,106,2,TRUE,2.26245109
FALSE,accepted,2,FALSE,TRUE,27,0,FALSE,1.531478917
FALSE,accepted,0,TRUE,TRUE,12,0,FALSE,1.361727836
FALSE,unreviewed,0,FALSE,FALSE,28,0,FALSE,0
FALSE,unreviewed,1,FALSE,FALSE,85,0,FALSE,0
FALSE,accepted,3,TRUE,TRUE,120,0,FALSE,1.716003344
FALSE,accepted,0,TRUE,FALSE,34,0,FALSE,1.62324929
FALSE,accepted,0,FALSE,TRUE,189,1,FALSE,1.806179974
FALSE,accepted,0,TRUE,FALSE,40,0,FALSE,1.204119983
FALSE,accepted,5,TRUE,TRUE,261,0,FALSE,2.365487985
TRUE,verified,11,FALSE,FALSE,35,2,TRUE,2.646403726
FALSE,accepted,0,FALSE,FALSE,125,0,FALSE,0.903089987
FALSE,accepted,0,FALSE,FALSE,66,0,FALSE,1.612783857
FALSE,accepted,0,FALSE,FALSE,80,0,FALSE,0.602059991
FALSE,accepted,2,FALSE,FALSE,175,0,FALSE,1.770852012
FALSE,accepted,0,TRUE,FALSE,9,0,FALSE,0.84509804
FALSE,accepted,0,TRUE,TRUE,158,0,FALSE,1.913813852
FALSE,unreviewed,0,FALSE,FALSE,149,0,FALSE,0
FALSE,accepted,1,FALSE,TRUE,36,0,FALSE,0
FALSE,accepted,0,FALSE,FALSE,39,0,FALSE,0
FALSE,accepted,0,TRUE,TRUE,53,0,FALSE,0.602059991
FALSE,accepted,0,TRUE,FALSE,82,0,FALSE,0.954242509
FALSE,accepted,0,FALSE,FALSE,54,0,FALSE,0
FALSE,accepted,0,TRUE,TRUE,36,0,FALSE,1.113943352
FALSE,accepted,3,TRUE,TRUE,201,0,FALSE,1.832508913
FALSE,unreviewed,0,FALSE,FALSE,56,0,FALSE,0
FALSE,accepted,0,TRUE,TRUE,74,0,FALSE,1.477121255
FALSE,accepted,1,FALSE,FALSE,97,0,FALSE,0.77815125
FALSE,accepted,0,FALSE,FALSE,36,0,FALSE,0.602059991
FALSE,accepted,0,TRUE,TRUE,32,1,FALSE,1.72427587
FALSE,accepted,0,TRUE,TRUE,38,3,FALSE,1.462397998
TRUE,verified,40,TRUE,TRUE,156,1,TRUE,2.871572936
FALSE,accepted,3,FALSE,FALSE,33,0,FALSE,0.77815125
FALSE,accepted,0,FALSE,FALSE,43,0,FALSE,0.84509804
FALSE,unreviewed,0,FALSE,FALSE,31,0,FALSE,0.301029996
FALSE,unreviewed,0,FALSE,TRUE,25,0,FALSE,0
FALSE,accepted,0,FALSE,FALSE,51,0,FALSE,0
FALSE,accepted,0,FALSE,FALSE,83,0,FALSE,0.301029996
FALSE,verified,7,TRUE,TRUE,156,1,FALSE,2.123851641
FALSE,accepted,1,FALSE,FALSE,32,0,FALSE,0.301029996
FALSE,accepted,1,FALSE,FALSE,88,0,FALSE,1.380211242
FALSE,accepted,0,TRUE,TRUE,38,2,FALSE,1.431363764
FALSE,accepted,0,FALSE,TRUE,39,0,FALSE,0.903089987
FALSE,accepted,0,TRUE,TRUE,79,0,FALSE,1.602059991
FALSE,accepted,1,TRUE,FALSE,93,0,FALSE,2.033423755
FALSE,accepted,1,FALSE,FALSE,58,0,FALSE,0
FALSE,accepted,1,FALSE,FALSE,71,0,FALSE,1.579783597
FALSE,unreviewed,0,FALSE,FALSE,91,0,FALSE,0
FALSE,unreviewed,0,FALSE,FALSE,41,0,FALSE,0
FALSE,accepted,0,TRUE,FALSE,12,3,FALSE,0.602059991
FALSE,accepted,0,TRUE,TRUE,82,1,FALSE,1.612783857
FALSE,accepted,0,FALSE,FALSE,47,0,FALSE,1.113943352
FALSE,accepted,1,TRUE,TRUE,87,0,FALSE,1.851258349
FALSE,accepted,0,FALSE,TRUE,45,0,FALSE,1.568201724
FALSE,accepted,1,FALSE,TRUE,49,0,FALSE,1.146128036
FALSE,accepted,1,TRUE,TRUE,31,2,FALSE,1.838849091
FALSE,accepted,0,FALSE,FALSE,43,0,FALSE,1.886490725
FALSE,accepted,0,FALSE,FALSE,111,0,FALSE,0
FALSE,accepted,1,FALSE,FALSE,283,0,FALSE,1.643452676
FALSE,accepted,0,FALSE,TRUE,41,0,FALSE,1.602059991
TRUE,verified,22,TRUE,FALSE,48,6,TRUE,2.756636108
FALSE,unreviewed,0,TRUE,FALSE,80,0,FALSE,0
FALSE,unreviewed,0,FALSE,FALSE,142,0,FALSE,0.698970004
FALSE,accepted,1,FALSE,FALSE,103,0,FALSE,0.602059991
FALSE,unreviewed,0,FALSE,FALSE,4,0,FALSE,0.602059991
FALSE,accepted,0,FALSE,FALSE,47,0,FALSE,1
FALSE,accepted,0,FALSE,FALSE,9,0,FALSE,0.602059991
FALSE,accepted,0,FALSE,FALSE,37,0,FALSE,1.462397998
FALSE,accepted,0,FALSE,FALSE,28,0,FALSE,0
FALSE,unreviewed,0,FALSE,FALSE,67,0,FALSE,0.477121255
FALSE,accepted,1,TRUE,TRUE,50,3,FALSE,1.633468456
FALSE,unreviewed,0,FALSE,FALSE,46,0,FALSE,0
TRUE,verified,0,FALSE,FALSE,103,2,TRUE,2.164352856
TRUE,verified,1,TRUE,FALSE,19,4,TRUE,2.113943352
FALSE,accepted,0,TRUE,TRUE,39,0,FALSE,1.230448921
FALSE,accepted,0,TRUE,FALSE,17,0,FALSE,1.380211242
TRUE,verified,1,FALSE,FALSE,107,1,TRUE,2.320146286
FALSE,accepted,0,FALSE,FALSE,261,0,FALSE,2.596597096
FALSE,accepted,0,TRUE,TRUE,54,3,FALSE,0.698970004
FALSE,accepted,1,FALSE,TRUE,7,4,FALSE,1.491361694
FALSE,accepted,0,FALSE,FALSE,1045,0,FALSE,1.414973348
FALSE,unreviewed,0,FALSE,FALSE,71,0,FALSE,0.602059991
FALSE,accepted,2,FALSE,FALSE,94,0,FALSE,1.380211242
FALSE,unreviewed,0,FALSE,FALSE,14,0,FALSE,0
FALSE,accepted,1,FALSE,FALSE,32,0,FALSE,2.045322979
TRUE,verified,2,FALSE,TRUE,98,2,TRUE,2.418301291
FALSE,accepted,0,FALSE,TRUE,10,0,FALSE,0.477121255
FALSE,unreviewed,0,FALSE,FALSE,55,0,FALSE,0
FALSE,accepted,0,FALSE,FALSE,30,0,FALSE,0
FALSE,accepted,1,FALSE,TRUE,134,0,FALSE,2.100370545
FALSE,accepted,0,FALSE,FALSE,102,0,FALSE,1.851258349
FALSE,accepted,0,TRUE,TRUE,668,0,FALSE,2.942504106
FALSE,accepted,0,TRUE,FALSE,57,0,FALSE,0.77815125
FALSE,accepted,0,FALSE,FALSE,74,0,FALSE,0
FALSE,unreviewed,0,FALSE,FALSE,36,0,FALSE,0
FALSE,accepted,1,TRUE,FALSE,20,1,FALSE,1.491361694
FALSE,unreviewed,0,FALSE,TRUE,117,0,FALSE,1.176091259
TRUE,accepted,0,TRUE,FALSE,59,1,FALSE,0
FALSE,accepted,0,FALSE,FALSE,155,0,FALSE,0.477121255
FALSE,accepted,0,FALSE,FALSE,50,0,FALSE,1.176091259
FALSE,accepted,0,TRUE,FALSE,62,0,FALSE,0.301029996
FALSE,accepted,0,TRUE,FALSE,60,0,FALSE,0
FALSE,unreviewed,0,FALSE,FALSE,45,0,FALSE,0.301029996
FALSE,accepted,0,FALSE,TRUE,42,0,FALSE,0
FALSE,accepted,0,TRUE,TRUE,63,0,FALSE,0.84509804
FALSE,unreviewed,0,TRUE,FALSE,34,0,FALSE,0
FALSE,accepted,1,FALSE,FALSE,45,0,FALSE,0
FALSE,accepted,0,TRUE,FALSE,94,0,FALSE,0.84509804
TRUE,verified,26,TRUE,TRUE,146,2,TRUE,3.014520539
FALSE,accepted,2,TRUE,TRUE,29,0,FALSE,1.041392685
FALSE,accepted,0,FALSE,FALSE,7,0,FALSE,0.77815125
FALSE,accepted,1,FALSE,FALSE,163,0,FALSE,1
FALSE,accepted,0,FALSE,FALSE,26,2,FALSE,0.301029996
FALSE,accepted,1,TRUE,TRUE,33,1,FALSE,1.707570176
TRUE,verified,4,FALSE,FALSE,23,1,TRUE,2.176091259
FALSE,accepted,0,TRUE,FALSE,45,0,FALSE,0
FALSE,accepted,1,TRUE,TRUE,66,0,FALSE,1.892094603
FALSE,accepted,2,TRUE,TRUE,103,0,FALSE,1.278753601
FALSE,accepted,0,TRUE,FALSE,52,2,FALSE,1.531478917
FALSE,accepted,0,TRUE,FALSE,95,0,FALSE,2.093421685
FALSE,unreviewed,0,FALSE,FALSE,47,1,FALSE,0
FALSE,accepted,0,FALSE,FALSE,42,0,FALSE,1.255272505
FALSE,accepted,0,FALSE,FALSE,22,0,FALSE,1.698970004
FALSE,accepted,2,TRUE,FALSE,40,0,FALSE,0.954242509
FALSE,unreviewed,0,TRUE,FALSE,35,4,FALSE,0.477121255
FALSE,accepted,0,TRUE,TRUE,76,0,FALSE,1.812913357
FALSE,unreviewed,0,FALSE,FALSE,52,0,FALSE,0.301029996
FALSE,unreviewed,0,FALSE,FALSE,105,0,FALSE,0
FALSE,accepted,1,TRUE,TRUE,83,0,FALSE,1.113943352
FALSE,accepted,1,FALSE,FALSE,39,0,FALSE,0.301029996
FALSE,unreviewed,0,FALSE,FALSE,17,0,FALSE,0
FALSE,unreviewed,1,FALSE,FALSE,72,0,FALSE,0.698970004
FALSE,accepted,0,FALSE,FALSE,48,0,FALSE,0
TRUE,verified,9,FALSE,FALSE,22,2,TRUE,2.646403726
FALSE,accepted,0,TRUE,FALSE,24,3,FALSE,1.531478917
FALSE,accepted,2,TRUE,TRUE,54,0,FALSE,1.146128036
FALSE,accepted,0,FALSE,FALSE,192,0,FALSE,1.079181246
FALSE,unreviewed,1,FALSE,FALSE,44,0,FALSE,0
FALSE,accepted,0,FALSE,TRUE,44,0,FALSE,0
FALSE,accepted,0,FALSE,FALSE,18,0,FALSE,1.397940009
FALSE,accepted,2,FALSE,FALSE,91,0,FALSE,0.903089987
TRUE,verified,2,TRUE,FALSE,120,3,TRUE,2.230448921
FALSE,accepted,0,FALSE,FALSE,303,0,FALSE,0.77815125
FALSE,accepted,0,FALSE,FALSE,21,1,FALSE,0.602059991
TRUE,verified,2,TRUE,TRUE,175,3,TRUE,2.322219295
FALSE,accepted,1,FALSE,FALSE,93,0,FALSE,0.477121255
FALSE,accepted,0,TRUE,FALSE,85,0,FALSE,1.799340549
FALSE,accepted,0,FALSE,FALSE,13,0,FALSE,0.954242509
FALSE,accepted,0,FALSE,TRUE,72,0,FALSE,0.602059991
FALSE,accepted,1,FALSE,FALSE,6,0,FALSE,0
FALSE,accepted,0,FALSE,TRUE,41,0,FALSE,1.579783597
FALSE,accepted,0,FALSE,FALSE,25,0,FALSE,1.447158031
FALSE,unreviewed,0,FALSE,FALSE,147,0,FALSE,0.477121255
FALSE,accepted,0,TRUE,TRUE,122,0,FALSE,2.579783597
FALSE,accepted,0,FALSE,FALSE,44,0,FALSE,0.301029996
FALSE,accepted,0,FALSE,FALSE,51,0,FALSE,0
FALSE,accepted,1,FALSE,FALSE,125,0,FALSE,0.301029996
FALSE,accepted,1,TRUE,FALSE,23,0,FALSE,1.77815125
TRUE,accepted,0,TRUE,FALSE,110,12,FALSE,0.698970004
FALSE,accepted,1,FALSE,TRUE,64,0,FALSE,1.851258349
FALSE,accepted,1,TRUE,FALSE,31,2,FALSE,1.963787827
FALSE,accepted,0,FALSE,FALSE,22,0,FALSE,0.77815125
FALSE,accepted,0,TRUE,TRUE,25,0,FALSE,1.278753601
FALSE,accepted,0,TRUE,TRUE,67,4,FALSE,1.431363764
TRUE,verified,3,TRUE,TRUE,11,4,TRUE,1.643452676
FALSE,accepted,0,TRUE,FALSE,113,1,FALSE,1.176091259
FALSE,accepted,6,TRUE,FALSE,25,0,FALSE,2.117271296
FALSE,unreviewed,0,FALSE,FALSE,73,0,FALSE,0
FALSE,accepted,0,FALSE,FALSE,99,0,FALSE,0.602059991
FALSE,accepted,1,FALSE,TRUE,25,1,FALSE,1.944482672
FALSE,accepted,1,FALSE,FALSE,9,0,FALSE,1.278753601
FALSE,accepted,0,FALSE,TRUE,21,1,FALSE,1.643452676
FALSE,accepted,0,FALSE,FALSE,74,0,FALSE,1.568201724
FALSE,unreviewed,0,FALSE,FALSE,25,0,FALSE,0
TRUE,verified,19,TRUE,TRUE,25,2,TRUE,3.040206628
FALSE,accepted,0,FALSE,TRUE,40,0,FALSE,0.602059991
FALSE,accepted,0,FALSE,FALSE,435,0,FALSE,1.707570176
FALSE,accepted,0,TRUE,FALSE,58,7,FALSE,0.698970004
FALSE,accepted,6,FALSE,FALSE,119,1,FALSE,1.716003344
FALSE,accepted,0,TRUE,FALSE,62,0,FALSE,1.447158031
FALSE,accepted,0,FALSE,TRUE,39,0,FALSE,2.120573931
FALSE,unreviewed,0,FALSE,FALSE,74,0,FALSE,0.301029996
FALSE,accepted,0,FALSE,FALSE,26,2,FALSE,1.322219295
FALSE,accepted,0,FALSE,TRUE,25,0,FALSE,0
FALSE,accepted,0,FALSE,FALSE,5,0,FALSE,0
FALSE,accepted,0,FALSE,FALSE,8,0,FALSE,1.146128036
FALSE,accepted,0,FALSE,TRUE,51,0,FALSE,1.505149978
FALSE,accepted,0,TRUE,TRUE,8,3,FALSE,1.414973348
FALSE,accepted,0,FALSE,FALSE,24,0,FALSE,0.477121255
FALSE,accepted,1,FALSE,TRUE,88,0,FALSE,0
FALSE,accepted,1,FALSE,TRUE,41,3,FALSE,0.77815125
FALSE,accepted,0,FALSE,FALSE,35,0,FALSE,0.903089987
FALSE,unreviewed,0,FALSE,FALSE,26,0,FALSE,0
FALSE,unreviewed,2,FALSE,TRUE,56,0,FALSE,1
FALSE,accepted,0,TRUE,FALSE,33,0,FALSE,0.602059991
TRUE,accepted,2,TRUE,FALSE,170,12,FALSE,1.491361694
FALSE,accepted,0,TRUE,TRUE,126,0,FALSE,1.176091259
TRUE,verified,26,TRUE,TRUE,32,4,TRUE,2.567026366
FALSE,accepted,3,TRUE,TRUE,22,0,FALSE,0.954242509
FALSE,accepted,0,FALSE,FALSE,48,0,FALSE,0.477121255
FALSE,accepted,1,FALSE,FALSE,34,0,FALSE,0.477121255
TRUE,verified,1,TRUE,FALSE,19,4,TRUE,2.113943352
FALSE,accepted,0,FALSE,FALSE,25,0,FALSE,0
FALSE,accepted,0,FALSE,FALSE,31,0,FALSE,0.477121255
FALSE,unreviewed,0,FALSE,FALSE,59,0,FALSE,0
FALSE,accepted,2,TRUE,TRUE,113,3,FALSE,1.51851394
FALSE,accepted,1,FALSE,TRUE,40,0,FALSE,0.301029996
FALSE,accepted,0,TRUE,TRUE,24,0,FALSE,1.799340549
FALSE,accepted,0,FALSE,FALSE,45,1,FALSE,0
FALSE,accepted,2,TRUE,FALSE,35,0,FALSE,0.698970004
FALSE,accepted,3,FALSE,FALSE,42,0,FALSE,1.230448921
FALSE,accepted,8,FALSE,FALSE,72,0,FALSE,1.681241237
FALSE,unreviewed,0,FALSE,FALSE,16,0,FALSE,0
FALSE,accepted,0,TRUE,FALSE,17,0,FALSE,0.698970004
FALSE,accepted,0,FALSE,FALSE,49,0,FALSE,2.833784375
FALSE,accepted,1,TRUE,FALSE,64,1,FALSE,2.240549248
FALSE,unreviewed,0,FALSE,FALSE,34,0,FALSE,0
FALSE,unreviewed,0,FALSE,FALSE,19,0,FALSE,0
FALSE,accepted,0,TRUE,TRUE,68,0,FALSE,1.72427587
FALSE,accepted,1,FALSE,TRUE,65,0,FALSE,1.698970004
TRUE,verified,58,TRUE,TRUE,107,4,TRUE,3.118595365
FALSE,accepted,0,FALSE,FALSE,9,0,FALSE,1.939519253
FALSE,accepted,0,FALSE,FALSE,45,0,FALSE,0.301029996
FALSE,accepted,2,FALSE,TRUE,29,2,FALSE,1.602059991
FALSE,accepted,0,FALSE,FALSE,204,0,FALSE,1.230448921
FALSE,unreviewed,1,FALSE,FALSE,90,0,FALSE,0.477121255
FALSE,accepted,0,TRUE,FALSE,30,1,FALSE,1.633468456
FALSE,accepted,1,TRUE,TRUE,25,0,FALSE,1.949390007
TRUE,verified,0,FALSE,FALSE,107,3,TRUE,2.81756537
TRUE,verified,0,TRUE,FALSE,45,4,TRUE,2.053078443
FALSE,accepted,1,TRUE,FALSE,46,0,FALSE,1.556302501
FALSE,accepted,0,TRUE,TRUE,31,0,FALSE,0.477121255
FALSE,accepted,0,TRUE,TRUE,36,2,FALSE,1.763427994
FALSE,accepted,0,TRUE,FALSE,38,3,FALSE,1.462397998
FALSE,unreviewed,0,TRUE,FALSE,23,0,FALSE,0
FALSE,unreviewed,0,FALSE,FALSE,44,0,FALSE,0
FALSE,accepted,0,TRUE,FALSE,49,0,FALSE,0.602059991
FALSE,accepted,2,FALSE,TRUE,23,0,FALSE,1.568201724
FALSE,accepted,0,TRUE,TRUE,59,0,FALSE,1.944482672
FALSE,accepted,0,FALSE,FALSE,156,0,FALSE,0
FALSE,accepted,0,FALSE,FALSE,54,0,FALSE,0.301029996
FALSE,accepted,1,FALSE,TRUE,96,0,FALSE,1.716003344
FALSE,accepted,0,FALSE,FALSE,146,0,FALSE,1.977723605
FALSE,unreviewed,0,FALSE,FALSE,40,0,FALSE,0
FALSE,accepted,0,FALSE,TRUE,36,0,FALSE,0
TRUE,accepted,0,FALSE,FALSE,79,26,FALSE,0
FALSE,accepted,0,TRUE,TRUE,38,0,FALSE,1.740362689
FALSE,accepted,0,TRUE,TRUE,54,0,FALSE,2.235528447
FALSE,accepted,0,TRUE,TRUE,78,4,FALSE,1.255272505
FALSE,accepted,0,FALSE,FALSE,74,2,FALSE,1.986771734
FALSE,accepted,0,TRUE,TRUE,48,1,FALSE,1.113943352
FALSE,accepted,0,TRUE,TRUE,69,0,FALSE,0.602059991
TRUE,verified,155,TRUE,TRUE,81,3,TRUE,3.240049772
FALSE,accepted,0,TRUE,FALSE,25,3,FALSE,1.431363764
FALSE,accepted,4,FALSE,FALSE,129,0,FALSE,1.755874856
FALSE,accepted,0,TRUE,FALSE,50,0,FALSE,1.255272505
FALSE,accepted,0,FALSE,TRUE,24,0,FALSE,0.77815125
FALSE,accepted,6,TRUE,FALSE,7,2,FALSE,1.919078092
FALSE,accepted,1,FALSE,FALSE,62,0,FALSE,0
FALSE,unreviewed,0,FALSE,FALSE,47,0,FALSE,0.301029996
FALSE,accepted,0,FALSE,FALSE,70,0,FALSE,0.698970004
FALSE,accepted,3,FALSE,FALSE,91,0,FALSE,0.301029996
FALSE,unreviewed,0,FALSE,FALSE,84,0,FALSE,0.477121255
FALSE,accepted,0,TRUE,TRUE,39,3,FALSE,1.505149978
FALSE,accepted,1,FALSE,FALSE,88,1,FALSE,1.278753601
FALSE,unreviewed,0,FALSE,FALSE,68,0,FALSE,0.301029996
FALSE,accepted,0,TRUE,TRUE,83,1,FALSE,1.51851394
FALSE,unreviewed,0,FALSE,FALSE,178,0,FALSE,0
FALSE,accepted,0,FALSE,TRUE,117,0,FALSE,1.681241237
FALSE,accepted,0,TRUE,TRUE,91,0,FALSE,2.424881637
TRUE,accepted,0,TRUE,TRUE,40,6,FALSE,0.602059991
TRUE,accepted,0,TRUE,FALSE,50,12,FALSE,1.342422681
FALSE,accepted,0,TRUE,TRUE,75,4,FALSE,1.342422681
FALSE,accepted,0,TRUE,TRUE,87,0,FALSE,1.230448921
FALSE,accepted,2,FALSE,TRUE,207,0,FALSE,1.447158031
FALSE,accepted,0,TRUE,FALSE,52,0,FALSE,1.785329835
FALSE,accepted,0,FALSE,FALSE,112,0,FALSE,0.301029996
FALSE,accepted,0,FALSE,FALSE,107,0,FALSE,0.77815125
FALSE,accepted,2,TRUE,TRUE,161,0,FALSE,1.826074803
FALSE,accepted,0,TRUE,FALSE,66,0,FALSE,0
FALSE,unreviewed,0,TRUE,FALSE,33,0,FALSE,0
FALSE,accepted,0,FALSE,FALSE,54,2,FALSE,0.477121255
FALSE,unreviewed,0,FALSE,FALSE,139,0,FALSE,0.301029996
FALSE,accepted,4,TRUE,TRUE,43,4,FALSE,1.477121255
FALSE,accepted,1,TRUE,TRUE,164,2,FALSE,1.397940009
FALSE,accepted,0,TRUE,TRUE,17,0,FALSE,1.431363764
FALSE,accepted,0,TRUE,TRUE,169,7,FALSE,1.079181246
FALSE,accepted,0,FALSE,FALSE,53,0,FALSE,0.602059991
FALSE,accepted,3,FALSE,FALSE,119,0,FALSE,2.67669361
FALSE,unreviewed,0,FALSE,FALSE,44,0,FALSE,0
TRUE,accepted,0,TRUE,TRUE,142,6,FALSE,0
FALSE,unreviewed,0,FALSE,FALSE,41,0,FALSE,0
FALSE,accepted,0,TRUE,TRUE,62,0,FALSE,1.041392685
FALSE,accepted,0,FALSE,TRUE,156,0,FALSE,2.068185862
FALSE,accepted,0,FALSE,FALSE,148,2,FALSE,1.462397998
FALSE,unreviewed,0,FALSE,TRUE,52,0,FALSE,0.477121255
FALSE,accepted,1,FALSE,FALSE,176,0,FALSE,1.477121255
FALSE,accepted,0,FALSE,FALSE,11,0,FALSE,0.602059991
TRUE,verified,42,TRUE,TRUE,118,3,TRUE,3.25358029
FALSE,unreviewed,0,FALSE,FALSE,40,0,FALSE,0
FALSE,accepted,2,FALSE,TRUE,53,1,FALSE,1.255272505
FALSE,unreviewed,1,TRUE,FALSE,53,0,FALSE,0.903089987
FALSE,accepted,2,TRUE,FALSE,42,0,FALSE,1.176091259
FALSE,accepted,0,TRUE,TRUE,49,3,FALSE,1.361727836
FALSE,unreviewed,0,FALSE,FALSE,107,0,FALSE,0
FALSE,accepted,3,TRUE,TRUE,43,0,FALSE,1.924279286
FALSE,accepted,0,FALSE,FALSE,20,0,FALSE,0
FALSE,accepted,0,FALSE,TRUE,44,3,FALSE,0.602059991
FALSE,accepted,0,FALSE,FALSE,20,2,FALSE,1.986771734
FALSE,accepted,2,TRUE,FALSE,18,0,FALSE,1.579783597
FALSE,accepted,1,FALSE,FALSE,196,0,FALSE,1.832508913
FALSE,accepted,0,FALSE,FALSE,48,0,FALSE,1.86923172
FALSE,accepted,1,FALSE,FALSE,70,0,FALSE,1.633468456
FALSE,accepted,0,FALSE,TRUE,55,0,FALSE,1.707570176
FALSE,accepted,0,FALSE,TRUE,8,2,FALSE,1.556302501
FALSE,unreviewed,0,FALSE,FALSE,79,0,FALSE,0
FALSE,accepted,1,TRUE,TRUE,36,0,FALSE,2.029383778
FALSE,accepted,4,FALSE,FALSE,34,0,FALSE,0
FALSE,unreviewed,0,FALSE,FALSE,36,0,FALSE,0
FALSE,accepted,2,FALSE,FALSE,289,0,FALSE,1.770852012
FALSE,unreviewed,0,FALSE,FALSE,68,0,FALSE,0
FALSE,accepted,0,FALSE,FALSE,51,0,FALSE,1.255272505
FALSE,accepted,0,FALSE,FALSE,35,0,FALSE,0.301029996
FALSE,accepted,1,FALSE,TRUE,92,1,FALSE,2.075546961
FALSE,accepted,3,FALSE,TRUE,109,2,FALSE,1.176091259
FALSE,unreviewed,1,FALSE,FALSE,4,0,FALSE,0
FALSE,accepted,1,FALSE,FALSE,108,0,FALSE,0.77815125
FALSE,unreviewed,1,TRUE,TRUE,65,0,FALSE,0.84509804
FALSE,accepted,2,FALSE,FALSE,68,0,FALSE,0.84509804
FALSE,accepted,0,FALSE,TRUE,17,0,FALSE,0.301029996
FALSE,unreviewed,0,FALSE,FALSE,28,0,FALSE,0
FALSE,accepted,11,FALSE,TRUE,31,0,FALSE,1.531478917
FALSE,accepted,0,FALSE,FALSE,68,0,FALSE,1.397940009
FALSE,accepted,0,FALSE,TRUE,26,0,FALSE,0
FALSE,unreviewed,0,FALSE,FALSE,15,0,FALSE,0
FALSE,accepted,0,FALSE,FALSE,21,0,FALSE,1.041392685
FALSE,accepted,12,FALSE,FALSE,156,0,FALSE,2.021189299
FALSE,accepted,0,FALSE,FALSE,30,3,FALSE,1.662757832
FALSE,accepted,0,FALSE,FALSE,49,0,FALSE,0
FALSE,accepted,1,FALSE,FALSE,116,0,FALSE,1.763427994
FALSE,unreviewed,0,FALSE,FALSE,93,0,FALSE,0
FALSE,accepted,0,TRUE,TRUE,25,0,FALSE,1.380211242
FALSE,accepted,0,TRUE,FALSE,15,1,FALSE,1.51851394
FALSE,accepted,0,FALSE,FALSE,137,0,FALSE,0
FALSE,unreviewed,0,FALSE,FALSE,57,0,FALSE,0
FALSE,accepted,2,FALSE,TRUE,36,0,FALSE,1.531478917
FALSE,accepted,1,FALSE,FALSE,27,0,FALSE,0
FALSE,accepted,4,FALSE,TRUE,179,0,FALSE,1.397940009
FALSE,accepted,0,TRUE,TRUE,30,0,FALSE,1.079181246
FALSE,accepted,0,TRUE,TRUE,29,0,FALSE,1.204119983
FALSE,accepted,0,FALSE,FALSE,55,0,FALSE,0
FALSE,accepted,1,FALSE,FALSE,40,0,FALSE,0
FALSE,accepted,0,FALSE,FALSE,27,0,FALSE,1.204119983
FALSE,accepted,0,FALSE,FALSE,41,0,FALSE,0.84509804
FALSE,accepted,0,FALSE,FALSE,115,0,FALSE,0.698970004
FALSE,unreviewed,1,FALSE,FALSE,36,0,FALSE,0.301029996
FALSE,accepted,0,FALSE,TRUE,104,0,FALSE,1.380211242
FALSE,accepted,0,FALSE,TRUE,55,0,FALSE,0.698970004
FALSE,unreviewed,0,FALSE,FALSE,63,0,FALSE,0
FALSE,unreviewed,0,FALSE,FALSE,49,0,FALSE,0
FALSE,accepted,2,FALSE,FALSE,77,0,FALSE,0.477121255
FALSE,unreviewed,0,FALSE,FALSE,16,0,FALSE,0.84509804
FALSE,unreviewed,0,FALSE,FALSE,127,0,FALSE,0
FALSE,unreviewed,0,FALSE,FALSE,41,0,FALSE,0
FALSE,accepted,0,FALSE,FALSE,84,0,FALSE,0.477121255
FALSE,accepted,0,TRUE,TRUE,54,0,FALSE,0.301029996
FALSE,accepted,3,FALSE,FALSE,27,0,FALSE,2.214843848
FALSE,accepted,0,TRUE,FALSE,21,0,FALSE,0.77815125
FALSE,accepted,4,FALSE,TRUE,30,0,FALSE,1.707570176
FALSE,accepted,1,FALSE,FALSE,52,0,FALSE,0
FALSE,unreviewed,1,FALSE,FALSE,27,0,FALSE,0.602059991
FALSE,accepted,0,FALSE,FALSE,24,0,FALSE,0.301029996
FALSE,accepted,1,TRUE,TRUE,24,0,FALSE,1.633468456
TRUE,accepted,1,FALSE,FALSE,55,26,FALSE,0.301029996
FALSE,accepted,0,TRUE,FALSE,8,0,FALSE,2.113943352
FALSE,accepted,0,TRUE,TRUE,32,0,FALSE,0.301029996
FALSE,accepted,0,TRUE,FALSE,270,2,FALSE,2.212187604
FALSE,accepted,0,FALSE,FALSE,11,0,FALSE,0.602059991
FALSE,accepted,0,TRUE,TRUE,7,0,FALSE,0.954242509
FALSE,accepted,3,TRUE,TRUE,116,0,FALSE,1.591064607
FALSE,accepted,0,TRUE,FALSE,29,9,FALSE,1.230448921
FALSE,unreviewed,0,FALSE,FALSE,105,0,FALSE,0
TRUE,verified,0,TRUE,FALSE,78,7,TRUE,1.591064607
FALSE,accepted,0,FALSE,FALSE,32,0,FALSE,0.602059991
FALSE,accepted,1,TRUE,FALSE,58,0,FALSE,1.62324929
FALSE,accepted,0,FALSE,FALSE,70,1,FALSE,0
FALSE,accepted,4,TRUE,TRUE,189,0,FALSE,1.785329835
FALSE,accepted,0,FALSE,FALSE,50,0,FALSE,0.84509804
FALSE,accepted,0,TRUE,FALSE,92,0,FALSE,1.278753601
FALSE,accepted,0,TRUE,FALSE,6,0,FALSE,0.903089987
FALSE,accepted,1,FALSE,TRUE,96,0,FALSE,1.414973348
FALSE,accepted,0,FALSE,TRUE,36,0,FALSE,0.698970004
FALSE,accepted,6,TRUE,TRUE,266,0,FALSE,2.021189299
FALSE,accepted,0,FALSE,FALSE,337,0,FALSE,1.602059991
FALSE,accepted,0,TRUE,FALSE,35,1,FALSE,1.278753601
FALSE,accepted,0,TRUE,FALSE,35,1,FALSE,1.662757832
FALSE,accepted,1,FALSE,FALSE,30,3,FALSE,1.812913357
FALSE,accepted,0,FALSE,FALSE,70,1,FALSE,0.477121255
FALSE,accepted,0,FALSE,FALSE,67,0,FALSE,0.77815125
FALSE,accepted,3,TRUE,TRUE,107,0,FALSE,2.100370545
FALSE,accepted,0,FALSE,FALSE,65,0,FALSE,1.447158031
FALSE,accepted,0,FALSE,FALSE,213,0,FALSE,0
FALSE,accepted,0,FALSE,FALSE,32,0,FALSE,0.477121255
FALSE,accepted,0,TRUE,FALSE,51,2,FALSE,1.86923172
FALSE,accepted,0,TRUE,FALSE,51,0,FALSE,1.176091259
FALSE,accepted,1,FALSE,FALSE,96,0,FALSE,1.041392685
FALSE,accepted,1,FALSE,TRUE,378,0,FALSE,2.324282455
FALSE,accepted,0,FALSE,FALSE,98,0,FALSE,0.602059991
FALSE,unreviewed,0,FALSE,FALSE,309,0,FALSE,0
FALSE,accepted,1,FALSE,FALSE,316,0,FALSE,1.176091259
FALSE,accepted,0,FALSE,FALSE,17,0,FALSE,0.954242509
FALSE,accepted,0,FALSE,FALSE,15,0,FALSE,1
FALSE,accepted,0,FALSE,FALSE,89,0,FALSE,0
FALSE,accepted,1,TRUE,FALSE,68,0,FALSE,1.785329835
FALSE,unreviewed,0,TRUE,FALSE,92,0,FALSE,0.301029996
FALSE,unreviewed,0,FALSE,FALSE,41,0,FALSE,0
FALSE,unreviewed,0,FALSE,FALSE,39,0,FALSE,0.301029996
FALSE,accepted,2,TRUE,TRUE,29,0,FALSE,1.556302501
FALSE,accepted,0,FALSE,FALSE,87,0,FALSE,1.857332496
FALSE,accepted,0,FALSE,FALSE,74,0,FALSE,1.041392685
FALSE,accepted,1,FALSE,FALSE,161,0,FALSE,2.041392685
FALSE,accepted,4,FALSE,FALSE,91,0,FALSE,0
FALSE,accepted,3,TRUE,FALSE,278,0,FALSE,2.136720567
FALSE,accepted,0,FALSE,FALSE,52,0,FALSE,0.84509804
TRUE,verified,1,TRUE,FALSE,36,4,TRUE,1.176091259
FALSE,unreviewed,0,FALSE,FALSE,33,0,FALSE,0
FALSE,accepted,1,FALSE,TRUE,54,0,FALSE,1
FALSE,accepted,3,TRUE,TRUE,229,0,FALSE,2.235528447
FALSE,unreviewed,0,FALSE,FALSE,399,0,FALSE,0
FALSE,unreviewed,0,FALSE,FALSE,51,0,FALSE,0
FALSE,accepted,0,TRUE,FALSE,33,0,FALSE,1.342422681
FALSE,accepted,0,TRUE,TRUE,21,0,FALSE,0.301029996
FALSE,accepted,0,TRUE,TRUE,91,0,FALSE,0
FALSE,accepted,0,FALSE,FALSE,87,0,FALSE,0.602059991
FALSE,accepted,0,TRUE,FALSE,202,2,FALSE,1.748188027
FALSE,unreviewed,0,FALSE,TRUE,51,0,FALSE,0.301029996
FALSE,accepted,0,TRUE,FALSE,31,0,FALSE,1.924279286
FALSE,accepted,0,TRUE,FALSE,46,0,FALSE,1.556302501
FALSE,accepted,1,FALSE,FALSE,104,2,FALSE,1.531478917
TRUE,verified,6,TRUE,FALSE,46,1,TRUE,1.991226076
FALSE,unreviewed,1,FALSE,FALSE,56,0,FALSE,0.698970004
FALSE,accepted,0,TRUE,FALSE,74,1,FALSE,0.301029996
FALSE,unreviewed,0,FALSE,FALSE,71,1,FALSE,0
FALSE,accepted,1,FALSE,FALSE,47,0,FALSE,0.301029996
FALSE,accepted,1,FALSE,FALSE,95,0,FALSE,2.45331834
FALSE,accepted,0,FALSE,FALSE,95,0,FALSE,1.531478917
FALSE,accepted,0,TRUE,TRUE,7,0,FALSE,1.113943352
FALSE,unreviewed,0,FALSE,FALSE,9,1,FALSE,0
FALSE,accepted,0,FALSE,FALSE,165,0,FALSE,0
FALSE,accepted,1,FALSE,FALSE,37,0,FALSE,0.477121255
FALSE,accepted,0,FALSE,FALSE,27,0,FALSE,1.763427994
FALSE,unreviewed,0,FALSE,FALSE,154,0,FALSE,0.301029996
FALSE,accepted,0,FALSE,TRUE,45,0,FALSE,0.477121255
FALSE,accepted,0,TRUE,TRUE,46,0,FALSE,0
FALSE,unreviewed,0,FALSE,FALSE,32,0,FALSE,0
FALSE,accepted,0,TRUE,FALSE,20,0,FALSE,1.301029996
TRUE,verified,39,TRUE,FALSE,53,1,TRUE,2.428134794
FALSE,accepted,0,FALSE,TRUE,151,0,FALSE,0.602059991
FALSE,accepted,0,FALSE,FALSE,109,0,FALSE,1.176091259
FALSE,accepted,0,FALSE,FALSE,56,0,FALSE,1
FALSE,unreviewed,0,FALSE,FALSE,104,0,FALSE,0.477121255
FALSE,accepted,0,TRUE,TRUE,22,2,FALSE,2.123851641
FALSE,accepted,0,TRUE,FALSE,33,0,FALSE,0
FALSE,accepted,2,TRUE,TRUE,98,0,FALSE,1.113943352
TRUE,verified,5,TRUE,TRUE,40,7,TRUE,1.880813592
FALSE,accepted,0,TRUE,TRUE,105,3,FALSE,0.84509804
FALSE,accepted,0,TRUE,TRUE,19,6,FALSE,1
FALSE,unreviewed,0,FALSE,FALSE,90,0,FALSE,0.301029996
FALSE,unreviewed,0,FALSE,FALSE,116,0,FALSE,0
FALSE,accepted,0,TRUE,TRUE,49,0,FALSE,1.146128036
FALSE,accepted,0,TRUE,FALSE,136,0,FALSE,1.176091259
FALSE,unreviewed,0,FALSE,FALSE,32,1,FALSE,0.602059991
FALSE,accepted,0,TRUE,FALSE,31,0,FALSE,1.806179974
FALSE,accepted,0,FALSE,FALSE,36,0,FALSE,0.602059991
FALSE,accepted,0,FALSE,TRUE,127,0,FALSE,1.568201724
FALSE,accepted,2,FALSE,FALSE,89,0,FALSE,1.602059991
FALSE,accepted,3,TRUE,FALSE,177,0,FALSE,0.903089987
FALSE,accepted,1,FALSE,TRUE,70,0,FALSE,0.77815125
FALSE,accepted,0,TRUE,FALSE,33,0,FALSE,0.477121255
TRUE,verified,4,TRUE,FALSE,43,9,TRUE,1.892094603
FALSE,accepted,0,FALSE,FALSE,83,0,FALSE,2.311753861
FALSE,accepted,0,TRUE,FALSE,42,0,FALSE,0.301029996
TRUE,verified,26,TRUE,TRUE,13,1,TRUE,2.923244019
FALSE,accepted,0,TRUE,TRUE,68,3,FALSE,0.903089987
FALSE,accepted,0,TRUE,FALSE,97,0,FALSE,1.113943352
FALSE,unreviewed,0,FALSE,FALSE,50,0,FALSE,0
FALSE,accepted,1,FALSE,TRUE,28,2,FALSE,1.079181246
FALSE,accepted,2,TRUE,TRUE,29,0,FALSE,1.505149978
FALSE,accepted,0,FALSE,FALSE,582,0,FALSE,0.903089987
FALSE,accepted,0,FALSE,FALSE,80,0,FALSE,1.544068044
FALSE,accepted,0,FALSE,FALSE,55,0,FALSE,0
FALSE,unreviewed,0,FALSE,FALSE,134,0,FALSE,0.301029996
FALSE,accepted,0,FALSE,FALSE,54,0,FALSE,0.477121255
FALSE,accepted,1,FALSE,FALSE,89,0,FALSE,1.204119983
FALSE,accepted,2,FALSE,FALSE,66,0,FALSE,1.431363764
FALSE,accepted,0,FALSE,FALSE,249,0,FALSE,1.792391689
FALSE,unreviewed,0,FALSE,FALSE,28,0,FALSE,0.301029996
FALSE,accepted,0,FALSE,FALSE,26,0,FALSE,1.113943352
FALSE,accepted,0,FALSE,FALSE,82,0,FALSE,0.602059991
FALSE,accepted,0,TRUE,FALSE,128,0,FALSE,1.934498451
FALSE,unreviewed,0,FALSE,FALSE,150,0,FALSE,0.602059991
FALSE,accepted,0,FALSE,FALSE,21,0,FALSE,1.69019608
FALSE,accepted,3,TRUE,TRUE,31,3,FALSE,1.113943352
FALSE,unreviewed,0,FALSE,FALSE,254,0,FALSE,0
FALSE,verified,0,TRUE,TRUE,25,2,FALSE,0.954242509
FALSE,unreviewed,0,FALSE,FALSE,93,0,FALSE,0.602059991
FALSE,accepted,0,FALSE,TRUE,39,0,FALSE,0.477121255
FALSE,unreviewed,0,FALSE,FALSE,104,0,FALSE,0
FALSE,accepted,1,TRUE,TRUE,50,0,FALSE,0.477121255
FALSE,accepted,0,FALSE,TRUE,83,0,FALSE,0.602059991
FALSE,accepted,0,TRUE,FALSE,44,0,FALSE,0
FALSE,accepted,2,FALSE,FALSE,51,0,FALSE,1.785329835
FALSE,accepted,0,TRUE,FALSE,56,0,FALSE,1.414973348
FALSE,unreviewed,0,FALSE,FALSE,51,0,FALSE,0.301029996
FALSE,accepted,4,FALSE,FALSE,79,0,FALSE,0.84509804
FALSE,accepted,3,TRUE,TRUE,8,0,FALSE,0.954242509
FALSE,accepted,0,FALSE,FALSE,65,0,FALSE,0.301029996
FALSE,unreviewed,0,TRUE,FALSE,23,0,FALSE,0
FALSE,accepted,4,TRUE,FALSE,145,0,FALSE,2.255272505
FALSE,accepted,0,FALSE,TRUE,65,2,FALSE,1.322219295
FALSE,accepted,0,TRUE,TRUE,52,0,FALSE,2.305351369
FALSE,accepted,0,FALSE,TRUE,71,0,FALSE,0.301029996
FALSE,accepted,0,FALSE,FALSE,10,1,FALSE,0.477121255
FALSE,accepted,0,FALSE,FALSE,95,0,FALSE,0.903089987
FALSE,unreviewed,0,FALSE,FALSE,41,0,FALSE,0
FALSE,unreviewed,0,FALSE,FALSE,43,0,FALSE,0
FALSE,accepted,0,FALSE,TRUE,165,0,FALSE,2.017033339
FALSE,accepted,2,FALSE,FALSE,92,0,FALSE,1.832508913
FALSE,unreviewed,0,FALSE,FALSE,32,0,FALSE,0
FALSE,accepted,1,FALSE,FALSE,38,0,FALSE,1.462397998
FALSE,unreviewed,0,FALSE,FALSE,81,0,FALSE,0
FALSE,accepted,1,FALSE,FALSE,71,0,FALSE,1.568201724
FALSE,accepted,1,FALSE,TRUE,50,0,FALSE,0.77815125
FALSE,accepted,2,FALSE,FALSE,62,0,FALSE,0.477121255
FALSE,unreviewed,0,FALSE,FALSE,63,0,FALSE,0
FALSE,accepted,0,FALSE,FALSE,61,0,FALSE,0
FALSE,unreviewed,0,FALSE,FALSE,51,0,FALSE,0.77815125
FALSE,unreviewed,0,FALSE,FALSE,137,0,FALSE,0.477121255
FALSE,accepted,2,TRUE,FALSE,339,0,FALSE,2.184691431
FALSE,accepted,0,TRUE,FALSE,59,0,FALSE,1.342422681
FALSE,unreviewed,0,TRUE,TRUE,46,7,FALSE,0
FALSE,accepted,0,FALSE,FALSE,132,0,FALSE,0.301029996
FALSE,accepted,0,TRUE,TRUE,141,0,FALSE,1.792391689
FALSE,accepted,0,TRUE,FALSE,90,0,FALSE,1.698970004
FALSE,accepted,3,TRUE,TRUE,40,0,FALSE,0.84509804
FALSE,accepted,0,FALSE,FALSE,61,0,FALSE,1.716003344
FALSE,accepted,2,FALSE,TRUE,55,0,FALSE,0
FALSE,accepted,0,FALSE,FALSE,148,0,FALSE,0.301029996
FALSE,accepted,1,FALSE,TRUE,108,0,FALSE,1.806179974
FALSE,accepted,1,FALSE,FALSE,38,0,FALSE,0.301029996
TRUE,accepted,0,FALSE,FALSE,72,26,FALSE,0
FALSE,accepted,0,FALSE,FALSE,32,0,FALSE,0.954242509
FALSE,accepted,4,FALSE,TRUE,139,0,FALSE,1.230448921
FALSE,accepted,0,FALSE,TRUE,52,0,FALSE,1.73239376
FALSE,accepted,0,TRUE,FALSE,102,0,FALSE,0.84509804
FALSE,unreviewed,0,TRUE,TRUE,213,0,FALSE,0.77815125
FALSE,accepted,0,FALSE,FALSE,149,0,FALSE,2.477121255
FALSE,accepted,1,TRUE,FALSE,21,4,FALSE,0.903089987
FALSE,accepted,0,FALSE,TRUE,60,0,FALSE,1
FALSE,accepted,0,FALSE,FALSE,55,0,FALSE,0
FALSE,accepted,0,TRUE,FALSE,322,0,FALSE,2.225309282
FALSE,accepted,0,TRUE,FALSE,27,0,FALSE,2.008600172
FALSE,accepted,0,FALSE,TRUE,23,0,FALSE,0.301029996
FALSE,accepted,0,TRUE,FALSE,7,0,FALSE,1.204119983
FALSE,accepted,0,TRUE,FALSE,89,0,FALSE,0.84509804
FALSE,accepted,0,TRUE,FALSE,72,0,FALSE,0.602059991
FALSE,accepted,1,FALSE,TRUE,137,0,FALSE,1.991226076
FALSE,accepted,0,TRUE,TRUE,40,0,FALSE,0.77815125
FALSE,accepted,0,FALSE,FALSE,84,0,FALSE,0.903089987
FALSE,accepted,2,TRUE,FALSE,36,2,FALSE,1.838849091
FALSE,accepted,0,TRUE,TRUE,129,0,FALSE,2.748188027
FALSE,accepted,0,TRUE,FALSE,42,0,FALSE,1.322219295
FALSE,accepted,2,FALSE,FALSE,10,0,FALSE,1.785329835
FALSE,accepted,0,TRUE,FALSE,182,3,FALSE,0.477121255
FALSE,accepted,0,TRUE,FALSE,16,0,FALSE,0.77815125
FALSE,unreviewed,0,TRUE,FALSE,48,0,FALSE,0
FALSE,accepted,1,FALSE,FALSE,184,0,FALSE,1.86923172
TRUE,verified,42,TRUE,TRUE,174,2,TRUE,2.916453949
FALSE,accepted,0,FALSE,TRUE,79,0,FALSE,0.602059991
FALSE,accepted,4,FALSE,FALSE,281,0,FALSE,2.498310554
FALSE,accepted,0,FALSE,FALSE,13,0,FALSE,0.84509804
FALSE,accepted,0,TRUE,TRUE,44,0,FALSE,0.77815125
FALSE,accepted,0,FALSE,TRUE,53,0,FALSE,1.342422681
FALSE,accepted,0,TRUE,TRUE,51,7,FALSE,0.301029996
FALSE,accepted,1,TRUE,TRUE,26,0,FALSE,2.167317335
FALSE,accepted,0,FALSE,FALSE,50,0,FALSE,1.612783857
FALSE,accepted,0,TRUE,FALSE,16,3,FALSE,1.851258349
FALSE,accepted,1,FALSE,FALSE,6,0,FALSE,1.591064607
TRUE,accepted,0,FALSE,FALSE,67,26,FALSE,0
FALSE,accepted,0,FALSE,FALSE,84,0,FALSE,1.826074803
FALSE,accepted,0,FALSE,FALSE,51,0,FALSE,0.477121255
FALSE,accepted,0,FALSE,FALSE,22,0,FALSE,0.477121255
FALSE,accepted,0,TRUE,TRUE,16,3,FALSE,1.851258349
FALSE,unreviewed,1,FALSE,FALSE,106,0,FALSE,0.602059991
FALSE,unreviewed,0,FALSE,FALSE,107,0,FALSE,0.698970004
FALSE,unreviewed,0,FALSE,FALSE,39,0,FALSE,0
FALSE,unreviewed,0,FALSE,FALSE,46,0,FALSE,0
FALSE,accepted,0,TRUE,FALSE,151,0,FALSE,1.51851394
FALSE,unreviewed,0,FALSE,FALSE,225,0,FALSE,0
FALSE,accepted,0,FALSE,FALSE,209,0,FALSE,0.602059991
FALSE,accepted,0,FALSE,FALSE,64,0,FALSE,0
FALSE,accepted,0,FALSE,FALSE,41,0,FALSE,0.84509804
FALSE,unreviewed,0,TRUE,FALSE,47,0,FALSE,0
FALSE,accepted,0,FALSE,TRUE,26,0,FALSE,0.301029996
FALSE,accepted,1,FALSE,FALSE,81,0,FALSE,1.176091259
FALSE,accepted,5,FALSE,TRUE,65,0,FALSE,1.491361694
FALSE,accepted,1,FALSE,TRUE,167,0,FALSE,2.305351369
FALSE,unreviewed,0,FALSE,FALSE,80,0,FALSE,0
FALSE,accepted,0,TRUE,TRUE,54,0,FALSE,0.698970004
FALSE,accepted,1,TRUE,FALSE,61,0,FALSE,1
FALSE,accepted,0,FALSE,FALSE,6,0,FALSE,1.041392685
FALSE,accepted,0,FALSE,TRUE,27,1,FALSE,1.832508913
FALSE,accepted,0,TRUE,TRUE,6,0,FALSE,0.602059991
FALSE,accepted,0,FALSE,TRUE,25,0,FALSE,1.204119983
FALSE,accepted,0,TRUE,FALSE,42,6,FALSE,0.77815125
FALSE,unreviewed,0,FALSE,FALSE,71,0,FALSE,0
FALSE,accepted,0,FALSE,FALSE,108,2,FALSE,0.602059991
FALSE,accepted,1,TRUE,TRUE,122,0,FALSE,1.505149978
FALSE,accepted,0,FALSE,TRUE,20,3,FALSE,1.278753601
FALSE,accepted,0,FALSE,TRUE,7,0,FALSE,0.903089987
FALSE,unreviewed,0,FALSE,FALSE,29,0,FALSE,0
FALSE,accepted,0,FALSE,TRUE,39,1,FALSE,2.021189299
FALSE,accepted,0,FALSE,FALSE,48,1,FALSE,0.698970004
FALSE,accepted,0,FALSE,FALSE,34,0,FALSE,0
FALSE,accepted,1,FALSE,FALSE,56,0,FALSE,0
FALSE,accepted,0,FALSE,FALSE,100,0,FALSE,0.301029996
FALSE,accepted,2,TRUE,TRUE,99,0,FALSE,1.812913357
FALSE,unreviewed,0,FALSE,FALSE,42,0,FALSE,0
TRUE,verified,18,TRUE,TRUE,71,3,TRUE,2.712649702
FALSE,accepted,1,FALSE,FALSE,80,0,FALSE,1.255272505
FALSE,accepted,0,TRUE,TRUE,56,2,FALSE,1.875061263
FALSE,accepted,0,TRUE,FALSE,49,2,FALSE,2.336459734
FALSE,accepted,5,FALSE,FALSE,76,0,FALSE,1.681241237
FALSE,accepted,0,TRUE,TRUE,41,0,FALSE,1.568201724
FALSE,accepted,0,FALSE,TRUE,47,0,FALSE,0.698970004
FALSE,accepted,1,FALSE,FALSE,69,0,FALSE,1.322219295
FALSE,unreviewed,0,FALSE,FALSE,26,0,FALSE,0
FALSE,accepted,1,FALSE,TRUE,83,0,FALSE,0.903089987
FALSE,accepted,1,FALSE,FALSE,39,0,FALSE,0
FALSE,unreviewed,0,FALSE,FALSE,37,0,FALSE,0
TRUE,verified,5,TRUE,TRUE,59,3,TRUE,2.586587305
FALSE,accepted,0,TRUE,FALSE,59,0,FALSE,0.698970004
FALSE,unreviewed,1,TRUE,FALSE,39,0,FALSE,0
FALSE,accepted,1,FALSE,TRUE,41,0,FALSE,1
FALSE,accepted,4,TRUE,TRUE,70,0,FALSE,1.977723605
FALSE,accepted,0,TRUE,TRUE,75,2,FALSE,1.255272505
FALSE,accepted,0,FALSE,TRUE,51,0,FALSE,0
FALSE,accepted,0,FALSE,FALSE,137,0,FALSE,1.255272505
FALSE,accepted,0,FALSE,TRUE,26,0,FALSE,0.903089987
FALSE,accepted,0,FALSE,FALSE,98,0,FALSE,0.84509804
FALSE,accepted,1,TRUE,TRUE,17,3,FALSE,1.278753601
FALSE,accepted,7,TRUE,TRUE,85,0,FALSE,1.892094603
FALSE,accepted,1,FALSE,TRUE,13,0,FALSE,1.041392685
FALSE,unreviewed,0,FALSE,FALSE,38,0,FALSE,0
FALSE,accepted,0,FALSE,FALSE,160,0,FALSE,1.176091259
FALSE,accepted,0,FALSE,TRUE,48,0,FALSE,1.041392685
FALSE,accepted,0,FALSE,FALSE,48,0,FALSE,0
FALSE,accepted,0,FALSE,FALSE,126,0,FALSE,0.301029996
FALSE,accepted,1,FALSE,FALSE,38,0,FALSE,1.556302501
TRUE,verified,3,TRUE,FALSE,99,7,TRUE,2.404833717
FALSE,accepted,0,FALSE,FALSE,70,0,FALSE,1.230448921
FALSE,accepted,0,FALSE,TRUE,91,0,FALSE,0.301029996
FALSE,accepted,0,TRUE,TRUE,36,4,FALSE,1.653212514
FALSE,accepted,0,FALSE,FALSE,68,0,FALSE,1.633468456
FALSE,accepted,0,TRUE,TRUE,34,0,FALSE,1.079181246
FALSE,accepted,3,FALSE,FALSE,96,0,FALSE,0.698970004
FALSE,unreviewed,0,FALSE,FALSE,134,0,FALSE,0
FALSE,accepted,2,FALSE,TRUE,51,0,FALSE,0
FALSE,unreviewed,4,TRUE,TRUE,123,0,FALSE,0.602059991
FALSE,accepted,0,FALSE,FALSE,97,0,FALSE,1.255272505
TRUE,verified,0,TRUE,FALSE,45,4,TRUE,2.053078443
FALSE,accepted,1,FALSE,TRUE,42,0,FALSE,0
TRUE,accepted,1,TRUE,FALSE,34,12,FALSE,0
FALSE,accepted,0,FALSE,TRUE,62,0,FALSE,0.77815125
FALSE,accepted,0,FALSE,FALSE,66,0,FALSE,0
FALSE,accepted,1,FALSE,FALSE,59,0,FALSE,0.301029996
FALSE,accepted,1,TRUE,TRUE,62,0,FALSE,1.698970004
TRUE,verified,41,TRUE,TRUE,108,4,TRUE,3.075181855
FALSE,unreviewed,0,FALSE,FALSE,60,0,FALSE,0
FALSE,accepted,0,FALSE,FALSE,55,0,FALSE,0.477121255
FALSE,accepted,1,TRUE,FALSE,129,1,FALSE,1.707570176
FALSE,accepted,1,FALSE,TRUE,109,0,FALSE,1
FALSE,accepted,0,TRUE,FALSE,28,0,FALSE,0.84509804
FALSE,accepted,0,FALSE,TRUE,17,0,FALSE,1.361727836
FALSE,accepted,0,TRUE,FALSE,83,0,FALSE,1
FALSE,accepted,5,TRUE,TRUE,231,0,FALSE,2.049218023
FALSE,accepted,0,TRUE,FALSE,198,0,FALSE,1.716003344
FALSE,accepted,0,FALSE,TRUE,90,0,FALSE,0.301029996
FALSE,accepted,1,TRUE,TRUE,44,0,FALSE,2
FALSE,accepted,0,FALSE,FALSE,104,0,FALSE,1.431363764
FALSE,accepted,0,FALSE,FALSE,69,0,FALSE,0.602059991
FALSE,accepted,1,FALSE,FALSE,18,0,FALSE,1.041392685
FALSE,accepted,0,FALSE,TRUE,37,0,FALSE,0
FALSE,accepted,0,TRUE,FALSE,26,0,FALSE,0.477121255
TRUE,verified,68,TRUE,TRUE,27,3,TRUE,3.115610512
FALSE,accepted,0,FALSE,FALSE,40,0,FALSE,0.301029996
FALSE,accepted,1,FALSE,TRUE,133,0,FALSE,1.653212514
FALSE,accepted,0,FALSE,TRUE,104,0,FALSE,0
FALSE,unreviewed,0,FALSE,FALSE,23,0,FALSE,0
FALSE,accepted,0,FALSE,TRUE,41,0,FALSE,1
FALSE,accepted,1,FALSE,TRUE,28,0,FALSE,0
FALSE,accepted,0,FALSE,FALSE,39,0,FALSE,0.602059991
FALSE,accepted,3,TRUE,TRUE,61,0,FALSE,1.531478917
FALSE,accepted,1,FALSE,FALSE,128,0,FALSE,1.361727836
FALSE,accepted,1,FALSE,TRUE,44,0,FALSE,1.380211242
FALSE,accepted,0,TRUE,FALSE,123,0,FALSE,1.612783857
TRUE,verified,8,TRUE,FALSE,55,3,TRUE,2.428134794
FALSE,accepted,0,TRUE,FALSE,42,0,FALSE,0.477121255
FALSE,accepted,3,TRUE,TRUE,241,0,FALSE,1.986771734
FALSE,accepted,5,FALSE,FALSE,43,0,FALSE,0.698970004
FALSE,accepted,1,TRUE,FALSE,45,1,FALSE,0
FALSE,accepted,0,TRUE,FALSE,57,0,FALSE,0.477121255
FALSE,accepted,0,FALSE,TRUE,119,0,FALSE,1.602059991
FALSE,accepted,0,TRUE,FALSE,13,0,FALSE,0.301029996
FALSE,accepted,1,TRUE,TRUE,61,0,FALSE,1.698970004
FALSE,accepted,0,TRUE,TRUE,39,0,FALSE,1.176091259
FALSE,unreviewed,0,FALSE,FALSE,88,0,FALSE,0
FALSE,accepted,1,FALSE,FALSE,24,0,FALSE,0
FALSE,accepted,0,FALSE,FALSE,50,0,FALSE,1.230448921
FALSE,accepted,5,FALSE,TRUE,23,1,FALSE,1.653212514
FALSE,accepted,0,FALSE,TRUE,60,0,FALSE,1.176091259
FALSE,accepted,0,TRUE,TRUE,96,0,FALSE,1.301029996
FALSE,accepted,1,TRUE,FALSE,58,4,FALSE,0.954242509
FALSE,accepted,0,FALSE,FALSE,50,0,FALSE,0.698970004
FALSE,unreviewed,0,TRUE,FALSE,163,0,FALSE,0.84509804
FALSE,accepted,0,FALSE,FALSE,42,0,FALSE,0.477121255
FALSE,accepted,0,FALSE,FALSE,98,0,FALSE,0
FALSE,accepted,0,TRUE,FALSE,51,0,FALSE,0.903089987
FALSE,unreviewed,0,FALSE,FALSE,32,0,FALSE,0
FALSE,accepted,0,TRUE,FALSE,660,0,FALSE,0.903089987
FALSE,unreviewed,2,FALSE,FALSE,52,0,FALSE,0
FALSE,accepted,0,FALSE,TRUE,10,0,FALSE,0.954242509
FALSE,accepted,1,FALSE,TRUE,12,1,FALSE,1.278753601
FALSE,accepted,0,FALSE,FALSE,67,0,FALSE,1.041392685
FALSE,unreviewed,0,FALSE,FALSE,5,0,FALSE,0.301029996
FALSE,accepted,1,TRUE,TRUE,134,0,FALSE,0.698970004
FALSE,accepted,1,FALSE,FALSE,126,0,FALSE,1.602059991
FALSE,accepted,1,FALSE,TRUE,24,0,FALSE,1
FALSE,accepted,0,FALSE,FALSE,54,0,FALSE,1
FALSE,accepted,0,TRUE,FALSE,15,3,FALSE,1.322219295
FALSE,accepted,0,FALSE,FALSE,68,0,FALSE,1.176091259
FALSE,accepted,0,TRUE,FALSE,63,2,FALSE,1.079181246
FALSE,unreviewed,0,FALSE,FALSE,80,0,FALSE,0
FALSE,accepted,0,TRUE,TRUE,19,4,FALSE,1.949390007
FALSE,accepted,0,FALSE,FALSE,42,0,FALSE,0.698970004
FALSE,accepted,1,FALSE,TRUE,44,0,FALSE,0.84509804
FALSE,accepted,1,FALSE,FALSE,28,0,FALSE,0.301029996
FALSE,accepted,0,FALSE,FALSE,167,0,FALSE,0.301029996
FALSE,accepted,0,TRUE,FALSE,11,0,FALSE,1.462397998
FALSE,accepted,0,FALSE,FALSE,33,0,FALSE,0
FALSE,unreviewed,0,FALSE,FALSE,43,0,FALSE,0
FALSE,accepted,10,TRUE,TRUE,66,0,FALSE,2.376576957
FALSE,unreviewed,0,FALSE,FALSE,59,0,FALSE,0.301029996
TRUE,verified,32,TRUE,TRUE,30,3,TRUE,2.949877704
FALSE,accepted,0,TRUE,TRUE,38,0,FALSE,0.477121255
FALSE,unreviewed,0,FALSE,FALSE,17,0,FALSE,0.301029996
FALSE,accepted,0,TRUE,TRUE,117,0,FALSE,2.029383778
FALSE,accepted,0,TRUE,FALSE,21,1,FALSE,1.826074803
FALSE,accepted,0,FALSE,FALSE,24,26,FALSE,1.491361694
FALSE,accepted,1,TRUE,TRUE,34,0,FALSE,1.380211242
FALSE,accepted,1,FALSE,FALSE,149,0,FALSE,2.474216264