Annotation_Is_Verified,Classification,Comment_Count,Featured_Video,Is_Verified,Length_Referent_Text,Number_Verified_Annotations,Pinned,Total_Votes
FALSE,accepted,0,FALSE,FALSE,189,0,FALSE,1
FALSE,unreviewed,0,FALSE,FALSE,43,0,FALSE,0
FALSE,accepted,0,FALSE,FALSE,34,0,FALSE,25
FALSE,accepted,0,FALSE,FALSE,8,0,FALSE,6
FALSE,accepted,0,TRUE,TRUE,38,0,FALSE,12
FALSE,accepted,0,FALSE,FALSE,35,1,FALSE,3
FALSE,accepted,0,TRUE,TRUE,103,0,FALSE,16
FALSE,accepted,0,TRUE,TRUE,78,3,FALSE,54
FALSE,accepted,0,TRUE,FALSE,37,4,FALSE,23
FALSE,accepted,0,TRUE,FALSE,53,7,FALSE,0
FALSE,accepted,0,TRUE,TRUE,17,3,FALSE,19
FALSE,unreviewed,2,FALSE,FALSE,111,0,FALSE,4
FALSE,accepted,1,FALSE,FALSE,47,0,FALSE,9
FALSE,accepted,0,TRUE,FALSE,48,0,FALSE,1
FALSE,accepted,0,FALSE,TRUE,26,0,FALSE,67
FALSE,unreviewed,2,TRUE,TRUE,170,0,FALSE,17
FALSE,accepted,0,TRUE,TRUE,6,0,FALSE,32
FALSE,accepted,5,FALSE,TRUE,142,2,FALSE,32
FALSE,unreviewed,1,FALSE,FALSE,48,0,FALSE,1
FALSE,accepted,0,FALSE,FALSE,56,1,FALSE,2
FALSE,accepted,3,TRUE,TRUE,15,0,FALSE,218
FALSE,accepted,0,FALSE,TRUE,25,0,FALSE,77
FALSE,accepted,0,FALSE,FALSE,47,0,FALSE,1
FALSE,accepted,0,TRUE,TRUE,59,0,FALSE,1
FALSE,accepted,0,TRUE,FALSE,44,0,FALSE,11
FALSE,accepted,2,FALSE,TRUE,53,1,FALSE,108
FALSE,unreviewed,1,TRUE,FALSE,52,0,FALSE,1
FALSE,accepted,0,FALSE,FALSE,19,0,FALSE,10
FALSE,accepted,3,TRUE,TRUE,141,0,FALSE,6
FALSE,accepted,3,FALSE,TRUE,79,2,FALSE,35
FALSE,accepted,0,FALSE,FALSE,44,0,FALSE,0
FALSE,accepted,0,FALSE,TRUE,154,0,FALSE,10
FALSE,accepted,0,FALSE,FALSE,168,2,FALSE,31
FALSE,accepted,0,FALSE,FALSE,37,0,FALSE,14
FALSE,accepted,0,TRUE,TRUE,14,0,FALSE,69
FALSE,accepted,0,FALSE,TRUE,25,0,FALSE,11
FALSE,accepted,2,TRUE,FALSE,40,0,FALSE,23
FALSE,accepted,0,FALSE,FALSE,81,0,FALSE,0
FALSE,accepted,0,TRUE,TRUE,70,0,FALSE,39
FALSE,unreviewed,0,FALSE,FALSE,93,0,FALSE,1
FALSE,accepted,0,FALSE,FALSE,41,0,FALSE,3
FALSE,unreviewed,0,FALSE,FALSE,64,0,FALSE,0
FALSE,accepted,3,FALSE,TRUE,114,0,FALSE,8
FALSE,accepted,2,FALSE,FALSE,81,0,FALSE,62
FALSE,accepted,0,FALSE,TRUE,51,0,FALSE,3
FALSE,accepted,0,FALSE,TRUE,37,0,FALSE,3
FALSE,accepted,0,TRUE,FALSE,25,0,FALSE,36
FALSE,accepted,1,TRUE,FALSE,75,0,FALSE,4
FALSE,accepted,1,TRUE,TRUE,124,0,FALSE,44
TRUE,verified,0,TRUE,FALSE,64,2,TRUE,137
FALSE,accepted,0,FALSE,FALSE,7,0,FALSE,3
FALSE,accepted,0,FALSE,FALSE,31,0,FALSE,13
FALSE,accepted,0,TRUE,FALSE,46,6,FALSE,15
TRUE,verified,18,TRUE,FALSE,71,3,TRUE,516
FALSE,unreviewed,0,FALSE,FALSE,86,0,FALSE,0
FALSE,accepted,0,FALSE,FALSE,41,0,FALSE,2
FALSE,accepted,0,FALSE,TRUE,100,0,FALSE,4
FALSE,unreviewed,1,FALSE,FALSE,77,0,FALSE,3
FALSE,accepted,0,FALSE,FALSE,109,0,FALSE,25
FALSE,accepted,0,FALSE,TRUE,61,0,FALSE,41
TRUE,verified,20,TRUE,TRUE,82,3,TRUE,504
FALSE,accepted,0,TRUE,FALSE,72,0,FALSE,5
FALSE,accepted,0,FALSE,FALSE,37,0,FALSE,2
FALSE,unreviewed,0,FALSE,FALSE,22,0,FALSE,0
FALSE,accepted,0,FALSE,FALSE,18,0,FALSE,28
FALSE,accepted,0,TRUE,FALSE,134,0,FALSE,14
FALSE,unreviewed,0,TRUE,FALSE,80,0,FALSE,1
FALSE,accepted,0,TRUE,FALSE,47,0,FALSE,10
FALSE,accepted,0,FALSE,FALSE,192,0,FALSE,65
FALSE,accepted,1,FALSE,TRUE,100,0,FALSE,1
FALSE,accepted,0,FALSE,FALSE,144,0,FALSE,68
FALSE,accepted,1,FALSE,TRUE,65,0,FALSE,18
FALSE,accepted,0,FALSE,FALSE,31,0,FALSE,48
FALSE,accepted,0,FALSE,FALSE,22,0,FALSE,1
FALSE,accepted,2,TRUE,TRUE,169,0,FALSE,69
FALSE,accepted,0,FALSE,FALSE,34,0,FALSE,3
FALSE,accepted,0,TRUE,TRUE,58,0,FALSE,107
FALSE,accepted,0,FALSE,FALSE,49,0,FALSE,8
FALSE,accepted,0,FALSE,FALSE,6,0,FALSE,12
FALSE,accepted,1,TRUE,TRUE,22,0,FALSE,21
FALSE,accepted,0,TRUE,FALSE,28,0,FALSE,8
FALSE,accepted,0,FALSE,TRUE,82,1,FALSE,89
FALSE,accepted,1,FALSE,TRUE,28,0,FALSE,-1
FALSE,accepted,0,FALSE,FALSE,170,0,FALSE,43
FALSE,accepted,1,FALSE,FALSE,22,0,FALSE,274
FALSE,unreviewed,0,FALSE,FALSE,30,0,FALSE,2
FALSE,accepted,0,FALSE,FALSE,56,0,FALSE,9
FALSE,accepted,1,FALSE,FALSE,121,1,FALSE,21
FALSE,unreviewed,0,TRUE,FALSE,147,0,FALSE,0
FALSE,accepted,3,FALSE,FALSE,80,0,FALSE,42
FALSE,accepted,0,FALSE,FALSE,70,0,FALSE,5
FALSE,accepted,0,FALSE,FALSE,73,2,FALSE,27
TRUE,verified,21,FALSE,TRUE,62,2,TRUE,559
FALSE,accepted,0,FALSE,TRUE,80,1,FALSE,169
FALSE,accepted,0,TRUE,FALSE,110,0,FALSE,3
FALSE,accepted,4,FALSE,TRUE,147,1,FALSE,100
FALSE,accepted,0,FALSE,FALSE,118,0,FALSE,10
FALSE,unreviewed,0,FALSE,FALSE,143,0,FALSE,2
FALSE,accepted,1,FALSE,FALSE,96,0,FALSE,90
FALSE,accepted,0,FALSE,TRUE,44,0,FALSE,2
FALSE,accepted,0,FALSE,TRUE,29,3,FALSE,33
FALSE,accepted,0,FALSE,TRUE,50,0,FALSE,0
FALSE,accepted,1,FALSE,FALSE,27,1,FALSE,47
FALSE,unreviewed,0,FALSE,FALSE,67,0,FALSE,5
FALSE,accepted,0,FALSE,FALSE,222,0,FALSE,70
FALSE,accepted,0,FALSE,FALSE,34,0,FALSE,6
FALSE,unreviewed,0,FALSE,FALSE,51,0,FALSE,0
FALSE,accepted,0,FALSE,FALSE,107,0,FALSE,49
FALSE,unreviewed,0,FALSE,FALSE,41,0,FALSE,0
FALSE,unreviewed,3,FALSE,FALSE,162,0,FALSE,3
FALSE,unreviewed,0,FALSE,FALSE,42,0,FALSE,1
FALSE,accepted,0,TRUE,TRUE,35,0,FALSE,9
FALSE,accepted,0,FALSE,TRUE,41,0,FALSE,17
FALSE,unreviewed,0,FALSE,FALSE,42,0,FALSE,1
FALSE,accepted,0,FALSE,FALSE,7,0,FALSE,2
FALSE,accepted,1,TRUE,TRUE,38,6,FALSE,82
FALSE,unreviewed,0,TRUE,FALSE,23,4,FALSE,1
FALSE,unreviewed,0,FALSE,FALSE,33,0,FALSE,0
FALSE,accepted,1,FALSE,TRUE,31,0,FALSE,11
FALSE,accepted,0,TRUE,FALSE,59,0,FALSE,9
FALSE,accepted,0,TRUE,TRUE,182,3,FALSE,3
FALSE,accepted,0,TRUE,FALSE,18,0,FALSE,18
FALSE,accepted,0,FALSE,FALSE,42,0,FALSE,3
FALSE,accepted,0,TRUE,TRUE,6,2,FALSE,26
TRUE,verified,0,TRUE,FALSE,136,2,TRUE,116
FALSE,accepted,0,FALSE,FALSE,35,0,FALSE,2
FALSE,accepted,0,FALSE,TRUE,60,0,FALSE,23
FALSE,accepted,0,FALSE,FALSE,142,0,FALSE,4
FALSE,accepted,0,TRUE,TRUE,65,2,FALSE,5
FALSE,accepted,4,TRUE,TRUE,92,0,FALSE,30
FALSE,accepted,0,FALSE,FALSE,78,0,FALSE,24
FALSE,accepted,0,FALSE,FALSE,29,0,FALSE,25
FALSE,accepted,2,FALSE,FALSE,104,0,FALSE,26
FALSE,accepted,0,FALSE,TRUE,276,0,FALSE,248
FALSE,unreviewed,0,FALSE,FALSE,35,0,FALSE,0
TRUE,verified,22,TRUE,TRUE,7,4,TRUE,1041
FALSE,accepted,0,TRUE,TRUE,41,0,FALSE,10
FALSE,accepted,0,FALSE,TRUE,7,0,FALSE,20
FALSE,accepted,1,FALSE,FALSE,278,0,FALSE,304
FALSE,unreviewed,0,FALSE,FALSE,135,0,FALSE,0
FALSE,accepted,0,FALSE,FALSE,111,0,FALSE,94
TRUE,verified,0,TRUE,FALSE,176,3,TRUE,132
FALSE,accepted,2,TRUE,FALSE,9,2,FALSE,61
FALSE,accepted,1,FALSE,TRUE,279,0,FALSE,8
FALSE,accepted,0,TRUE,TRUE,35,0,FALSE,9
FALSE,accepted,1,TRUE,FALSE,7,3,FALSE,7
FALSE,accepted,0,TRUE,FALSE,25,0,FALSE,24
FALSE,unreviewed,0,FALSE,FALSE,78,0,FALSE,4
FALSE,accepted,1,TRUE,TRUE,6,3,FALSE,123
TRUE,verified,12,TRUE,FALSE,67,9,TRUE,105
FALSE,accepted,0,TRUE,TRUE,23,0,FALSE,36
FALSE,accepted,2,TRUE,FALSE,120,0,FALSE,84
FALSE,accepted,0,FALSE,FALSE,19,0,FALSE,41
FALSE,accepted,2,TRUE,TRUE,22,2,FALSE,41
FALSE,unreviewed,0,FALSE,FALSE,30,0,FALSE,4
FALSE,unreviewed,0,FALSE,FALSE,39,0,FALSE,0
FALSE,accepted,0,TRUE,FALSE,139,0,FALSE,159
FALSE,unreviewed,0,FALSE,TRUE,30,0,FALSE,0
FALSE,accepted,0,FALSE,TRUE,94,0,FALSE,25
FALSE,accepted,0,FALSE,TRUE,46,0,FALSE,9
FALSE,accepted,0,TRUE,TRUE,61,0,FALSE,9
FALSE,unreviewed,0,FALSE,FALSE,69,0,FALSE,1
FALSE,unreviewed,0,FALSE,FALSE,25,0,FALSE,0
FALSE,accepted,0,TRUE,FALSE,14,0,FALSE,9
FALSE,unreviewed,0,FALSE,FALSE,80,0,FALSE,2
FALSE,accepted,0,TRUE,TRUE,127,1,FALSE,67
FALSE,accepted,1,FALSE,FALSE,21,0,FALSE,0
FALSE,accepted,1,FALSE,FALSE,52,0,FALSE,12
FALSE,accepted,0,FALSE,TRUE,191,0,FALSE,100
FALSE,accepted,2,FALSE,FALSE,75,0,FALSE,11
FALSE,unreviewed,1,FALSE,FALSE,8,0,FALSE,0
FALSE,accepted,0,TRUE,TRUE,73,0,FALSE,105
FALSE,accepted,0,FALSE,TRUE,20,0,FALSE,22
FALSE,accepted,0,FALSE,FALSE,158,0,FALSE,165
FALSE,accepted,0,FALSE,TRUE,37,1,FALSE,63
FALSE,accepted,0,FALSE,TRUE,74,0,FALSE,10
FALSE,accepted,0,FALSE,FALSE,91,2,FALSE,24
FALSE,accepted,2,TRUE,FALSE,160,0,FALSE,32
FALSE,accepted,0,FALSE,FALSE,42,0,FALSE,4
FALSE,accepted,0,FALSE,FALSE,49,0,FALSE,135
FALSE,accepted,0,FALSE,FALSE,61,0,FALSE,2
FALSE,unreviewed,0,FALSE,FALSE,136,0,FALSE,1
FALSE,accepted,0,TRUE,TRUE,185,0,FALSE,38
FALSE,accepted,0,FALSE,FALSE,82,0,FALSE,5
FALSE,unreviewed,2,FALSE,FALSE,43,0,FALSE,2
FALSE,accepted,0,FALSE,TRUE,30,0,FALSE,4
FALSE,unreviewed,0,FALSE,FALSE,18,0,FALSE,0
FALSE,unreviewed,0,FALSE,FALSE,50,0,FALSE,0
FALSE,accepted,1,TRUE,TRUE,43,0,FALSE,5
FALSE,accepted,5,FALSE,TRUE,191,0,FALSE,188
FALSE,unreviewed,0,FALSE,FALSE,26,0,FALSE,0
FALSE,unreviewed,0,FALSE,FALSE,62,0,FALSE,0
TRUE,verified,6,TRUE,FALSE,6,6,TRUE,276
FALSE,accepted,0,FALSE,FALSE,105,0,FALSE,20
TRUE,accepted,0,FALSE,FALSE,31,26,FALSE,8
FALSE,unreviewed,0,FALSE,FALSE,18,0,FALSE,0
FALSE,accepted,0,FALSE,FALSE,88,0,FALSE,8
FALSE,accepted,2,FALSE,TRUE,88,0,FALSE,4
FALSE,accepted,1,TRUE,FALSE,41,0,FALSE,6
FALSE,accepted,2,FALSE,FALSE,79,0,FALSE,1
FALSE,unreviewed,0,TRUE,TRUE,66,1,FALSE,1
FALSE,accepted,0,TRUE,FALSE,94,0,FALSE,101
FALSE,accepted,1,TRUE,TRUE,61,1,FALSE,11
FALSE,accepted,0,FALSE,FALSE,39,0,FALSE,1
FALSE,accepted,0,FALSE,TRUE,42,4,FALSE,11
FALSE,unreviewed,0,FALSE,FALSE,44,0,FALSE,1
FALSE,accepted,0,FALSE,FALSE,32,3,FALSE,66
FALSE,accepted,0,TRUE,TRUE,22,3,FALSE,61
FALSE,accepted,0,FALSE,FALSE,30,0,FALSE,2
FALSE,unreviewed,0,FALSE,FALSE,41,0,FALSE,-1
FALSE,accepted,0,FALSE,FALSE,14,0,FALSE,13
FALSE,accepted,0,TRUE,FALSE,40,1,FALSE,2
FALSE,accepted,0,FALSE,FALSE,67,0,FALSE,18
FALSE,accepted,0,TRUE,FALSE,47,1,FALSE,118
FALSE,unreviewed,0,FALSE,FALSE,17,0,FALSE,0
FALSE,accepted,0,FALSE,FALSE,202,0,FALSE,96
FALSE,accepted,0,FALSE,FALSE,43,0,FALSE,19
FALSE,accepted,0,TRUE,TRUE,164,0,FALSE,20
FALSE,accepted,0,FALSE,FALSE,143,0,FALSE,59
FALSE,unreviewed,0,FALSE,FALSE,26,0,FALSE,0
FALSE,unreviewed,1,FALSE,FALSE,96,0,FALSE,0
FALSE,accepted,0,TRUE,FALSE,109,0,FALSE,32
FALSE,unreviewed,1,FALSE,TRUE,99,0,FALSE,6
FALSE,unreviewed,0,FALSE,FALSE,43,0,FALSE,0
FALSE,accepted,0,FALSE,FALSE,104,0,FALSE,4
FALSE,accepted,0,TRUE,FALSE,139,0,FALSE,43
TRUE,verified,52,TRUE,FALSE,59,9,TRUE,396
FALSE,accepted,0,TRUE,FALSE,17,0,FALSE,7
FALSE,accepted,1,FALSE,TRUE,52,0,FALSE,11
FALSE,unreviewed,0,TRUE,FALSE,56,0,FALSE,0
TRUE,verified,79,TRUE,TRUE,105,3,TRUE,1220
FALSE,accepted,1,FALSE,FALSE,89,1,FALSE,2
FALSE,accepted,1,FALSE,FALSE,62,0,FALSE,10
FALSE,accepted,1,FALSE,TRUE,66,0,FALSE,3
FALSE,accepted,1,TRUE,TRUE,31,2,FALSE,92
FALSE,accepted,0,TRUE,FALSE,146,0,FALSE,2
FALSE,accepted,0,FALSE,TRUE,166,0,FALSE,7
FALSE,unreviewed,0,FALSE,FALSE,86,0,FALSE,1
FALSE,accepted,0,FALSE,FALSE,26,0,FALSE,68
FALSE,accepted,0,FALSE,TRUE,39,0,FALSE,6
FALSE,accepted,0,TRUE,FALSE,80,0,FALSE,0
TRUE,verified,1,TRUE,FALSE,141,2,TRUE,39
TRUE,verified,1,TRUE,FALSE,49,4,TRUE,87
FALSE,accepted,0,TRUE,TRUE,61,0,FALSE,48
FALSE,accepted,0,FALSE,FALSE,55,0,FALSE,4
FALSE,accepted,0,FALSE,FALSE,179,0,FALSE,2
FALSE,unreviewed,0,FALSE,FALSE,30,0,FALSE,2
FALSE,accepted,1,FALSE,FALSE,71,0,FALSE,15
FALSE,accepted,0,TRUE,TRUE,39,0,FALSE,32
FALSE,accepted,0,FALSE,FALSE,62,1,FALSE,13
FALSE,accepted,0,FALSE,FALSE,54,0,FALSE,95
FALSE,accepted,0,FALSE,FALSE,12,0,FALSE,8
FALSE,accepted,0,FALSE,FALSE,58,0,FALSE,1
FALSE,accepted,1,FALSE,FALSE,20,0,FALSE,2
FALSE,accepted,5,FALSE,FALSE,50,1,FALSE,42
FALSE,accepted,0,FALSE,TRUE,29,0,FALSE,0
FALSE,accepted,0,FALSE,TRUE,53,0,FALSE,56
FALSE,unreviewed,0,FALSE,FALSE,127,0,FALSE,0
FALSE,accepted,0,FALSE,FALSE,47,0,FALSE,37
FALSE,accepted,0,TRUE,FALSE,100,4,FALSE,60
FALSE,accepted,0,FALSE,TRUE,117,0,FALSE,1
FALSE,accepted,1,TRUE,TRUE,176,0,FALSE,3
FALSE,accepted,3,FALSE,TRUE,55,2,FALSE,54
FALSE,unreviewed,0,FALSE,FALSE,95,0,FALSE,0
FALSE,unreviewed,0,FALSE,TRUE,76,0,FALSE,0
FALSE,unreviewed,1,TRUE,TRUE,64,7,FALSE,3
FALSE,accepted,2,FALSE,TRUE,82,0,FALSE,5
FALSE,accepted,0,FALSE,FALSE,102,0,FALSE,10
FALSE,accepted,0,TRUE,FALSE,16,2,FALSE,13
FALSE,accepted,0,FALSE,FALSE,259,0,FALSE,35
FALSE,accepted,1,FALSE,TRUE,53,0,FALSE,7
FALSE,unreviewed,4,TRUE,TRUE,36,0,FALSE,17
FALSE,accepted,4,FALSE,FALSE,148,0,FALSE,255
FALSE,unreviewed,3,TRUE,FALSE,60,0,FALSE,-3
FALSE,accepted,0,FALSE,TRUE,28,0,FALSE,3
FALSE,accepted,1,TRUE,TRUE,53,0,FALSE,22
FALSE,accepted,0,FALSE,FALSE,40,0,FALSE,15
TRUE,verified,4,TRUE,FALSE,76,6,TRUE,238
FALSE,accepted,0,TRUE,TRUE,45,0,FALSE,1
FALSE,accepted,3,TRUE,FALSE,107,1,FALSE,91
FALSE,accepted,0,FALSE,FALSE,75,0,FALSE,15
FALSE,accepted,0,TRUE,TRUE,491,0,FALSE,85
FALSE,accepted,0,FALSE,FALSE,61,0,FALSE,41
FALSE,accepted,0,TRUE,FALSE,126,0,FALSE,372
FALSE,accepted,1,TRUE,TRUE,48,0,FALSE,365
FALSE,accepted,0,TRUE,TRUE,29,2,FALSE,31
FALSE,accepted,0,TRUE,TRUE,32,0,FALSE,153
FALSE,accepted,1,TRUE,FALSE,58,0,FALSE,23
TRUE,accepted,0,TRUE,FALSE,94,12,FALSE,4
FALSE,unreviewed,0,FALSE,FALSE,46,0,FALSE,1
FALSE,unreviewed,0,FALSE,FALSE,5,0,FALSE,0
FALSE,accepted,0,FALSE,TRUE,15,0,FALSE,10
TRUE,verified,43,FALSE,TRUE,48,1,TRUE,786
FALSE,accepted,1,TRUE,FALSE,148,0,FALSE,21
FALSE,accepted,0,TRUE,TRUE,240,0,FALSE,5
FALSE,accepted,0,FALSE,FALSE,70,0,FALSE,5
FALSE,accepted,3,TRUE,FALSE,44,0,FALSE,0
FALSE,accepted,0,FALSE,FALSE,106,0,FALSE,53
FALSE,accepted,0,FALSE,FALSE,158,0,FALSE,5
FALSE,accepted,0,FALSE,FALSE,125,0,FALSE,39
FALSE,accepted,0,TRUE,TRUE,55,2,FALSE,1
FALSE,accepted,0,FALSE,FALSE,97,0,FALSE,25
FALSE,accepted,3,FALSE,FALSE,74,0,FALSE,1
FALSE,accepted,0,TRUE,FALSE,24,0,FALSE,91
FALSE,accepted,0,FALSE,FALSE,28,0,FALSE,2
FALSE,accepted,0,FALSE,FALSE,106,0,FALSE,9
FALSE,accepted,1,FALSE,TRUE,40,0,FALSE,1
FALSE,accepted,0,FALSE,FALSE,20,0,FALSE,7
FALSE,accepted,0,FALSE,FALSE,31,0,FALSE,15
FALSE,accepted,1,TRUE,TRUE,24,0,FALSE,14
FALSE,unreviewed,0,FALSE,FALSE,45,0,FALSE,0
FALSE,accepted,0,FALSE,TRUE,25,0,FALSE,5
FALSE,accepted,1,FALSE,FALSE,45,0,FALSE,72
FALSE,unreviewed,0,TRUE,FALSE,43,0,FALSE,3
FALSE,accepted,1,FALSE,TRUE,11,0,FALSE,1
FALSE,accepted,0,FALSE,FALSE,117,1,FALSE,18
FALSE,unreviewed,0,FALSE,FALSE,50,0,FALSE,0
FALSE,unreviewed,1,FALSE,FALSE,49,0,FALSE,8
FALSE,unreviewed,1,FALSE,FALSE,126,0,FALSE,1
FALSE,accepted,0,FALSE,FALSE,90,0,FALSE,111
FALSE,accepted,2,TRUE,FALSE,45,0,FALSE,28
FALSE,accepted,1,FALSE,FALSE,110,0,FALSE,11
FALSE,accepted,1,FALSE,FALSE,21,0,FALSE,14
FALSE,accepted,0,TRUE,TRUE,94,0,FALSE,10
FALSE,accepted,3,FALSE,FALSE,43,0,FALSE,4
FALSE,accepted,1,FALSE,FALSE,96,0,FALSE,4
FALSE,unreviewed,0,FALSE,FALSE,1,0,FALSE,0
FALSE,accepted,0,TRUE,FALSE,199,0,FALSE,8
FALSE,accepted,1,FALSE,FALSE,376,0,FALSE,23
FALSE,unreviewed,1,FALSE,FALSE,115,0,FALSE,17
FALSE,accepted,1,FALSE,FALSE,47,0,FALSE,0
FALSE,accepted,0,FALSE,FALSE,34,1,FALSE,0
FALSE,accepted,0,TRUE,TRUE,16,3,FALSE,231
FALSE,accepted,1,TRUE,FALSE,52,0,FALSE,39
FALSE,accepted,0,TRUE,TRUE,128,4,FALSE,13
FALSE,unreviewed,0,FALSE,FALSE,39,0,FALSE,3
FALSE,accepted,0,TRUE,FALSE,48,0,FALSE,4
FALSE,accepted,0,TRUE,TRUE,63,2,FALSE,12
FALSE,unreviewed,0,TRUE,TRUE,241,0,FALSE,5
FALSE,unreviewed,0,FALSE,FALSE,145,0,FALSE,1
FALSE,unreviewed,0,FALSE,FALSE,163,0,FALSE,0
FALSE,unreviewed,0,FALSE,FALSE,228,0,FALSE,2
FALSE,accepted,1,TRUE,TRUE,31,0,FALSE,18
FALSE,accepted,1,FALSE,TRUE,63,0,FALSE,4
FALSE,accepted,5,TRUE,TRUE,13,0,FALSE,47
FALSE,accepted,0,FALSE,FALSE,76,0,FALSE,19
TRUE,verified,3,FALSE,TRUE,84,3,TRUE,327
FALSE,accepted,0,TRUE,TRUE,85,0,FALSE,32
FALSE,accepted,0,FALSE,FALSE,45,1,FALSE,1
FALSE,accepted,0,TRUE,TRUE,68,0,FALSE,3
FALSE,accepted,0,FALSE,FALSE,31,0,FALSE,1
FALSE,accepted,0,FALSE,FALSE,53,0,FALSE,1
FALSE,accepted,4,FALSE,FALSE,71,0,FALSE,38
FALSE,accepted,0,FALSE,FALSE,53,0,FALSE,3
FALSE,accepted,0,FALSE,FALSE,30,0,FALSE,14
FALSE,accepted,0,FALSE,FALSE,114,0,FALSE,1
FALSE,accepted,0,TRUE,TRUE,32,0,FALSE,50
FALSE,accepted,1,FALSE,TRUE,52,0,FALSE,5
FALSE,accepted,3,TRUE,TRUE,83,2,FALSE,87
FALSE,accepted,0,TRUE,TRUE,108,3,FALSE,192
FALSE,accepted,0,TRUE,TRUE,12,3,FALSE,52
FALSE,accepted,1,FALSE,FALSE,167,0,FALSE,39
FALSE,unreviewed,0,FALSE,FALSE,152,0,FALSE,0
FALSE,accepted,0,FALSE,FALSE,19,0,FALSE,21
FALSE,unreviewed,0,FALSE,FALSE,66,0,FALSE,0
FALSE,accepted,2,TRUE,FALSE,225,0,FALSE,279
FALSE,accepted,0,TRUE,TRUE,25,0,FALSE,18
FALSE,accepted,0,FALSE,TRUE,60,0,FALSE,8
FALSE,unreviewed,0,TRUE,FALSE,146,0,FALSE,0
FALSE,accepted,0,FALSE,TRUE,46,0,FALSE,6
FALSE,accepted,1,TRUE,TRUE,40,0,FALSE,60
FALSE,accepted,1,TRUE,FALSE,17,0,FALSE,29
FALSE,accepted,0,FALSE,FALSE,75,1,FALSE,14
TRUE,verified,43,TRUE,FALSE,30,9,TRUE,211
FALSE,accepted,0,TRUE,TRUE,25,3,FALSE,27
FALSE,accepted,0,TRUE,FALSE,23,1,FALSE,1
FALSE,accepted,0,FALSE,TRUE,216,0,FALSE,83
FALSE,accepted,3,FALSE,FALSE,71,0,FALSE,4
FALSE,accepted,0,TRUE,TRUE,15,0,FALSE,8
FALSE,accepted,0,FALSE,FALSE,35,0,FALSE,0
FALSE,accepted,0,FALSE,FALSE,22,0,FALSE,0
TRUE,accepted,0,TRUE,TRUE,142,6,FALSE,2
FALSE,unreviewed,0,FALSE,TRUE,47,0,FALSE,1
FALSE,accepted,2,TRUE,TRUE,9,2,FALSE,61
FALSE,unreviewed,0,TRUE,FALSE,54,0,FALSE,1
FALSE,unreviewed,0,FALSE,FALSE,35,0,FALSE,2
FALSE,accepted,0,TRUE,TRUE,27,0,FALSE,1
TRUE,verified,27,TRUE,TRUE,91,2,TRUE,858
FALSE,accepted,0,FALSE,FALSE,222,0,FALSE,70
FALSE,unreviewed,4,TRUE,FALSE,178,0,FALSE,61
FALSE,unreviewed,0,FALSE,FALSE,42,0,FALSE,2
FALSE,accepted,0,FALSE,FALSE,17,0,FALSE,10
FALSE,accepted,0,FALSE,FALSE,14,0,FALSE,16
FALSE,accepted,0,FALSE,FALSE,195,0,FALSE,674
FALSE,accepted,0,TRUE,TRUE,119,3,FALSE,8
FALSE,accepted,0,FALSE,FALSE,13,26,FALSE,67
FALSE,unreviewed,0,TRUE,FALSE,13,0,FALSE,0
FALSE,accepted,0,FALSE,FALSE,71,0,FALSE,8
FALSE,accepted,0,TRUE,TRUE,44,0,FALSE,8
FALSE,accepted,0,FALSE,FALSE,21,2,FALSE,11
TRUE,verified,0,FALSE,FALSE,85,1,TRUE,155
FALSE,accepted,4,FALSE,TRUE,94,0,FALSE,37
FALSE,accepted,0,TRUE,FALSE,73,0,FALSE,6
FALSE,unreviewed,1,FALSE,FALSE,94,0,FALSE,1
FALSE,accepted,0,TRUE,TRUE,25,0,FALSE,24
FALSE,accepted,3,FALSE,TRUE,93,0,FALSE,4
FALSE,unreviewed,0,FALSE,FALSE,40,0,FALSE,2
FALSE,unreviewed,0,FALSE,FALSE,6,0,FALSE,2
FALSE,accepted,0,FALSE,FALSE,27,1,FALSE,0
FALSE,unreviewed,0,FALSE,FALSE,70,0,FALSE,0
FALSE,accepted,1,FALSE,FALSE,105,1,FALSE,6
FALSE,accepted,0,FALSE,FALSE,101,0,FALSE,35
FALSE,accepted,0,TRUE,FALSE,45,0,FALSE,10
FALSE,accepted,3,TRUE,FALSE,104,0,FALSE,30
FALSE,accepted,0,FALSE,TRUE,42,0,FALSE,11
FALSE,accepted,0,FALSE,FALSE,36,0,FALSE,2
FALSE,accepted,1,FALSE,TRUE,76,0,FALSE,31
FALSE,accepted,0,FALSE,FALSE,45,0,FALSE,5
FALSE,accepted,1,FALSE,TRUE,83,0,FALSE,15
FALSE,accepted,0,FALSE,FALSE,26,0,FALSE,1
FALSE,accepted,1,TRUE,TRUE,67,0,FALSE,8
FALSE,accepted,0,FALSE,FALSE,67,0,FALSE,10
FALSE,accepted,0,FALSE,FALSE,63,0,FALSE,1
FALSE,unreviewed,1,TRUE,TRUE,171,0,FALSE,5
FALSE,accepted,0,TRUE,TRUE,48,0,FALSE,15
FALSE,unreviewed,0,TRUE,FALSE,58,0,FALSE,0
FALSE,accepted,3,FALSE,TRUE,331,0,FALSE,120
TRUE,verified,32,TRUE,TRUE,30,3,TRUE,891
FALSE,accepted,2,TRUE,TRUE,16,0,FALSE,59
FALSE,accepted,0,TRUE,FALSE,64,0,FALSE,24
FALSE,accepted,0,TRUE,FALSE,57,0,FALSE,27
FALSE,accepted,0,TRUE,TRUE,74,0,FALSE,1
FALSE,accepted,0,FALSE,FALSE,106,0,FALSE,0
TRUE,accepted,3,TRUE,TRUE,84,6,FALSE,32
FALSE,unreviewed,0,FALSE,FALSE,45,0,FALSE,2
FALSE,accepted,0,TRUE,FALSE,5,0,FALSE,14
FALSE,accepted,0,FALSE,FALSE,26,0,FALSE,0
FALSE,unreviewed,1,FALSE,FALSE,70,0,FALSE,0
FALSE,accepted,2,FALSE,TRUE,18,4,FALSE,39
FALSE,accepted,1,FALSE,FALSE,31,2,FALSE,8
FALSE,unreviewed,0,FALSE,FALSE,31,0,FALSE,5
FALSE,accepted,0,TRUE,FALSE,59,0,FALSE,0
FALSE,accepted,0,TRUE,FALSE,38,0,FALSE,270
FALSE,accepted,2,FALSE,FALSE,78,0,FALSE,23
FALSE,unreviewed,0,FALSE,FALSE,4,0,FALSE,0
FALSE,accepted,0,TRUE,TRUE,111,0,FALSE,16
FALSE,accepted,0,FALSE,TRUE,24,1,FALSE,14
FALSE,accepted,0,FALSE,TRUE,87,1,FALSE,16
FALSE,accepted,2,FALSE,TRUE,138,1,FALSE,32
FALSE,accepted,1,TRUE,FALSE,394,0,FALSE,44
FALSE,accepted,0,TRUE,FALSE,123,0,FALSE,41
FALSE,accepted,1,TRUE,FALSE,44,0,FALSE,20
FALSE,accepted,1,FALSE,FALSE,58,0,FALSE,8
FALSE,unreviewed,1,FALSE,FALSE,15,1,FALSE,-3
FALSE,unreviewed,0,FALSE,FALSE,17,0,FALSE,3
FALSE,accepted,0,FALSE,FALSE,112,0,FALSE,2
FALSE,accepted,1,TRUE,TRUE,108,3,FALSE,95
FALSE,unreviewed,0,TRUE,FALSE,43,0,FALSE,14
FALSE,accepted,0,FALSE,FALSE,82,0,FALSE,4
FALSE,accepted,2,FALSE,FALSE,46,0,FALSE,1
FALSE,unreviewed,0,FALSE,TRUE,47,0,FALSE,0
FALSE,accepted,2,FALSE,FALSE,65,0,FALSE,80
FALSE,accepted,0,FALSE,TRUE,9,1,FALSE,13
FALSE,accepted,0,FALSE,TRUE,54,0,FALSE,65
FALSE,accepted,2,TRUE,TRUE,32,0,FALSE,63
FALSE,accepted,2,FALSE,FALSE,82,0,FALSE,61
FALSE,accepted,0,TRUE,TRUE,45,0,FALSE,8
FALSE,accepted,0,FALSE,FALSE,25,0,FALSE,3
FALSE,accepted,1,FALSE,FALSE,167,0,FALSE,39
FALSE,unreviewed,0,FALSE,FALSE,47,0,FALSE,0
FALSE,accepted,0,FALSE,FALSE,112,0,FALSE,0
FALSE,accepted,1,FALSE,FALSE,111,2,FALSE,10
FALSE,unreviewed,1,TRUE,FALSE,51,0,FALSE,3
FALSE,accepted,0,TRUE,TRUE,70,0,FALSE,20
FALSE,accepted,0,TRUE,FALSE,61,0,FALSE,53
FALSE,accepted,1,FALSE,FALSE,18,2,FALSE,31
FALSE,unreviewed,1,TRUE,FALSE,103,0,FALSE,1
FALSE,unreviewed,0,FALSE,FALSE,16,0,FALSE,3
FALSE,accepted,0,FALSE,TRUE,58,1,FALSE,8
FALSE,unreviewed,0,FALSE,TRUE,36,0,FALSE,0
FALSE,unreviewed,0,FALSE,FALSE,85,0,FALSE,0
FALSE,accepted,0,FALSE,FALSE,97,0,FALSE,3
FALSE,accepted,0,FALSE,FALSE,44,0,FALSE,2
FALSE,accepted,0,FALSE,TRUE,101,0,FALSE,42
FALSE,unreviewed,0,TRUE,FALSE,33,0,FALSE,36
FALSE,accepted,0,FALSE,TRUE,111,0,FALSE,1
FALSE,accepted,0,FALSE,FALSE,24,0,FALSE,2
FALSE,accepted,1,TRUE,TRUE,22,1,FALSE,32
FALSE,accepted,0,FALSE,FALSE,18,0,FALSE,11
FALSE,accepted,1,FALSE,FALSE,102,0,FALSE,10
FALSE,accepted,0,TRUE,FALSE,19,0,FALSE,0
TRUE,accepted,1,FALSE,FALSE,196,26,FALSE,8
FALSE,accepted,1,FALSE,FALSE,72,0,FALSE,11
FALSE,unreviewed,0,FALSE,FALSE,49,0,FALSE,1
FALSE,accepted,0,FALSE,FALSE,44,0,FALSE,4
FALSE,accepted,0,TRUE,TRUE,215,3,FALSE,216
FALSE,accepted,1,TRUE,FALSE,50,1,FALSE,2
FALSE,accepted,0,FALSE,TRUE,46,0,FALSE,94
FALSE,accepted,0,FALSE,FALSE,27,0,FALSE,1
FALSE,accepted,0,FALSE,FALSE,77,0,FALSE,0
FALSE,accepted,0,TRUE,FALSE,61,0,FALSE,14
FALSE,accepted,1,TRUE,TRUE,16,0,FALSE,9
FALSE,unreviewed,0,FALSE,FALSE,33,0,FALSE,0
FALSE,unreviewed,0,FALSE,FALSE,11,0,FALSE,3
FALSE,unreviewed,0,FALSE,FALSE,55,0,FALSE,0
FALSE,accepted,0,TRUE,FALSE,48,0,FALSE,5
FALSE,unreviewed,2,FALSE,FALSE,34,0,FALSE,1
FALSE,accepted,0,FALSE,FALSE,25,0,FALSE,9
FALSE,accepted,0,TRUE,FALSE,42,0,FALSE,19
FALSE,accepted,1,TRUE,FALSE,76,0,FALSE,47
FALSE,verified,0,TRUE,TRUE,30,3,FALSE,56
FALSE,accepted,0,FALSE,FALSE,97,0,FALSE,2
FALSE,accepted,0,FALSE,FALSE,50,0,FALSE,3
FALSE,accepted,2,TRUE,FALSE,91,1,FALSE,40
FALSE,accepted,2,FALSE,FALSE,27,0,FALSE,20
FALSE,unreviewed,0,FALSE,FALSE,107,0,FALSE,1
FALSE,unreviewed,0,FALSE,FALSE,46,0,FALSE,0
FALSE,accepted,0,FALSE,FALSE,674,0,FALSE,15
FALSE,accepted,1,TRUE,FALSE,21,0,FALSE,90
FALSE,accepted,0,FALSE,TRUE,21,0,FALSE,6
FALSE,accepted,0,FALSE,TRUE,13,4,FALSE,47
FALSE,unreviewed,1,FALSE,FALSE,54,0,FALSE,3
FALSE,unreviewed,0,FALSE,FALSE,44,0,FALSE,0
FALSE,unreviewed,0,FALSE,FALSE,70,0,FALSE,0
FALSE,accepted,0,FALSE,TRUE,71,0,FALSE,8
FALSE,accepted,2,TRUE,TRUE,39,0,FALSE,18
FALSE,accepted,1,FALSE,FALSE,233,0,FALSE,2
FALSE,accepted,0,FALSE,TRUE,47,0,FALSE,0
FALSE,accepted,0,FALSE,FALSE,17,0,FALSE,2
FALSE,accepted,0,FALSE,FALSE,38,0,FALSE,0
FALSE,accepted,2,FALSE,FALSE,49,0,FALSE,28
FALSE,accepted,0,TRUE,TRUE,68,3,FALSE,13
FALSE,unreviewed,0,FALSE,FALSE,36,0,FALSE,0
FALSE,unreviewed,1,FALSE,FALSE,11,0,FALSE,2
FALSE,accepted,0,FALSE,FALSE,47,0,FALSE,50
FALSE,unreviewed,0,FALSE,FALSE,65,1,FALSE,1
FALSE,accepted,0,FALSE,FALSE,97,0,FALSE,4
FALSE,accepted,1,FALSE,TRUE,45,3,FALSE,10
FALSE,accepted,0,TRUE,TRUE,81,0,FALSE,4
FALSE,accepted,0,FALSE,FALSE,51,0,FALSE,32
FALSE,accepted,0,TRUE,FALSE,38,0,FALSE,0
FALSE,accepted,0,TRUE,FALSE,128,0,FALSE,86
FALSE,accepted,0,FALSE,FALSE,42,1,FALSE,31
FALSE,unreviewed,0,FALSE,FALSE,7,0,FALSE,1
FALSE,accepted,0,FALSE,TRUE,2,0,FALSE,0
FALSE,accepted,0,TRUE,TRUE,52,0,FALSE,18
FALSE,unreviewed,0,TRUE,FALSE,48,0,FALSE,2
TRUE,verified,19,TRUE,FALSE,25,2,TRUE,1097
FALSE,accepted,0,TRUE,FALSE,46,1,FALSE,2
FALSE,accepted,0,FALSE,FALSE,97,0,FALSE,27
FALSE,accepted,0,FALSE,TRUE,27,0,FALSE,70
FALSE,unreviewed,5,FALSE,FALSE,37,0,FALSE,1
FALSE,accepted,0,TRUE,FALSE,9,0,FALSE,17
FALSE,accepted,0,FALSE,FALSE,75,0,FALSE,10
FALSE,accepted,0,TRUE,FALSE,8,0,FALSE,68
FALSE,accepted,0,TRUE,FALSE,79,0,FALSE,3
FALSE,accepted,0,FALSE,TRUE,8,0,FALSE,6
FALSE,accepted,1,FALSE,TRUE,124,0,FALSE,6
FALSE,accepted,0,FALSE,TRUE,267,0,FALSE,18
FALSE,accepted,1,TRUE,FALSE,37,0,FALSE,59
FALSE,accepted,0,FALSE,TRUE,48,0,FALSE,5
FALSE,accepted,9,TRUE,TRUE,99,0,FALSE,71
FALSE,accepted,1,FALSE,TRUE,49,0,FALSE,3
FALSE,accepted,0,TRUE,TRUE,50,0,FALSE,17
FALSE,unreviewed,0,FALSE,FALSE,27,0,FALSE,2
FALSE,accepted,1,FALSE,FALSE,93,0,FALSE,90
FALSE,accepted,1,FALSE,TRUE,315,2,FALSE,26
FALSE,unreviewed,1,TRUE,TRUE,32,0,FALSE,1
FALSE,verified,2,FALSE,TRUE,48,1,FALSE,39
FALSE,accepted,0,FALSE,FALSE,22,2,FALSE,21
FALSE,accepted,1,FALSE,TRUE,190,0,FALSE,10
FALSE,accepted,0,FALSE,FALSE,91,0,FALSE,93
FALSE,accepted,0,TRUE,FALSE,96,0,FALSE,12
FALSE,accepted,0,FALSE,FALSE,44,0,FALSE,2
FALSE,accepted,0,FALSE,FALSE,28,0,FALSE,49
FALSE,accepted,0,TRUE,TRUE,25,0,FALSE,41
FALSE,unreviewed,1,TRUE,TRUE,241,0,FALSE,9
FALSE,accepted,0,FALSE,FALSE,22,0,FALSE,1
FALSE,accepted,0,TRUE,TRUE,52,1,FALSE,46
FALSE,unreviewed,0,TRUE,FALSE,66,0,FALSE,0
FALSE,accepted,1,FALSE,FALSE,43,2,FALSE,0
FALSE,unreviewed,0,FALSE,FALSE,37,0,FALSE,0
FALSE,unreviewed,0,FALSE,FALSE,13,0,FALSE,1
FALSE,accepted,0,FALSE,FALSE,43,1,FALSE,17
FALSE,accepted,0,FALSE,FALSE,93,1,FALSE,6
FALSE,accepted,0,TRUE,FALSE,21,0,FALSE,63
FALSE,accepted,0,TRUE,TRUE,24,0,FALSE,17
FALSE,accepted,1,FALSE,FALSE,210,0,FALSE,5
FALSE,accepted,0,TRUE,TRUE,6,2,FALSE,54
FALSE,unreviewed,0,FALSE,FALSE,14,0,FALSE,1
FALSE,unreviewed,0,FALSE,FALSE,65,0,FALSE,1
FALSE,unreviewed,0,FALSE,FALSE,49,0,FALSE,0
FALSE,accepted,0,FALSE,FALSE,55,0,FALSE,18
FALSE,accepted,1,FALSE,FALSE,232,0,FALSE,11
FALSE,accepted,0,FALSE,FALSE,80,0,FALSE,53
FALSE,accepted,1,TRUE,FALSE,27,0,FALSE,6
FALSE,accepted,0,FALSE,FALSE,22,0,FALSE,1
FALSE,unreviewed,0,TRUE,TRUE,5,0,FALSE,0
FALSE,accepted,0,TRUE,FALSE,7,0,FALSE,7
FALSE,accepted,0,FALSE,FALSE,36,0,FALSE,52
FALSE,accepted,0,TRUE,TRUE,9,0,FALSE,7
FALSE,accepted,0,FALSE,FALSE,64,2,FALSE,6
FALSE,accepted,0,FALSE,TRUE,42,0,FALSE,10
FALSE,unreviewed,0,FALSE,FALSE,111,0,FALSE,0
FALSE,accepted,0,FALSE,TRUE,15,0,FALSE,2
FALSE,accepted,0,TRUE,TRUE,63,0,FALSE,73
FALSE,accepted,1,TRUE,FALSE,83,0,FALSE,16
FALSE,accepted,1,FALSE,FALSE,94,0,FALSE,5
FALSE,accepted,0,TRUE,FALSE,27,1,FALSE,163
FALSE,accepted,1,FALSE,FALSE,39,0,FALSE,3
FALSE,accepted,0,FALSE,TRUE,63,0,FALSE,1
FALSE,unreviewed,0,TRUE,FALSE,62,0,FALSE,2
FALSE,accepted,0,TRUE,FALSE,21,2,FALSE,95
FALSE,accepted,0,TRUE,TRUE,47,0,FALSE,12
FALSE,unreviewed,0,FALSE,FALSE,77,0,FALSE,0
FALSE,unreviewed,0,FALSE,FALSE,45,0,FALSE,10
FALSE,accepted,0,FALSE,FALSE,142,0,FALSE,2
FALSE,unreviewed,0,TRUE,FALSE,193,0,FALSE,1
FALSE,unreviewed,0,TRUE,TRUE,94,0,FALSE,17
FALSE,accepted,0,FALSE,FALSE,21,0,FALSE,4
FALSE,accepted,0,TRUE,FALSE,45,1,FALSE,15
FALSE,accepted,0,TRUE,FALSE,43,0,FALSE,9
FALSE,accepted,0,FALSE,FALSE,187,2,FALSE,17
FALSE,accepted,0,FALSE,FALSE,37,0,FALSE,5
FALSE,accepted,0,FALSE,TRUE,74,0,FALSE,37
FALSE,verified,0,TRUE,TRUE,40,7,FALSE,3
FALSE,accepted,2,TRUE,FALSE,43,0,FALSE,42
FALSE,accepted,0,FALSE,FALSE,49,0,FALSE,127
FALSE,unreviewed,0,FALSE,FALSE,136,0,FALSE,4
FALSE,accepted,0,TRUE,TRUE,146,2,FALSE,33
FALSE,unreviewed,1,FALSE,FALSE,33,0,FALSE,0
FALSE,accepted,0,FALSE,FALSE,56,0,FALSE,2
FALSE,accepted,0,FALSE,FALSE,52,0,FALSE,1
FALSE,accepted,0,TRUE,FALSE,46,0,FALSE,23
FALSE,accepted,0,FALSE,FALSE,50,1,FALSE,4
FALSE,accepted,1,TRUE,FALSE,226,0,FALSE,38
FALSE,accepted,0,FALSE,FALSE,53,0,FALSE,6
TRUE,verified,20,FALSE,FALSE,40,2,TRUE,161
FALSE,accepted,1,FALSE,FALSE,9,0,FALSE,42
FALSE,accepted,0,FALSE,FALSE,20,0,FALSE,3
FALSE,accepted,0,TRUE,TRUE,9,2,FALSE,27
FALSE,accepted,0,FALSE,FALSE,109,0,FALSE,1
FALSE,unreviewed,0,FALSE,FALSE,67,0,FALSE,1
FALSE,accepted,0,FALSE,FALSE,135,0,FALSE,28
FALSE,accepted,0,TRUE,FALSE,62,0,FALSE,2
FALSE,unreviewed,0,FALSE,FALSE,5,0,FALSE,2
FALSE,accepted,1,TRUE,TRUE,9,0,FALSE,53
FALSE,accepted,0,TRUE,TRUE,72,0,FALSE,2
FALSE,accepted,1,TRUE,FALSE,43,0,FALSE,120
FALSE,accepted,0,TRUE,TRUE,49,1,FALSE,32
TRUE,verified,0,TRUE,TRUE,103,7,TRUE,64
FALSE,accepted,1,TRUE,FALSE,86,0,FALSE,19
FALSE,accepted,1,FALSE,FALSE,46,0,FALSE,4
FALSE,accepted,0,FALSE,FALSE,48,0,FALSE,0
FALSE,accepted,1,FALSE,FALSE,616,0,FALSE,17
FALSE,accepted,1,FALSE,TRUE,239,2,FALSE,26
TRUE,verified,19,TRUE,TRUE,119,4,TRUE,863
FALSE,accepted,4,TRUE,TRUE,165,0,FALSE,124
FALSE,unreviewed,0,TRUE,FALSE,45,0,FALSE,0
FALSE,accepted,0,FALSE,FALSE,250,0,FALSE,9
FALSE,accepted,0,FALSE,FALSE,60,0,FALSE,209
FALSE,unreviewed,0,TRUE,FALSE,51,0,FALSE,1
FALSE,accepted,0,FALSE,FALSE,38,0,FALSE,4
FALSE,accepted,0,FALSE,FALSE,36,0,FALSE,6
FALSE,accepted,0,FALSE,FALSE,33,1,FALSE,0
FALSE,accepted,0,FALSE,FALSE,98,0,FALSE,4
FALSE,accepted,0,FALSE,FALSE,205,0,FALSE,4
FALSE,accepted,0,TRUE,FALSE,43,0,FALSE,4
FALSE,accepted,0,FALSE,FALSE,48,0,FALSE,11
FALSE,unreviewed,1,FALSE,FALSE,35,0,FALSE,1
FALSE,accepted,0,FALSE,FALSE,96,0,FALSE,86
FALSE,accepted,0,TRUE,FALSE,30,9,FALSE,36
FALSE,accepted,0,TRUE,TRUE,6,3,FALSE,50
FALSE,accepted,0,FALSE,TRUE,96,0,FALSE,62
FALSE,accepted,0,FALSE,FALSE,52,0,FALSE,0
FALSE,unreviewed,0,TRUE,FALSE,44,0,FALSE,2
FALSE,accepted,1,FALSE,FALSE,49,0,FALSE,7
FALSE,accepted,0,TRUE,FALSE,31,7,FALSE,4
FALSE,accepted,0,FALSE,FALSE,87,2,FALSE,71
FALSE,accepted,2,FALSE,TRUE,78,0,FALSE,205
FALSE,unreviewed,0,FALSE,FALSE,64,0,FALSE,1
FALSE,accepted,0,TRUE,TRUE,287,0,FALSE,76
FALSE,accepted,1,TRUE,TRUE,127,0,FALSE,36
FALSE,accepted,0,FALSE,TRUE,7,1,FALSE,31
FALSE,unreviewed,1,FALSE,FALSE,48,0,FALSE,1
FALSE,unreviewed,0,FALSE,FALSE,196,0,FALSE,0
FALSE,unreviewed,0,FALSE,FALSE,70,0,FALSE,2
FALSE,accepted,0,FALSE,TRUE,6,1,FALSE,145
FALSE,accepted,0,FALSE,FALSE,19,0,FALSE,34
FALSE,accepted,2,FALSE,FALSE,80,0,FALSE,1
FALSE,accepted,0,FALSE,TRUE,27,3,FALSE,0
FALSE,accepted,0,TRUE,FALSE,45,0,FALSE,3
FALSE,accepted,0,FALSE,TRUE,43,0,FALSE,50
FALSE,accepted,1,TRUE,FALSE,42,0,FALSE,47
FALSE,accepted,0,FALSE,FALSE,143,2,FALSE,3
FALSE,accepted,1,FALSE,FALSE,412,0,FALSE,86
FALSE,accepted,0,FALSE,FALSE,48,2,FALSE,18
TRUE,verified,4,FALSE,TRUE,69,5,TRUE,221
FALSE,accepted,0,FALSE,FALSE,112,0,FALSE,0
FALSE,accepted,0,FALSE,FALSE,61,0,FALSE,0
FALSE,accepted,0,FALSE,TRUE,108,0,FALSE,18
FALSE,accepted,1,TRUE,FALSE,107,0,FALSE,30
FALSE,unreviewed,0,FALSE,FALSE,53,0,FALSE,0
FALSE,accepted,0,TRUE,FALSE,111,0,FALSE,74
FALSE,accepted,0,FALSE,TRUE,29,0,FALSE,9
FALSE,accepted,0,TRUE,TRUE,77,0,FALSE,13
FALSE,accepted,0,FALSE,TRUE,166,1,FALSE,46
FALSE,accepted,1,TRUE,FALSE,92,0,FALSE,30
FALSE,verified,0,TRUE,FALSE,45,4,FALSE,19
FALSE,accepted,0,TRUE,TRUE,14,0,FALSE,172
FALSE,accepted,0,FALSE,FALSE,39,0,FALSE,8
FALSE,unreviewed,1,FALSE,FALSE,5,0,FALSE,0
TRUE,verified,2,FALSE,FALSE,79,3,TRUE,1076
FALSE,accepted,0,FALSE,FALSE,40,1,FALSE,0
FALSE,accepted,2,TRUE,FALSE,72,1,FALSE,57
FALSE,unreviewed,0,FALSE,FALSE,21,0,FALSE,0
FALSE,unreviewed,0,FALSE,FALSE,121,0,FALSE,1
FALSE,accepted,1,TRUE,FALSE,42,0,FALSE,7
FALSE,accepted,1,FALSE,FALSE,86,0,FALSE,31
FALSE,accepted,0,FALSE,TRUE,119,0,FALSE,7
FALSE,accepted,0,FALSE,FALSE,44,0,FALSE,0
FALSE,accepted,0,FALSE,FALSE,21,0,FALSE,9
TRUE,verified,0,TRUE,TRUE,56,4,TRUE,58
FALSE,unreviewed,0,FALSE,FALSE,37,0,FALSE,-1
TRUE,verified,38,TRUE,FALSE,47,9,TRUE,672
FALSE,accepted,1,FALSE,TRUE,38,0,FALSE,36
FALSE,accepted,0,FALSE,TRUE,45,0,FALSE,122
FALSE,accepted,1,FALSE,FALSE,76,0,FALSE,5
FALSE,unreviewed,0,FALSE,FALSE,35,0,FALSE,3
TRUE,verified,2,FALSE,TRUE,19,5,TRUE,178
FALSE,accepted,0,TRUE,TRUE,83,0,FALSE,86
FALSE,unreviewed,0,FALSE,FALSE,80,0,FALSE,1
FALSE,unreviewed,0,FALSE,FALSE,51,0,FALSE,0
TRUE,accepted,11,FALSE,FALSE,169,2,FALSE,141
FALSE,accepted,0,TRUE,FALSE,40,0,FALSE,5
FALSE,accepted,1,TRUE,FALSE,31,3,FALSE,21
TRUE,verified,4,TRUE,FALSE,116,7,TRUE,103
FALSE,accepted,0,TRUE,TRUE,44,4,FALSE,17
FALSE,accepted,0,FALSE,TRUE,101,0,FALSE,28
FALSE,accepted,1,FALSE,FALSE,46,0,FALSE,0
FALSE,unreviewed,0,FALSE,FALSE,31,0,FALSE,0
FALSE,accepted,0,TRUE,FALSE,18,0,FALSE,16
FALSE,accepted,0,TRUE,TRUE,49,0,FALSE,202
FALSE,accepted,0,FALSE,TRUE,53,0,FALSE,2
FALSE,unreviewed,0,FALSE,FALSE,166,0,FALSE,0
FALSE,accepted,1,FALSE,TRUE,80,0,FALSE,36
FALSE,accepted,1,TRUE,FALSE,33,2,FALSE,81
FALSE,accepted,0,TRUE,FALSE,51,2,FALSE,265
FALSE,accepted,0,TRUE,FALSE,40,0,FALSE,130
FALSE,accepted,0,FALSE,FALSE,116,0,FALSE,6
FALSE,accepted,0,FALSE,FALSE,56,0,FALSE,1
FALSE,accepted,0,FALSE,FALSE,37,0,FALSE,10
TRUE,verified,40,TRUE,TRUE,156,1,TRUE,744
FALSE,accepted,1,FALSE,FALSE,46,0,FALSE,7
FALSE,unreviewed,0,FALSE,FALSE,27,0,FALSE,1
TRUE,verified,2,TRUE,TRUE,52,7,TRUE,45
FALSE,accepted,2,FALSE,FALSE,110,2,FALSE,214
TRUE,verified,1,TRUE,FALSE,45,4,TRUE,26
FALSE,accepted,0,TRUE,TRUE,25,0,FALSE,37
FALSE,accepted,0,FALSE,FALSE,13,0,FALSE,1
FALSE,accepted,1,TRUE,FALSE,52,0,FALSE,12
FALSE,accepted,1,FALSE,FALSE,41,2,FALSE,21
FALSE,accepted,0,TRUE,FALSE,37,0,FALSE,14
FALSE,accepted,2,FALSE,TRUE,64,1,FALSE,16
FALSE,accepted,1,FALSE,FALSE,34,0,FALSE,29
FALSE,accepted,0,FALSE,FALSE,15,1,FALSE,5
FALSE,accepted,0,FALSE,FALSE,28,0,FALSE,12
FALSE,accepted,0,FALSE,FALSE,20,0,FALSE,21
FALSE,unreviewed,0,FALSE,FALSE,69,0,FALSE,1
FALSE,accepted,0,TRUE,TRUE,40,4,FALSE,37
FALSE,accepted,0,FALSE,TRUE,30,0,FALSE,7
FALSE,accepted,0,FALSE,TRUE,7,0,FALSE,1
FALSE,accepted,0,FALSE,TRUE,51,0,FALSE,0
FALSE,accepted,0,TRUE,FALSE,6,0,FALSE,18
FALSE,accepted,0,FALSE,FALSE,16,0,FALSE,2
FALSE,accepted,0,FALSE,FALSE,42,1,FALSE,2
FALSE,accepted,0,FALSE,FALSE,102,2,FALSE,42
FALSE,accepted,0,FALSE,FALSE,122,0,FALSE,7
FALSE,unreviewed,0,FALSE,FALSE,44,0,FALSE,2
FALSE,accepted,2,TRUE,TRUE,103,0,FALSE,10
FALSE,accepted,0,FALSE,TRUE,21,0,FALSE,20
FALSE,accepted,0,TRUE,FALSE,60,2,FALSE,42
TRUE,verified,60,TRUE,TRUE,17,3,TRUE,954
FALSE,accepted,1,TRUE,FALSE,100,0,FALSE,44
FALSE,accepted,0,TRUE,TRUE,28,0,FALSE,45
FALSE,accepted,0,TRUE,TRUE,119,4,FALSE,20
FALSE,accepted,4,TRUE,FALSE,57,0,FALSE,13
TRUE,verified,8,TRUE,TRUE,55,3,TRUE,268
FALSE,accepted,0,FALSE,TRUE,28,4,FALSE,110
FALSE,accepted,0,FALSE,FALSE,54,0,FALSE,52
FALSE,accepted,0,FALSE,FALSE,75,2,FALSE,4
FALSE,accepted,0,TRUE,TRUE,41,0,FALSE,10
FALSE,accepted,0,TRUE,TRUE,56,0,FALSE,73
FALSE,accepted,0,TRUE,TRUE,17,3,FALSE,14
FALSE,accepted,1,FALSE,FALSE,109,0,FALSE,3
FALSE,accepted,10,TRUE,TRUE,339,0,FALSE,70
FALSE,unreviewed,0,FALSE,FALSE,32,0,FALSE,-1
FALSE,accepted,0,FALSE,FALSE,139,0,FALSE,17
FALSE,accepted,0,FALSE,FALSE,29,0,FALSE,11
FALSE,accepted,1,FALSE,TRUE,47,0,FALSE,4
FALSE,accepted,2,TRUE,TRUE,103,0,FALSE,65
FALSE,unreviewed,0,FALSE,FALSE,22,0,FALSE,0
FALSE,accepted,0,FALSE,FALSE,148,0,FALSE,17
FALSE,accepted,0,FALSE,FALSE,107,0,FALSE,49
FALSE,accepted,0,FALSE,TRUE,93,5,FALSE,127
FALSE,accepted,0,TRUE,TRUE,55,0,FALSE,2
FALSE,accepted,0,FALSE,FALSE,24,0,FALSE,1
FALSE,unreviewed,0,FALSE,FALSE,41,0,FALSE,1
FALSE,accepted,0,FALSE,TRUE,22,0,FALSE,1
FALSE,accepted,0,FALSE,TRUE,165,1,FALSE,89
FALSE,accepted,0,FALSE,FALSE,146,0,FALSE,11
FALSE,accepted,0,FALSE,FALSE,30,0,FALSE,2
FALSE,unreviewed,0,FALSE,FALSE,30,0,FALSE,5
FALSE,accepted,0,FALSE,FALSE,126,0,FALSE,49
FALSE,accepted,0,FALSE,FALSE,69,0,FALSE,56
FALSE,accepted,0,FALSE,FALSE,148,0,FALSE,2
FALSE,accepted,3,TRUE,FALSE,85,0,FALSE,234
FALSE,accepted,0,FALSE,TRUE,17,0,FALSE,1
FALSE,accepted,0,FALSE,TRUE,101,0,FALSE,4
FALSE,accepted,1,FALSE,TRUE,19,0,FALSE,8
FALSE,accepted,2,FALSE,TRUE,189,0,FALSE,47
FALSE,accepted,1,TRUE,FALSE,42,0,FALSE,8
FALSE,accepted,1,TRUE,TRUE,46,3,FALSE,14
FALSE,accepted,1,TRUE,FALSE,58,0,FALSE,23
FALSE,accepted,1,FALSE,FALSE,108,0,FALSE,64
FALSE,accepted,1,FALSE,FALSE,187,0,FALSE,172
FALSE,unreviewed,1,TRUE,FALSE,102,0,FALSE,15
TRUE,verified,10,FALSE,TRUE,89,1,TRUE,1041
FALSE,unreviewed,0,TRUE,FALSE,57,0,FALSE,0
FALSE,unreviewed,0,FALSE,FALSE,10,0,FALSE,3
FALSE,accepted,0,FALSE,TRUE,42,0,FALSE,0
FALSE,accepted,1,FALSE,TRUE,41,0,FALSE,21
FALSE,accepted,2,FALSE,FALSE,50,0,FALSE,10
FALSE,accepted,0,FALSE,FALSE,50,0,FALSE,21
FALSE,accepted,0,TRUE,TRUE,48,2,FALSE,78
FALSE,accepted,0,TRUE,FALSE,89,0,FALSE,20
FALSE,unreviewed,0,FALSE,FALSE,38,0,FALSE,0
FALSE,unreviewed,0,TRUE,FALSE,19,0,FALSE,0
FALSE,accepted,0,FALSE,FALSE,249,0,FALSE,5
FALSE,accepted,0,FALSE,FALSE,29,0,FALSE,2
FALSE,accepted,1,TRUE,TRUE,7,0,FALSE,23
FALSE,accepted,0,FALSE,FALSE,52,0,FALSE,3
FALSE,accepted,1,TRUE,TRUE,149,0,FALSE,13
FALSE,accepted,1,FALSE,FALSE,25,0,FALSE,36
FALSE,accepted,2,TRUE,TRUE,20,3,FALSE,135
FALSE,accepted,1,TRUE,TRUE,271,0,FALSE,79
FALSE,accepted,0,TRUE,FALSE,101,0,FALSE,50
FALSE,accepted,0,FALSE,FALSE,55,0,FALSE,2
FALSE,unreviewed,0,FALSE,FALSE,35,0,FALSE,0
FALSE,accepted,0,TRUE,FALSE,65,0,FALSE,6
FALSE,accepted,5,FALSE,TRUE,47,0,FALSE,71
FALSE,accepted,1,FALSE,FALSE,38,0,FALSE,3
FALSE,accepted,1,TRUE,TRUE,95,0,FALSE,126
FALSE,accepted,0,TRUE,FALSE,29,0,FALSE,6
FALSE,accepted,1,TRUE,FALSE,17,1,FALSE,15
FALSE,accepted,0,TRUE,TRUE,27,4,FALSE,0
FALSE,accepted,0,FALSE,TRUE,57,0,FALSE,0
FALSE,unreviewed,0,FALSE,FALSE,15,0,FALSE,0
FALSE,accepted,0,TRUE,TRUE,70,0,FALSE,20
FALSE,accepted,4,FALSE,FALSE,202,0,FALSE,54
FALSE,accepted,4,TRUE,FALSE,53,1,FALSE,20
FALSE,accepted,0,FALSE,TRUE,62,0,FALSE,5
FALSE,unreviewed,0,FALSE,FALSE,55,0,FALSE,0
FALSE,accepted,0,FALSE,FALSE,44,0,FALSE,4
FALSE,accepted,0,FALSE,TRUE,42,0,FALSE,0
FALSE,unreviewed,0,FALSE,FALSE,57,0,FALSE,0
FALSE,accepted,0,FALSE,FALSE,21,1,FALSE,23
FALSE,unreviewed,0,FALSE,FALSE,25,0,FALSE,1
FALSE,unreviewed,0,FALSE,FALSE,7,0,FALSE,0
FALSE,unreviewed,0,FALSE,FALSE,37,0,FALSE,1
FALSE,accepted,1,TRUE,TRUE,31,2,FALSE,57
FALSE,unreviewed,0,TRUE,FALSE,99,0,FALSE,6
TRUE,verified,1,FALSE,FALSE,416,1,TRUE,103
FALSE,accepted,0,FALSE,TRUE,31,1,FALSE,71
FALSE,accepted,0,FALSE,FALSE,40,0,FALSE,13
FALSE,accepted,0,FALSE,FALSE,39,0,FALSE,0
FALSE,accepted,0,TRUE,FALSE,61,0,FALSE,21
FALSE,accepted,2,FALSE,FALSE,59,0,FALSE,38
FALSE,accepted,1,TRUE,TRUE,50,0,FALSE,28
FALSE,accepted,3,FALSE,FALSE,93,1,FALSE,72
FALSE,unreviewed,1,FALSE,FALSE,250,0,FALSE,2
FALSE,accepted,3,TRUE,TRUE,45,4,FALSE,337
TRUE,verified,31,TRUE,TRUE,38,3,TRUE,348
FALSE,accepted,0,TRUE,TRUE,22,0,FALSE,5
FALSE,unreviewed,0,FALSE,FALSE,38,0,FALSE,1
FALSE,accepted,0,FALSE,TRUE,85,0,FALSE,35
FALSE,accepted,0,TRUE,FALSE,42,0,FALSE,20
FALSE,accepted,0,FALSE,FALSE,186,0,FALSE,97
FALSE,accepted,0,FALSE,TRUE,65,0,FALSE,27
FALSE,accepted,0,FALSE,FALSE,30,0,FALSE,0
FALSE,accepted,0,TRUE,TRUE,17,0,FALSE,4
FALSE,accepted,0,TRUE,FALSE,48,2,FALSE,311
FALSE,accepted,0,TRUE,FALSE,44,0,FALSE,3
FALSE,unreviewed,0,TRUE,FALSE,45,0,FALSE,2
FALSE,accepted,2,TRUE,FALSE,36,0,FALSE,4
FALSE,unreviewed,0,FALSE,FALSE,53,0,FALSE,1
FALSE,unreviewed,0,FALSE,TRUE,66,0,FALSE,0
FALSE,unreviewed,0,FALSE,FALSE,31,0,FALSE,1
FALSE,accepted,0,FALSE,FALSE,96,0,FALSE,130
TRUE,verified,4,FALSE,FALSE,107,3,TRUE,566
FALSE,accepted,2,FALSE,FALSE,87,0,FALSE,11
FALSE,accepted,0,FALSE,TRUE,39,0,FALSE,3
FALSE,accepted,2,FALSE,FALSE,47,0,FALSE,0
FALSE,accepted,3,FALSE,TRUE,96,0,FALSE,139
FALSE,accepted,0,FALSE,FALSE,25,0,FALSE,1
FALSE,accepted,9,TRUE,TRUE,288,0,FALSE,149
FALSE,accepted,0,TRUE,TRUE,27,0,FALSE,7
FALSE,accepted,0,FALSE,TRUE,96,0,FALSE,8
FALSE,accepted,0,FALSE,FALSE,31,0,FALSE,4
FALSE,accepted,0,FALSE,FALSE,244,0,FALSE,1
FALSE,accepted,0,TRUE,FALSE,17,0,FALSE,2
FALSE,verified,2,TRUE,TRUE,21,2,FALSE,30
FALSE,accepted,0,FALSE,TRUE,127,0,FALSE,72
FALSE,accepted,0,TRUE,TRUE,58,0,FALSE,3
FALSE,unreviewed,0,FALSE,FALSE,44,0,FALSE,0
TRUE,verified,43,FALSE,TRUE,48,1,TRUE,786
FALSE,accepted,0,FALSE,FALSE,18,0,FALSE,10
FALSE,accepted,0,TRUE,FALSE,77,0,FALSE,17
FALSE,accepted,2,FALSE,TRUE,116,0,FALSE,0
FALSE,accepted,0,TRUE,TRUE,61,0,FALSE,27
FALSE,accepted,0,TRUE,FALSE,52,0,FALSE,12
FALSE,accepted,2,FALSE,TRUE,265,2,FALSE,35
FALSE,accepted,3,FALSE,FALSE,24,0,FALSE,52
FALSE,accepted,1,FALSE,FALSE,153,0,FALSE,16
FALSE,accepted,2,FALSE,TRUE,112,0,FALSE,26
FALSE,accepted,0,FALSE,FALSE,62,2,FALSE,19
FALSE,accepted,0,TRUE,FALSE,33,1,FALSE,32
FALSE,accepted,1,FALSE,FALSE,35,0,FALSE,3
FALSE,accepted,0,TRUE,FALSE,23,0,FALSE,1
FALSE,accepted,0,FALSE,FALSE,49,0,FALSE,0
FALSE,accepted,4,FALSE,FALSE,129,0,FALSE,57
FALSE,accepted,0,FALSE,FALSE,44,0,FALSE,7
FALSE,accepted,1,FALSE,FALSE,45,1,FALSE,2
FALSE,accepted,1,TRUE,FALSE,55,0,FALSE,3
FALSE,accepted,0,FALSE,FALSE,115,0,FALSE,34
FALSE,accepted,0,FALSE,FALSE,13,0,FALSE,15
FALSE,accepted,0,FALSE,FALSE,51,0,FALSE,3
FALSE,accepted,1,TRUE,TRUE,66,4,FALSE,5
FALSE,accepted,3,FALSE,TRUE,30,1,FALSE,31
FALSE,accepted,0,FALSE,FALSE,25,0,FALSE,2
FALSE,accepted,0,FALSE,TRUE,29,0,FALSE,8
FALSE,accepted,1,FALSE,FALSE,16,2,FALSE,49
FALSE,unreviewed,2,TRUE,TRUE,44,0,FALSE,62
FALSE,accepted,0,FALSE,FALSE,60,0,FALSE,14
FALSE,accepted,0,FALSE,FALSE,54,0,FALSE,17
FALSE,accepted,0,FALSE,FALSE,62,0,FALSE,1
FALSE,accepted,0,TRUE,FALSE,136,0,FALSE,4
FALSE,accepted,0,TRUE,FALSE,74,1,FALSE,39
FALSE,accepted,0,FALSE,TRUE,10,2,FALSE,152
FALSE,accepted,0,FALSE,FALSE,56,0,FALSE,7
FALSE,accepted,0,TRUE,FALSE,25,0,FALSE,56
FALSE,unreviewed,0,FALSE,FALSE,42,0,FALSE,2
FALSE,accepted,0,TRUE,TRUE,36,3,FALSE,32
FALSE,accepted,0,TRUE,TRUE,20,0,FALSE,16
FALSE,unreviewed,0,TRUE,FALSE,121,0,FALSE,1
FALSE,accepted,0,FALSE,FALSE,143,0,FALSE,59
FALSE,accepted,0,FALSE,FALSE,52,0,FALSE,23
FALSE,accepted,0,FALSE,FALSE,152,0,FALSE,6
FALSE,accepted,0,FALSE,FALSE,29,0,FALSE,8
FALSE,accepted,0,TRUE,FALSE,196,0,FALSE,17
TRUE,verified,4,TRUE,FALSE,57,4,TRUE,59
TRUE,verified,6,TRUE,FALSE,6,3,TRUE,284
FALSE,unreviewed,0,FALSE,FALSE,128,0,FALSE,2
FALSE,accepted,1,TRUE,TRUE,32,0,FALSE,7
FALSE,unreviewed,0,FALSE,FALSE,39,0,FALSE,0
FALSE,accepted,2,TRUE,TRUE,67,0,FALSE,5
FALSE,unreviewed,0,FALSE,FALSE,102,0,FALSE,3
FALSE,accepted,0,FALSE,FALSE,53,2,FALSE,11
FALSE,accepted,1,FALSE,FALSE,52,1,FALSE,17
FALSE,accepted,1,TRUE,FALSE,42,0,FALSE,0
FALSE,accepted,0,FALSE,TRUE,39,0,FALSE,26
FALSE,accepted,2,FALSE,FALSE,326,1,FALSE,90
FALSE,unreviewed,0,FALSE,FALSE,24,0,FALSE,0
TRUE,accepted,0,FALSE,FALSE,93,26,FALSE,5
FALSE,accepted,1,FALSE,FALSE,123,0,FALSE,7
FALSE,accepted,0,FALSE,FALSE,36,0,FALSE,56
FALSE,accepted,0,TRUE,FALSE,140,0,FALSE,19
FALSE,unreviewed,0,FALSE,TRUE,3,0,FALSE,0
FALSE,accepted,0,FALSE,TRUE,25,2,FALSE,29
FALSE,unreviewed,1,TRUE,FALSE,52,0,FALSE,-1
FALSE,accepted,0,TRUE,TRUE,53,0,FALSE,199
FALSE,accepted,0,FALSE,FALSE,36,0,FALSE,3
FALSE,accepted,0,TRUE,TRUE,40,0,FALSE,22
FALSE,unreviewed,0,FALSE,FALSE,107,0,FALSE,1
FALSE,unreviewed,0,FALSE,FALSE,87,0,FALSE,1
FALSE,unreviewed,1,TRUE,FALSE,37,0,FALSE,5
FALSE,accepted,0,FALSE,FALSE,128,0,FALSE,1
FALSE,accepted,0,TRUE,TRUE,145,3,FALSE,54
FALSE,accepted,0,TRUE,TRUE,9,0,FALSE,50
FALSE,accepted,0,FALSE,FALSE,28,0,FALSE,0
FALSE,accepted,0,TRUE,FALSE,58,0,FALSE,51
FALSE,accepted,0,TRUE,FALSE,49,0,FALSE,3
FALSE,accepted,0,TRUE,FALSE,86,0,FALSE,24
FALSE,accepted,0,FALSE,FALSE,54,0,FALSE,31
FALSE,accepted,0,FALSE,TRUE,30,0,FALSE,14
FALSE,accepted,0,FALSE,FALSE,100,0,FALSE,1
FALSE,accepted,0,TRUE,FALSE,47,0,FALSE,0
FALSE,accepted,0,TRUE,FALSE,33,2,FALSE,2
TRUE,verified,17,TRUE,FALSE,20,9,TRUE,137
FALSE,accepted,0,FALSE,FALSE,89,0,FALSE,2
FALSE,accepted,0,FALSE,TRUE,63,0,FALSE,43
FALSE,accepted,0,TRUE,FALSE,37,0,FALSE,99
FALSE,accepted,0,FALSE,TRUE,26,0,FALSE,2
FALSE,accepted,0,FALSE,TRUE,48,0,FALSE,3
FALSE,accepted,1,FALSE,FALSE,41,0,FALSE,5
FALSE,accepted,9,TRUE,TRUE,79,0,FALSE,29
FALSE,accepted,0,TRUE,FALSE,79,0,FALSE,246
FALSE,accepted,0,TRUE,TRUE,57,0,FALSE,4
TRUE,verified,0,TRUE,FALSE,21,1,TRUE,109
FALSE,accepted,0,FALSE,TRUE,40,0,FALSE,1
FALSE,accepted,0,FALSE,FALSE,68,0,FALSE,27
FALSE,unreviewed,0,FALSE,FALSE,32,0,FALSE,0
FALSE,unreviewed,0,FALSE,FALSE,303,1,FALSE,0
FALSE,unreviewed,0,FALSE,FALSE,304,0,FALSE,0
FALSE,accepted,3,TRUE,TRUE,55,1,FALSE,42
FALSE,accepted,0,FALSE,FALSE,116,0,FALSE,3
FALSE,accepted,0,TRUE,FALSE,74,0,FALSE,46
FALSE,accepted,1,FALSE,TRUE,20,0,FALSE,211
FALSE,accepted,0,FALSE,FALSE,44,0,FALSE,22
FALSE,accepted,1,TRUE,FALSE,252,0,FALSE,1
FALSE,accepted,0,FALSE,FALSE,42,0,FALSE,68
FALSE,accepted,0,FALSE,TRUE,33,0,FALSE,4
FALSE,accepted,0,FALSE,FALSE,45,26,FALSE,13
FALSE,accepted,0,FALSE,FALSE,86,0,FALSE,18
FALSE,accepted,0,TRUE,FALSE,61,0,FALSE,7
FALSE,unreviewed,0,FALSE,FALSE,46,0,FALSE,8
FALSE,unreviewed,1,FALSE,FALSE,41,0,FALSE,0
FALSE,unreviewed,0,TRUE,FALSE,98,0,FALSE,0
FALSE,accepted,4,FALSE,FALSE,88,0,FALSE,50
FALSE,accepted,1,TRUE,FALSE,59,0,FALSE,20
FALSE,accepted,0,FALSE,TRUE,46,0,FALSE,10
FALSE,unreviewed,0,FALSE,FALSE,25,0,FALSE,2
TRUE,verified,21,TRUE,FALSE,45,9,TRUE,315
FALSE,accepted,0,FALSE,FALSE,78,0,FALSE,116
FALSE,unreviewed,0,FALSE,FALSE,79,0,FALSE,4
FALSE,accepted,0,TRUE,TRUE,18,0,FALSE,17
FALSE,accepted,0,TRUE,TRUE,43,0,FALSE,20
FALSE,accepted,0,FALSE,FALSE,58,0,FALSE,34
FALSE,accepted,0,FALSE,FALSE,50,0,FALSE,1
FALSE,unreviewed,3,FALSE,FALSE,151,0,FALSE,32
FALSE,unreviewed,1,FALSE,FALSE,39,0,FALSE,0
FALSE,accepted,0,TRUE,TRUE,47,0,FALSE,0
FALSE,accepted,1,TRUE,TRUE,53,0,FALSE,3
FALSE,unreviewed,0,FALSE,TRUE,114,0,FALSE,0
FALSE,unreviewed,0,FALSE,FALSE,69,0,FALSE,1
FALSE,accepted,0,FALSE,TRUE,54,0,FALSE,1
FALSE,unreviewed,0,FALSE,FALSE,42,0,FALSE,0
FALSE,accepted,0,FALSE,FALSE,37,0,FALSE,29
FALSE,accepted,0,FALSE,FALSE,297,0,FALSE,6
FALSE,verified,1,TRUE,FALSE,19,4,FALSE,84
FALSE,accepted,1,FALSE,FALSE,49,0,FALSE,6
FALSE,unreviewed,1,FALSE,FALSE,46,0,FALSE,1
FALSE,accepted,1,TRUE,FALSE,28,0,FALSE,9
FALSE,accepted,0,FALSE,TRUE,25,0,FALSE,2
FALSE,accepted,0,TRUE,FALSE,184,0,FALSE,103
FALSE,accepted,0,FALSE,FALSE,18,0,FALSE,19
FALSE,unreviewed,1,FALSE,FALSE,16,0,FALSE,-2
FALSE,accepted,0,FALSE,FALSE,52,0,FALSE,2
FALSE,accepted,0,TRUE,TRUE,39,0,FALSE,9
FALSE,accepted,0,FALSE,FALSE,21,0,FALSE,2
FALSE,accepted,0,FALSE,FALSE,45,0,FALSE,1
FALSE,accepted,0,FALSE,FALSE,69,0,FALSE,31
FALSE,accepted,0,TRUE,FALSE,13,0,FALSE,10
FALSE,accepted,0,TRUE,FALSE,64,0,FALSE,3
FALSE,accepted,0,FALSE,FALSE,53,0,FALSE,15
FALSE,unreviewed,0,FALSE,FALSE,59,0,FALSE,4
FALSE,unreviewed,0,FALSE,FALSE,51,0,FALSE,0
FALSE,accepted,0,TRUE,FALSE,32,0,FALSE,142
FALSE,accepted,0,TRUE,FALSE,37,2,FALSE,66
FALSE,accepted,0,FALSE,FALSE,16,2,FALSE,20
FALSE,accepted,1,FALSE,TRUE,21,2,FALSE,141
FALSE,unreviewed,0,FALSE,FALSE,21,0,FALSE,1
FALSE,unreviewed,0,TRUE,FALSE,41,0,FALSE,0
FALSE,accepted,0,FALSE,FALSE,113,0,FALSE,0
TRUE,verified,3,FALSE,TRUE,163,2,TRUE,326
FALSE,accepted,0,FALSE,TRUE,17,0,FALSE,27
FALSE,accepted,0,FALSE,FALSE,82,0,FALSE,4
FALSE,accepted,0,FALSE,FALSE,26,0,FALSE,2
FALSE,accepted,1,FALSE,FALSE,43,0,FALSE,1
FALSE,accepted,0,TRUE,TRUE,15,0,FALSE,23
FALSE,accepted,0,FALSE,FALSE,63,2,FALSE,27
FALSE,accepted,0,TRUE,TRUE,50,0,FALSE,12
FALSE,unreviewed,0,FALSE,FALSE,36,0,FALSE,0
FALSE,accepted,0,FALSE,FALSE,52,0,FALSE,0
FALSE,accepted,0,TRUE,FALSE,82,0,FALSE,66
FALSE,accepted,0,FALSE,FALSE,165,0,FALSE,238
FALSE,accepted,0,TRUE,TRUE,62,4,FALSE,7
FALSE,accepted,3,FALSE,FALSE,45,0,FALSE,14
FALSE,accepted,1,TRUE,FALSE,113,0,FALSE,8
FALSE,accepted,2,FALSE,FALSE,26,0,FALSE,4
FALSE,accepted,2,TRUE,TRUE,72,0,FALSE,31
FALSE,accepted,0,FALSE,TRUE,34,0,FALSE,1
FALSE,unreviewed,0,FALSE,TRUE,40,0,FALSE,2
FALSE,accepted,0,TRUE,FALSE,137,0,FALSE,10
FALSE,accepted,0,FALSE,FALSE,43,0,FALSE,3
FALSE,accepted,0,FALSE,FALSE,97,0,FALSE,21
FALSE,accepted,2,FALSE,FALSE,206,0,FALSE,4
FALSE,accepted,0,FALSE,TRUE,51,0,FALSE,4
FALSE,accepted,0,TRUE,FALSE,49,3,FALSE,23
FALSE,accepted,0,FALSE,FALSE,168,0,FALSE,19
FALSE,accepted,1,FALSE,FALSE,21,0,FALSE,8
FALSE,unreviewed,0,TRUE,FALSE,36,0,FALSE,1
FALSE,unreviewed,0,FALSE,FALSE,45,1,FALSE,2
FALSE,accepted,11,TRUE,TRUE,188,0,FALSE,243
FALSE,accepted,0,TRUE,TRUE,19,0,FALSE,12
FALSE,accepted,0,FALSE,TRUE,42,0,FALSE,21
FALSE,accepted,0,TRUE,FALSE,41,0,FALSE,1
FALSE,accepted,0,FALSE,TRUE,15,0,FALSE,1
FALSE,accepted,0,FALSE,FALSE,45,0,FALSE,122
FALSE,unreviewed,0,FALSE,FALSE,9,0,FALSE,3
FALSE,accepted,0,TRUE,TRUE,30,0,FALSE,27
FALSE,accepted,0,FALSE,TRUE,80,0,FALSE,3
FALSE,accepted,0,FALSE,TRUE,69,0,FALSE,18
FALSE,unreviewed,0,FALSE,FALSE,54,1,FALSE,2
FALSE,accepted,1,TRUE,TRUE,129,0,FALSE,13
FALSE,accepted,0,FALSE,FALSE,179,0,FALSE,84
FALSE,accepted,0,FALSE,FALSE,21,2,FALSE,107
FALSE,accepted,0,FALSE,FALSE,25,0,FALSE,6
FALSE,accepted,0,TRUE,FALSE,16,4,FALSE,37
FALSE,accepted,1,FALSE,FALSE,14,0,FALSE,3
FALSE,accepted,0,FALSE,TRUE,103,0,FALSE,8
FALSE,accepted,0,TRUE,TRUE,25,3,FALSE,77
FALSE,accepted,0,FALSE,FALSE,105,0,FALSE,35
FALSE,accepted,0,TRUE,TRUE,68,0,FALSE,25
FALSE,unreviewed,2,FALSE,FALSE,105,0,FALSE,0
FALSE,accepted,0,FALSE,FALSE,67,0,FALSE,45
FALSE,accepted,0,FALSE,FALSE,62,0,FALSE,35
FALSE,unreviewed,0,FALSE,FALSE,48,0,FALSE,1
FALSE,accepted,0,FALSE,TRUE,45,0,FALSE,7
FALSE,accepted,0,FALSE,TRUE,55,0,FALSE,18
FALSE,accepted,0,FALSE,FALSE,59,2,FALSE,39
TRUE,verified,2,TRUE,FALSE,36,1,TRUE,224
FALSE,accepted,0,FALSE,FALSE,64,0,FALSE,13
FALSE,accepted,0,FALSE,FALSE,124,3,FALSE,47
FALSE,accepted,0,TRUE,FALSE,11,0,FALSE,1
FALSE,accepted,1,TRUE,TRUE,55,2,FALSE,4
FALSE,unreviewed,0,FALSE,FALSE,26,0,FALSE,1
FALSE,accepted,0,FALSE,FALSE,27,0,FALSE,5
FALSE,unreviewed,0,FALSE,FALSE,18,0,FALSE,-1
FALSE,accepted,0,FALSE,FALSE,54,0,FALSE,6
FALSE,accepted,0,FALSE,FALSE,52,0,FALSE,80
FALSE,unreviewed,0,FALSE,FALSE,240,0,FALSE,0
FALSE,accepted,3,FALSE,FALSE,69,0,FALSE,68
FALSE,accepted,0,FALSE,FALSE,127,0,FALSE,72
FALSE,accepted,1,FALSE,TRUE,196,0,FALSE,68
FALSE,accepted,2,FALSE,TRUE,40,0,FALSE,6
FALSE,unreviewed,0,FALSE,FALSE,49,1,FALSE,0
FALSE,accepted,1,FALSE,TRUE,43,0,FALSE,43
FALSE,accepted,0,TRUE,FALSE,13,0,FALSE,25
FALSE,accepted,0,FALSE,FALSE,47,0,FALSE,5
FALSE,accepted,0,TRUE,TRUE,34,0,FALSE,8
FALSE,accepted,9,FALSE,TRUE,49,0,FALSE,116
FALSE,unreviewed,0,TRUE,FALSE,21,0,FALSE,1
FALSE,verified,0,TRUE,FALSE,36,1,FALSE,86
FALSE,accepted,0,FALSE,FALSE,203,0,FALSE,10
FALSE,accepted,1,TRUE,TRUE,35,0,FALSE,15
TRUE,accepted,1,TRUE,FALSE,88,12,FALSE,4
FALSE,accepted,1,TRUE,FALSE,47,0,FALSE,24
FALSE,accepted,0,TRUE,TRUE,35,0,FALSE,6
FALSE,accepted,0,FALSE,TRUE,40,0,FALSE,2
FALSE,accepted,0,TRUE,TRUE,49,3,FALSE,17
FALSE,accepted,0,FALSE,FALSE,40,0,FALSE,45
FALSE,accepted,0,TRUE,TRUE,17,0,FALSE,11
FALSE,accepted,0,FALSE,TRUE,59,1,FALSE,18
FALSE,accepted,0,FALSE,FALSE,37,0,FALSE,109
FALSE,accepted,2,TRUE,TRUE,90,3,FALSE,36
FALSE,accepted,0,FALSE,FALSE,38,0,FALSE,10
FALSE,accepted,0,TRUE,TRUE,38,0,FALSE,30
FALSE,accepted,1,TRUE,FALSE,64,0,FALSE,13
FALSE,accepted,0,FALSE,FALSE,50,2,FALSE,4
FALSE,accepted,0,TRUE,TRUE,18,0,FALSE,20
FALSE,accepted,0,TRUE,TRUE,6,0,FALSE,15
FALSE,accepted,0,TRUE,FALSE,5,0,FALSE,0
FALSE,accepted,0,TRUE,TRUE,33,0,FALSE,4
TRUE,verified,0,TRUE,TRUE,17,3,TRUE,128
FALSE,accepted,2,FALSE,FALSE,14,0,FALSE,16
FALSE,accepted,0,FALSE,FALSE,54,1,FALSE,16
FALSE,accepted,0,TRUE,FALSE,108,0,FALSE,48
FALSE,accepted,0,TRUE,FALSE,27,0,FALSE,6
FALSE,unreviewed,0,FALSE,FALSE,37,0,FALSE,1
FALSE,accepted,0,FALSE,FALSE,52,0,FALSE,7
FALSE,accepted,0,TRUE,FALSE,19,0,FALSE,56
FALSE,unreviewed,0,FALSE,FALSE,68,0,FALSE,2
FALSE,unreviewed,0,FALSE,FALSE,30,0,FALSE,0
FALSE,accepted,0,FALSE,FALSE,7,1,FALSE,11
FALSE,accepted,0,TRUE,TRUE,21,0,FALSE,12
FALSE,accepted,0,FALSE,FALSE,43,0,FALSE,0
FALSE,accepted,0,TRUE,FALSE,9,12,FALSE,3
FALSE,accepted,0,FALSE,FALSE,34,0,FALSE,4
TRUE,verified,2,TRUE,FALSE,106,2,TRUE,183
FALSE,accepted,2,FALSE,TRUE,27,0,FALSE,34
FALSE,accepted,0,TRUE,TRUE,12,0,FALSE,23
FALSE,unreviewed,0,FALSE,FALSE,28,0,FALSE,0
FALSE,unreviewed,1,FALSE,FALSE,85,0,FALSE,1
FALSE,accepted,3,TRUE,TRUE,120,0,FALSE,52
FALSE,accepted,0,TRUE,FALSE,34,0,FALSE,42
FALSE,accepted,0,FALSE,TRUE,189,1,FALSE,64
FALSE,accepted,0,TRUE,FALSE,40,0,FALSE,16
FALSE,accepted,5,TRUE,TRUE,261,0,FALSE,232
TRUE,verified,11,FALSE,FALSE,35,2,TRUE,443
FALSE,accepted,0,FALSE,FALSE,125,0,FALSE,8
FALSE,accepted,0,FALSE,FALSE,66,0,FALSE,41
FALSE,accepted,0,FALSE,FALSE,80,0,FALSE,4
FALSE,accepted,2,FALSE,FALSE,175,0,FALSE,59
FALSE,accepted,0,TRUE,FALSE,9,0,FALSE,7
FALSE,accepted,0,TRUE,TRUE,158,0,FALSE,82
FALSE,unreviewed,0,FALSE,FALSE,149,0,FALSE,0
FALSE,accepted,1,FALSE,TRUE,36,0,FALSE,1
FALSE,accepted,0,FALSE,FALSE,39,0,FALSE,1
FALSE,accepted,0,TRUE,TRUE,53,0,FALSE,4
FALSE,accepted,0,TRUE,FALSE,82,0,FALSE,9
FALSE,accepted,0,FALSE,FALSE,54,0,FALSE,0
FALSE,accepted,0,TRUE,TRUE,36,0,FALSE,13
FALSE,accepted,3,TRUE,TRUE,201,0,FALSE,68
FALSE,unreviewed,0,FALSE,FALSE,56,0,FALSE,1
FALSE,accepted,0,TRUE,TRUE,74,0,FALSE,30
FALSE,accepted,1,FALSE,FALSE,97,0,FALSE,6
FALSE,accepted,0,FALSE,FALSE,36,0,FALSE,4
FALSE,accepted,0,TRUE,TRUE,32,1,FALSE,53
FALSE,accepted,0,TRUE,TRUE,38,3,FALSE,29
TRUE,verified,40,TRUE,TRUE,156,1,TRUE,744
FALSE,accepted,3,FALSE,FALSE,33,0,FALSE,6
FALSE,accepted,0,FALSE,FALSE,43,0,FALSE,7
FALSE,unreviewed,0,FALSE,FALSE,31,0,FALSE,2
FALSE,unreviewed,0,FALSE,TRUE,25,0,FALSE,0
FALSE,accepted,0,FALSE,FALSE,51,0,FALSE,1
FALSE,accepted,0,FALSE,FALSE,83,0,FALSE,2
FALSE,verified,7,TRUE,TRUE,156,1,FALSE,133
FALSE,accepted,1,FALSE,FALSE,32,0,FALSE,2
FALSE,accepted,1,FALSE,FALSE,88,0,FALSE,24
FALSE,accepted,0,TRUE,TRUE,38,2,FALSE,27
FALSE,accepted,0,FALSE,TRUE,39,0,FALSE,8
FALSE,accepted,0,TRUE,TRUE,79,0,FALSE,40
FALSE,accepted,1,TRUE,FALSE,93,0,FALSE,108
FALSE,accepted,1,FALSE,FALSE,58,0,FALSE,0
FALSE,accepted,1,FALSE,FALSE,71,0,FALSE,38
FALSE,unreviewed,0,FALSE,FALSE,91,0,FALSE,0
FALSE,unreviewed,0,FALSE,FALSE,41,0,FALSE,0
FALSE,accepted,0,TRUE,FALSE,12,3,FALSE,4
FALSE,accepted,0,TRUE,TRUE,82,1,FALSE,41
FALSE,accepted,0,FALSE,FALSE,47,0,FALSE,13
FALSE,accepted,1,TRUE,TRUE,87,0,FALSE,71
FALSE,accepted,0,FALSE,TRUE,45,0,FALSE,37
FALSE,accepted,1,FALSE,TRUE,49,0,FALSE,14
FALSE,accepted,1,TRUE,TRUE,31,2,FALSE,69
FALSE,accepted,0,FALSE,FALSE,43,0,FALSE,77
FALSE,accepted,0,FALSE,FALSE,111,0,FALSE,1
FALSE,accepted,1,FALSE,FALSE,283,0,FALSE,44
FALSE,accepted,0,FALSE,TRUE,41,0,FALSE,40
TRUE,verified,22,TRUE,FALSE,48,6,TRUE,571
FALSE,unreviewed,0,TRUE,FALSE,80,0,FALSE,1
FALSE,unreviewed,0,FALSE,FALSE,142,0,FALSE,5
FALSE,accepted,1,FALSE,FALSE,103,0,FALSE,4
FALSE,unreviewed,0,FALSE,FALSE,4,0,FALSE,4
FALSE,accepted,0,FALSE,FALSE,47,0,FALSE,10
FALSE,accepted,0,FALSE,FALSE,9,0,FALSE,4
FALSE,accepted,0,FALSE,FALSE,37,0,FALSE,29
FALSE,accepted,0,FALSE,FALSE,28,0,FALSE,1
FALSE,unreviewed,0,FALSE,FALSE,67,0,FALSE,3
FALSE,accepted,1,TRUE,TRUE,50,3,FALSE,43
FALSE,unreviewed,0,FALSE,FALSE,46,0,FALSE,0
TRUE,verified,0,FALSE,FALSE,103,2,TRUE,146
TRUE,verified,1,TRUE,FALSE,19,4,TRUE,130
FALSE,accepted,0,TRUE,TRUE,39,0,FALSE,17
FALSE,accepted,0,TRUE,FALSE,17,0,FALSE,24
TRUE,verified,1,FALSE,FALSE,107,1,TRUE,209
FALSE,accepted,0,FALSE,FALSE,261,0,FALSE,395
FALSE,accepted,0,TRUE,TRUE,54,3,FALSE,5
FALSE,accepted,1,FALSE,TRUE,7,4,FALSE,31
FALSE,accepted,0,FALSE,FALSE,1045,0,FALSE,26
FALSE,unreviewed,0,FALSE,FALSE,71,0,FALSE,4
FALSE,accepted,2,FALSE,FALSE,94,0,FALSE,24
FALSE,unreviewed,0,FALSE,FALSE,14,0,FALSE,0
FALSE,accepted,1,FALSE,FALSE,32,0,FALSE,111
TRUE,verified,2,FALSE,TRUE,98,2,TRUE,262
FALSE,accepted,0,FALSE,TRUE,10,0,FALSE,3
FALSE,unreviewed,0,FALSE,FALSE,55,0,FALSE,0
FALSE,accepted,0,FALSE,FALSE,30,0,FALSE,0
FALSE,accepted,1,FALSE,TRUE,134,0,FALSE,126
FALSE,accepted,0,FALSE,FALSE,102,0,FALSE,71
FALSE,accepted,0,TRUE,TRUE,668,0,FALSE,876
FALSE,accepted,0,TRUE,FALSE,57,0,FALSE,6
FALSE,accepted,0,FALSE,FALSE,74,0,FALSE,1
FALSE,unreviewed,0,FALSE,FALSE,36,0,FALSE,1
FALSE,accepted,1,TRUE,FALSE,20,1,FALSE,31
FALSE,unreviewed,0,FALSE,TRUE,117,0,FALSE,15
TRUE,accepted,0,TRUE,FALSE,59,1,FALSE,-3
FALSE,accepted,0,FALSE,FALSE,155,0,FALSE,3
FALSE,accepted,0,FALSE,FALSE,50,0,FALSE,15
FALSE,accepted,0,TRUE,FALSE,62,0,FALSE,2
FALSE,accepted,0,TRUE,FALSE,60,0,FALSE,1
FALSE,unreviewed,0,FALSE,FALSE,45,0,FALSE,2
FALSE,accepted,0,FALSE,TRUE,42,0,FALSE,1
FALSE,accepted,0,TRUE,TRUE,63,0,FALSE,7
FALSE,unreviewed,0,TRUE,FALSE,34,0,FALSE,1
FALSE,accepted,1,FALSE,FALSE,45,0,FALSE,0
FALSE,accepted,0,TRUE,FALSE,94,0,FALSE,7
TRUE,verified,26,TRUE,TRUE,146,2,TRUE,1034
FALSE,accepted,2,TRUE,TRUE,29,0,FALSE,11
FALSE,accepted,0,FALSE,FALSE,7,0,FALSE,6
FALSE,accepted,1,FALSE,FALSE,163,0,FALSE,10
FALSE,accepted,0,FALSE,FALSE,26,2,FALSE,2
FALSE,accepted,1,TRUE,TRUE,33,1,FALSE,51
TRUE,verified,4,FALSE,FALSE,23,1,TRUE,150
FALSE,accepted,0,TRUE,FALSE,45,0,FALSE,0
FALSE,accepted,1,TRUE,TRUE,66,0,FALSE,78
FALSE,accepted,2,TRUE,TRUE,103,0,FALSE,19
FALSE,accepted,0,TRUE,FALSE,52,2,FALSE,34
FALSE,accepted,0,TRUE,FALSE,95,0,FALSE,124
FALSE,unreviewed,0,FALSE,FALSE,47,1,FALSE,0
FALSE,accepted,0,FALSE,FALSE,42,0,FALSE,18
FALSE,accepted,0,FALSE,FALSE,22,0,FALSE,50
FALSE,accepted,2,TRUE,FALSE,40,0,FALSE,9
FALSE,unreviewed,0,TRUE,FALSE,35,4,FALSE,3
FALSE,accepted,0,TRUE,TRUE,76,0,FALSE,65
FALSE,unreviewed,0,FALSE,FALSE,52,0,FALSE,2
FALSE,unreviewed,0,FALSE,FALSE,105,0,FALSE,1
FALSE,accepted,1,TRUE,TRUE,83,0,FALSE,13
FALSE,accepted,1,FALSE,FALSE,39,0,FALSE,2
FALSE,unreviewed,0,FALSE,FALSE,17,0,FALSE,1
FALSE,unreviewed,1,FALSE,FALSE,72,0,FALSE,5
FALSE,accepted,0,FALSE,FALSE,48,0,FALSE,0
TRUE,verified,9,FALSE,FALSE,22,2,TRUE,443
FALSE,accepted,0,TRUE,FALSE,24,3,FALSE,34
FALSE,accepted,2,TRUE,TRUE,54,0,FALSE,14
FALSE,accepted,0,FALSE,FALSE,192,0,FALSE,12
FALSE,unreviewed,1,FALSE,FALSE,44,0,FALSE,1
FALSE,accepted,0,FALSE,TRUE,44,0,FALSE,1
FALSE,accepted,0,FALSE,FALSE,18,0,FALSE,25
FALSE,accepted,2,FALSE,FALSE,91,0,FALSE,8
TRUE,verified,2,TRUE,FALSE,120,3,TRUE,170
FALSE,accepted,0,FALSE,FALSE,303,0,FALSE,6
FALSE,accepted,0,FALSE,FALSE,21,1,FALSE,4
TRUE,verified,2,TRUE,TRUE,175,3,TRUE,210
FALSE,accepted,1,FALSE,FALSE,93,0,FALSE,3
FALSE,accepted,0,TRUE,FALSE,85,0,FALSE,63
FALSE,accepted,0,FALSE,FALSE,13,0,FALSE,9
FALSE,accepted,0,FALSE,TRUE,72,0,FALSE,4
FALSE,accepted,1,FALSE,FALSE,6,0,FALSE,1
FALSE,accepted,0,FALSE,TRUE,41,0,FALSE,38
FALSE,accepted,0,FALSE,FALSE,25,0,FALSE,28
FALSE,unreviewed,0,FALSE,FALSE,147,0,FALSE,3
FALSE,accepted,0,TRUE,TRUE,122,0,FALSE,380
FALSE,accepted,0,FALSE,FALSE,44,0,FALSE,2
FALSE,accepted,0,FALSE,FALSE,51,0,FALSE,1
FALSE,accepted,1,FALSE,FALSE,125,0,FALSE,2
FALSE,accepted,1,TRUE,FALSE,23,0,FALSE,60
TRUE,accepted,0,TRUE,FALSE,110,12,FALSE,5
FALSE,accepted,1,FALSE,TRUE,64,0,FALSE,71
FALSE,accepted,1,TRUE,FALSE,31,2,FALSE,92
FALSE,accepted,0,FALSE,FALSE,22,0,FALSE,6
FALSE,accepted,0,TRUE,TRUE,25,0,FALSE,19
FALSE,accepted,0,TRUE,TRUE,67,4,FALSE,27
TRUE,verified,3,TRUE,TRUE,11,4,TRUE,44
FALSE,accepted,0,TRUE,FALSE,113,1,FALSE,15
FALSE,accepted,6,TRUE,FALSE,25,0,FALSE,131
FALSE,unreviewed,0,FALSE,FALSE,73,0,FALSE,0
FALSE,accepted,0,FALSE,FALSE,99,0,FALSE,4
FALSE,accepted,1,FALSE,TRUE,25,1,FALSE,88
FALSE,accepted,1,FALSE,FALSE,9,0,FALSE,19
FALSE,accepted,0,FALSE,TRUE,21,1,FALSE,44
FALSE,accepted,0,FALSE,FALSE,74,0,FALSE,37
FALSE,unreviewed,0,FALSE,FALSE,25,0,FALSE,0
TRUE,verified,19,TRUE,TRUE,25,2,TRUE,1097
FALSE,accepted,0,FALSE,TRUE,40,0,FALSE,4
FALSE,accepted,0,FALSE,FALSE,435,0,FALSE,51
FALSE,accepted,0,TRUE,FALSE,58,7,FALSE,5
FALSE,accepted,6,FALSE,FALSE,119,1,FALSE,52
FALSE,accepted,0,TRUE,FALSE,62,0,FALSE,28
FALSE,accepted,0,FALSE,TRUE,39,0,FALSE,132
FALSE,unreviewed,0,FALSE,FALSE,74,0,FALSE,2
FALSE,accepted,0,FALSE,FALSE,26,2,FALSE,21
FALSE,accepted,0,FALSE,TRUE,25,0,FALSE,1
FALSE,accepted,0,FALSE,FALSE,5,0,FALSE,0
FALSE,accepted,0,FALSE,FALSE,8,0,FALSE,14
FALSE,accepted,0,FALSE,TRUE,51,0,FALSE,32
FALSE,accepted,0,TRUE,TRUE,8,3,FALSE,26
FALSE,accepted,0,FALSE,FALSE,24,0,FALSE,3
FALSE,accepted,1,FALSE,TRUE,88,0,FALSE,-4
FALSE,accepted,1,FALSE,TRUE,41,3,FALSE,6
FALSE,accepted,0,FALSE,FALSE,35,0,FALSE,8
FALSE,unreviewed,0,FALSE,FALSE,26,0,FALSE,0
FALSE,unreviewed,2,FALSE,TRUE,56,0,FALSE,10
FALSE,accepted,0,TRUE,FALSE,33,0,FALSE,4
TRUE,accepted,2,TRUE,FALSE,170,12,FALSE,31
FALSE,accepted,0,TRUE,TRUE,126,0,FALSE,15
TRUE,verified,26,TRUE,TRUE,32,4,TRUE,369
FALSE,accepted,3,TRUE,TRUE,22,0,FALSE,9
FALSE,accepted,0,FALSE,FALSE,48,0,FALSE,3
FALSE,accepted,1,FALSE,FALSE,34,0,FALSE,3
TRUE,verified,1,TRUE,FALSE,19,4,TRUE,130
FALSE,accepted,0,FALSE,FALSE,25,0,FALSE,0
FALSE,accepted,0,FALSE,FALSE,31,0,FALSE,3
FALSE,unreviewed,0,FALSE,FALSE,59,0,FALSE,0
FALSE,accepted,2,TRUE,TRUE,113,3,FALSE,33
FALSE,accepted,1,FALSE,TRUE,40,0,FALSE,2
FALSE,accepted,0,TRUE,TRUE,24,0,FALSE,63
FALSE,accepted,0,FALSE,FALSE,45,1,FALSE,0
FALSE,accepted,2,TRUE,FALSE,35,0,FALSE,5
FALSE,accepted,3,FALSE,FALSE,42,0,FALSE,17
FALSE,accepted,8,FALSE,FALSE,72,0,FALSE,48
FALSE,unreviewed,0,FALSE,FALSE,16,0,FALSE,1
FALSE,accepted,0,TRUE,FALSE,17,0,FALSE,5
FALSE,accepted,0,FALSE,FALSE,49,0,FALSE,682
FALSE,accepted,1,TRUE,FALSE,64,1,FALSE,174
FALSE,unreviewed,0,FALSE,FALSE,34,0,FALSE,0
FALSE,unreviewed,0,FALSE,FALSE,19,0,FALSE,0
FALSE,accepted,0,TRUE,TRUE,68,0,FALSE,53
FALSE,accepted,1,FALSE,TRUE,65,0,FALSE,50
TRUE,verified,58,TRUE,TRUE,107,4,TRUE,1314
FALSE,accepted,0,FALSE,FALSE,9,0,FALSE,87
FALSE,accepted,0,FALSE,FALSE,45,0,FALSE,2
FALSE,accepted,2,FALSE,TRUE,29,2,FALSE,40
FALSE,accepted,0,FALSE,FALSE,204,0,FALSE,17
FALSE,unreviewed,1,FALSE,FALSE,90,0,FALSE,3
FALSE,accepted,0,TRUE,FALSE,30,1,FALSE,43
FALSE,accepted,1,TRUE,TRUE,25,0,FALSE,89
TRUE,verified,0,FALSE,FALSE,107,3,TRUE,657
TRUE,verified,0,TRUE,FALSE,45,4,TRUE,113
FALSE,accepted,1,TRUE,FALSE,46,0,FALSE,36
FALSE,accepted,0,TRUE,TRUE,31,0,FALSE,3
FALSE,accepted,0,TRUE,TRUE,36,2,FALSE,58
FALSE,accepted,0,TRUE,FALSE,38,3,FALSE,29
FALSE,unreviewed,0,TRUE,FALSE,23,0,FALSE,0
FALSE,unreviewed,0,FALSE,FALSE,44,0,FALSE,1
FALSE,accepted,0,TRUE,FALSE,49,0,FALSE,4
FALSE,accepted,2,FALSE,TRUE,23,0,FALSE,37
FALSE,accepted,0,TRUE,TRUE,59,0,FALSE,88
FALSE,accepted,0,FALSE,FALSE,156,0,FALSE,0
FALSE,accepted,0,FALSE,FALSE,54,0,FALSE,2
FALSE,accepted,1,FALSE,TRUE,96,0,FALSE,52
FALSE,accepted,0,FALSE,FALSE,146,0,FALSE,95
FALSE,unreviewed,0,FALSE,FALSE,40,0,FALSE,0
FALSE,accepted,0,FALSE,TRUE,36,0,FALSE,1
TRUE,accepted,0,FALSE,FALSE,79,26,FALSE,1
FALSE,accepted,0,TRUE,TRUE,38,0,FALSE,55
FALSE,accepted,0,TRUE,TRUE,54,0,FALSE,172
FALSE,accepted,0,TRUE,TRUE,78,4,FALSE,18
FALSE,accepted,0,FALSE,FALSE,74,2,FALSE,97
FALSE,accepted,0,TRUE,TRUE,48,1,FALSE,13
FALSE,accepted,0,TRUE,TRUE,69,0,FALSE,4
TRUE,verified,155,TRUE,TRUE,81,3,TRUE,1738
FALSE,accepted,0,TRUE,FALSE,25,3,FALSE,27
FALSE,accepted,4,FALSE,FALSE,129,0,FALSE,57
FALSE,accepted,0,TRUE,FALSE,50,0,FALSE,18
FALSE,accepted,0,FALSE,TRUE,24,0,FALSE,6
FALSE,accepted,6,TRUE,FALSE,7,2,FALSE,83
FALSE,accepted,1,FALSE,FALSE,62,0,FALSE,1
FALSE,unreviewed,0,FALSE,FALSE,47,0,FALSE,2
FALSE,accepted,0,FALSE,FALSE,70,0,FALSE,5
FALSE,accepted,3,FALSE,FALSE,91,0,FALSE,2
FALSE,unreviewed,0,FALSE,FALSE,84,0,FALSE,3
FALSE,accepted,0,TRUE,TRUE,39,3,FALSE,32
FALSE,accepted,1,FALSE,FALSE,88,1,FALSE,19
FALSE,unreviewed,0,FALSE,FALSE,68,0,FALSE,2
FALSE,accepted,0,TRUE,TRUE,83,1,FALSE,33
FALSE,unreviewed,0,FALSE,FALSE,178,0,FALSE,1
FALSE,accepted,0,FALSE,TRUE,117,0,FALSE,48
FALSE,accepted,0,TRUE,TRUE,91,0,FALSE,266
TRUE,accepted,0,TRUE,TRUE,40,6,FALSE,4
TRUE,accepted,0,TRUE,FALSE,50,12,FALSE,22
FALSE,accepted,0,TRUE,TRUE,75,4,FALSE,22
FALSE,accepted,0,TRUE,TRUE,87,0,FALSE,17
FALSE,accepted,2,FALSE,TRUE,207,0,FALSE,28
FALSE,accepted,0,TRUE,FALSE,52,0,FALSE,61
FALSE,accepted,0,FALSE,FALSE,112,0,FALSE,2
FALSE,accepted,0,FALSE,FALSE,107,0,FALSE,6
FALSE,accepted,2,TRUE,TRUE,161,0,FALSE,67
FALSE,accepted,0,TRUE,FALSE,66,0,FALSE,0
FALSE,unreviewed,0,TRUE,FALSE,33,0,FALSE,0
FALSE,accepted,0,FALSE,FALSE,54,2,FALSE,3
FALSE,unreviewed,0,FALSE,FALSE,139,0,FALSE,2
FALSE,accepted,4,TRUE,TRUE,43,4,FALSE,30
FALSE,accepted,1,TRUE,TRUE,164,2,FALSE,25
FALSE,accepted,0,TRUE,TRUE,17,0,FALSE,27
FALSE,accepted,0,TRUE,TRUE,169,7,FALSE,12
FALSE,accepted,0,FALSE,FALSE,53,0,FALSE,4
FALSE,accepted,3,FALSE,FALSE,119,0,FALSE,475
FALSE,unreviewed,0,FALSE,FALSE,44,0,FALSE,0
TRUE,accepted,0,TRUE,TRUE,142,6,FALSE,-3
FALSE,unreviewed,0,FALSE,FALSE,41,0,FALSE,1
FALSE,accepted,0,TRUE,TRUE,62,0,FALSE,11
FALSE,accepted,0,FALSE,TRUE,156,0,FALSE,117
FALSE,accepted,0,FALSE,FALSE,148,2,FALSE,29
FALSE,unreviewed,0,FALSE,TRUE,52,0,FALSE,3
FALSE,accepted,1,FALSE,FALSE,176,0,FALSE,30
FALSE,accepted,0,FALSE,FALSE,11,0,FALSE,4
TRUE,verified,42,TRUE,TRUE,118,3,TRUE,1793
FALSE,unreviewed,0,FALSE,FALSE,40,0,FALSE,0
FALSE,accepted,2,FALSE,TRUE,53,1,FALSE,18
FALSE,unreviewed,1,TRUE,FALSE,53,0,FALSE,8
FALSE,accepted,2,TRUE,FALSE,42,0,FALSE,15
FALSE,accepted,0,TRUE,TRUE,49,3,FALSE,23
FALSE,unreviewed,0,FALSE,FALSE,107,0,FALSE,0
FALSE,accepted,3,TRUE,TRUE,43,0,FALSE,84
FALSE,accepted,0,FALSE,FALSE,20,0,FALSE,1
FALSE,accepted,0,FALSE,TRUE,44,3,FALSE,4
FALSE,accepted,0,FALSE,FALSE,20,2,FALSE,97
FALSE,accepted,2,TRUE,FALSE,18,0,FALSE,38
FALSE,accepted,1,FALSE,FALSE,196,0,FALSE,68
FALSE,accepted,0,FALSE,FALSE,48,0,FALSE,74
FALSE,accepted,1,FALSE,FALSE,70,0,FALSE,43
FALSE,accepted,0,FALSE,TRUE,55,0,FALSE,51
FALSE,accepted,0,FALSE,TRUE,8,2,FALSE,36
FALSE,unreviewed,0,FALSE,FALSE,79,0,FALSE,0
FALSE,accepted,1,TRUE,TRUE,36,0,FALSE,107
FALSE,accepted,4,FALSE,FALSE,34,0,FALSE,-10
FALSE,unreviewed,0,FALSE,FALSE,36,0,FALSE,0
FALSE,accepted,2,FALSE,FALSE,289,0,FALSE,59
FALSE,unreviewed,0,FALSE,FALSE,68,0,FALSE,1
FALSE,accepted,0,FALSE,FALSE,51,0,FALSE,18
FALSE,accepted,0,FALSE,FALSE,35,0,FALSE,2
FALSE,accepted,1,FALSE,TRUE,92,1,FALSE,119
FALSE,accepted,3,FALSE,TRUE,109,2,FALSE,15
FALSE,unreviewed,1,FALSE,FALSE,4,0,FALSE,0
FALSE,accepted,1,FALSE,FALSE,108,0,FALSE,6
FALSE,unreviewed,1,TRUE,TRUE,65,0,FALSE,7
FALSE,accepted,2,FALSE,FALSE,68,0,FALSE,7
FALSE,accepted,0,FALSE,TRUE,17,0,FALSE,2
FALSE,unreviewed,0,FALSE,FALSE,28,0,FALSE,0
FALSE,accepted,11,FALSE,TRUE,31,0,FALSE,34
FALSE,accepted,0,FALSE,FALSE,68,0,FALSE,25
FALSE,accepted,0,FALSE,TRUE,26,0,FALSE,0
FALSE,unreviewed,0,FALSE,FALSE,15,0,FALSE,1
FALSE,accepted,0,FALSE,FALSE,21,0,FALSE,11
FALSE,accepted,12,FALSE,FALSE,156,0,FALSE,105
FALSE,accepted,0,FALSE,FALSE,30,3,FALSE,46
FALSE,accepted,0,FALSE,FALSE,49,0,FALSE,1
FALSE,accepted,1,FALSE,FALSE,116,0,FALSE,58
FALSE,unreviewed,0,FALSE,FALSE,93,0,FALSE,0
FALSE,accepted,0,TRUE,TRUE,25,0,FALSE,24
FALSE,accepted,0,TRUE,FALSE,15,1,FALSE,33
FALSE,accepted,0,FALSE,FALSE,137,0,FALSE,0
FALSE,unreviewed,0,FALSE,FALSE,57,0,FALSE,0
FALSE,accepted,2,FALSE,TRUE,36,0,FALSE,34
FALSE,accepted,1,FALSE,FALSE,27,0,FALSE,-1
FALSE,accepted,4,FALSE,TRUE,179,0,FALSE,25
FALSE,accepted,0,TRUE,TRUE,30,0,FALSE,12
FALSE,accepted,0,TRUE,TRUE,29,0,FALSE,16
FALSE,accepted,0,FALSE,FALSE,55,0,FALSE,1
FALSE,accepted,1,FALSE,FALSE,40,0,FALSE,1
FALSE,accepted,0,FALSE,FALSE,27,0,FALSE,16
FALSE,accepted,0,FALSE,FALSE,41,0,FALSE,7
FALSE,accepted,0,FALSE,FALSE,115,0,FALSE,5
FALSE,unreviewed,1,FALSE,FALSE,36,0,FALSE,2
FALSE,accepted,0,FALSE,TRUE,104,0,FALSE,24
FALSE,accepted,0,FALSE,TRUE,55,0,FALSE,5
FALSE,unreviewed,0,FALSE,FALSE,63,0,FALSE,1
FALSE,unreviewed,0,FALSE,FALSE,49,0,FALSE,1
FALSE,accepted,2,FALSE,FALSE,77,0,FALSE,3
FALSE,unreviewed,0,FALSE,FALSE,16,0,FALSE,7
FALSE,unreviewed,0,FALSE,FALSE,127,0,FALSE,0
FALSE,unreviewed,0,FALSE,FALSE,41,0,FALSE,0
FALSE,accepted,0,FALSE,FALSE,84,0,FALSE,3
FALSE,accepted,0,TRUE,TRUE,54,0,FALSE,2
FALSE,accepted,3,FALSE,FALSE,27,0,FALSE,164
FALSE,accepted,0,TRUE,FALSE,21,0,FALSE,6
FALSE,accepted,4,FALSE,TRUE,30,0,FALSE,51
FALSE,accepted,1,FALSE,FALSE,52,0,FALSE,-2
FALSE,unreviewed,1,FALSE,FALSE,27,0,FALSE,4
FALSE,accepted,0,FALSE,FALSE,24,0,FALSE,2
FALSE,accepted,1,TRUE,TRUE,24,0,FALSE,43
TRUE,accepted,1,FALSE,FALSE,55,26,FALSE,2
FALSE,accepted,0,TRUE,FALSE,8,0,FALSE,130
FALSE,accepted,0,TRUE,TRUE,32,0,FALSE,2
FALSE,accepted,0,TRUE,FALSE,270,2,FALSE,163
FALSE,accepted,0,FALSE,FALSE,11,0,FALSE,4
FALSE,accepted,0,TRUE,TRUE,7,0,FALSE,9
FALSE,accepted,3,TRUE,TRUE,116,0,FALSE,39
FALSE,accepted,0,TRUE,FALSE,29,9,FALSE,17
FALSE,unreviewed,0,FALSE,FALSE,105,0,FALSE,0
TRUE,verified,0,TRUE,FALSE,78,7,TRUE,39
FALSE,accepted,0,FALSE,FALSE,32,0,FALSE,4
FALSE,accepted,1,TRUE,FALSE,58,0,FALSE,42
FALSE,accepted,0,FALSE,FALSE,70,1,FALSE,0
FALSE,accepted,4,TRUE,TRUE,189,0,FALSE,61
FALSE,accepted,0,FALSE,FALSE,50,0,FALSE,7
FALSE,accepted,0,TRUE,FALSE,92,0,FALSE,19
FALSE,accepted,0,TRUE,FALSE,6,0,FALSE,8
FALSE,accepted,1,FALSE,TRUE,96,0,FALSE,26
FALSE,accepted,0,FALSE,TRUE,36,0,FALSE,5
FALSE,accepted,6,TRUE,TRUE,266,0,FALSE,105
FALSE,accepted,0,FALSE,FALSE,337,0,FALSE,40
FALSE,accepted,0,TRUE,FALSE,35,1,FALSE,19
FALSE,accepted,0,TRUE,FALSE,35,1,FALSE,46
FALSE,accepted,1,FALSE,FALSE,30,3,FALSE,65
FALSE,accepted,0,FALSE,FALSE,70,1,FALSE,3
FALSE,accepted,0,FALSE,FALSE,67,0,FALSE,6
FALSE,accepted,3,TRUE,TRUE,107,0,FALSE,126
FALSE,accepted,0,FALSE,FALSE,65,0,FALSE,28
FALSE,accepted,0,FALSE,FALSE,213,0,FALSE,1
FALSE,accepted,0,FALSE,FALSE,32,0,FALSE,3
FALSE,accepted,0,TRUE,FALSE,51,2,FALSE,74
FALSE,accepted,0,TRUE,FALSE,51,0,FALSE,15
FALSE,accepted,1,FALSE,FALSE,96,0,FALSE,11
FALSE,accepted,1,FALSE,TRUE,378,0,FALSE,211
FALSE,accepted,0,FALSE,FALSE,98,0,FALSE,4
FALSE,unreviewed,0,FALSE,FALSE,309,0,FALSE,0
FALSE,accepted,1,FALSE,FALSE,316,0,FALSE,15
FALSE,accepted,0,FALSE,FALSE,17,0,FALSE,9
FALSE,accepted,0,FALSE,FALSE,15,0,FALSE,10
FALSE,accepted,0,FALSE,FALSE,89,0,FALSE,1
FALSE,accepted,1,TRUE,FALSE,68,0,FALSE,61
FALSE,unreviewed,0,TRUE,FALSE,92,0,FALSE,2
FALSE,unreviewed,0,FALSE,FALSE,41,0,FALSE,1
FALSE,unreviewed,0,FALSE,FALSE,39,0,FALSE,2
FALSE,accepted,2,TRUE,TRUE,29,0,FALSE,36
FALSE,accepted,0,FALSE,FALSE,87,0,FALSE,72
FALSE,accepted,0,FALSE,FALSE,74,0,FALSE,11
FALSE,accepted,1,FALSE,FALSE,161,0,FALSE,110
FALSE,accepted,4,FALSE,FALSE,91,0,FALSE,1
FALSE,accepted,3,TRUE,FALSE,278,0,FALSE,137
FALSE,accepted,0,FALSE,FALSE,52,0,FALSE,7
TRUE,verified,1,TRUE,FALSE,36,4,TRUE,15
FALSE,unreviewed,0,FALSE,FALSE,33,0,FALSE,0
FALSE,accepted,1,FALSE,TRUE,54,0,FALSE,10
FALSE,accepted,3,TRUE,TRUE,229,0,FALSE,172
FALSE,unreviewed,0,FALSE,FALSE,399,0,FALSE,1
FALSE,unreviewed,0,FALSE,FALSE,51,0,FALSE,0
FALSE,accepted,0,TRUE,FALSE,33,0,FALSE,22
FALSE,accepted,0,TRUE,TRUE,21,0,FALSE,2
FALSE,accepted,0,TRUE,TRUE,91,0,FALSE,0
FALSE,accepted,0,FALSE,FALSE,87,0,FALSE,4
FALSE,accepted,0,TRUE,FALSE,202,2,FALSE,56
FALSE,unreviewed,0,FALSE,TRUE,51,0,FALSE,2
FALSE,accepted,0,TRUE,FALSE,31,0,FALSE,84
FALSE,accepted,0,TRUE,FALSE,46,0,FALSE,36
FALSE,accepted,1,FALSE,FALSE,104,2,FALSE,34
TRUE,verified,6,TRUE,FALSE,46,1,TRUE,98
FALSE,unreviewed,1,FALSE,FALSE,56,0,FALSE,5
FALSE,accepted,0,TRUE,FALSE,74,1,FALSE,2
FALSE,unreviewed,0,FALSE,FALSE,71,1,FALSE,0
FALSE,accepted,1,FALSE,FALSE,47,0,FALSE,2
FALSE,accepted,1,FALSE,FALSE,95,0,FALSE,284
FALSE,accepted,0,FALSE,FALSE,95,0,FALSE,34
FALSE,accepted,0,TRUE,TRUE,7,0,FALSE,13
FALSE,unreviewed,0,FALSE,FALSE,9,1,FALSE,0
FALSE,accepted,0,FALSE,FALSE,165,0,FALSE,1
FALSE,accepted,1,FALSE,FALSE,37,0,FALSE,3
FALSE,accepted,0,FALSE,FALSE,27,0,FALSE,58
FALSE,unreviewed,0,FALSE,FALSE,154,0,FALSE,2
FALSE,accepted,0,FALSE,TRUE,45,0,FALSE,3
FALSE,accepted,0,TRUE,TRUE,46,0,FALSE,0
FALSE,unreviewed,0,FALSE,FALSE,32,0,FALSE,0
FALSE,accepted,0,TRUE,FALSE,20,0,FALSE,20
TRUE,verified,39,TRUE,FALSE,53,1,TRUE,268
FALSE,accepted,0,FALSE,TRUE,151,0,FALSE,4
FALSE,accepted,0,FALSE,FALSE,109,0,FALSE,15
FALSE,accepted,0,FALSE,FALSE,56,0,FALSE,10
FALSE,unreviewed,0,FALSE,FALSE,104,0,FALSE,3
FALSE,accepted,0,TRUE,TRUE,22,2,FALSE,133
FALSE,accepted,0,TRUE,FALSE,33,0,FALSE,1
FALSE,accepted,2,TRUE,TRUE,98,0,FALSE,13
TRUE,verified,5,TRUE,TRUE,40,7,TRUE,76
FALSE,accepted,0,TRUE,TRUE,105,3,FALSE,7
FALSE,accepted,0,TRUE,TRUE,19,6,FALSE,10
FALSE,unreviewed,0,FALSE,FALSE,90,0,FALSE,2
FALSE,unreviewed,0,FALSE,FALSE,116,0,FALSE,0
FALSE,accepted,0,TRUE,TRUE,49,0,FALSE,14
FALSE,accepted,0,TRUE,FALSE,136,0,FALSE,15
FALSE,unreviewed,0,FALSE,FALSE,32,1,FALSE,4
FALSE,accepted,0,TRUE,FALSE,31,0,FALSE,64
FALSE,accepted,0,FALSE,FALSE,36,0,FALSE,4
FALSE,accepted,0,FALSE,TRUE,127,0,FALSE,37
FALSE,accepted,2,FALSE,FALSE,89,0,FALSE,40
FALSE,accepted,3,TRUE,FALSE,177,0,FALSE,8
FALSE,accepted,1,FALSE,TRUE,70,0,FALSE,6
FALSE,accepted,0,TRUE,FALSE,33,0,FALSE,3
TRUE,verified,4,TRUE,FALSE,43,9,TRUE,78
FALSE,accepted,0,FALSE,FALSE,83,0,FALSE,205
FALSE,accepted,0,TRUE,FALSE,42,0,FALSE,2
TRUE,verified,26,TRUE,TRUE,13,1,TRUE,838
FALSE,accepted,0,TRUE,TRUE,68,3,FALSE,8
FALSE,accepted,0,TRUE,FALSE,97,0,FALSE,13
FALSE,unreviewed,0,FALSE,FALSE,50,0,FALSE,0
FALSE,accepted,1,FALSE,TRUE,28,2,FALSE,12
FALSE,accepted,2,TRUE,TRUE,29,0,FALSE,32
FALSE,accepted,0,FALSE,FALSE,582,0,FALSE,8
FALSE,accepted,0,FALSE,FALSE,80,0,FALSE,35
FALSE,accepted,0,FALSE,FALSE,55,0,FALSE,0
FALSE,unreviewed,0,FALSE,FALSE,134,0,FALSE,2
FALSE,accepted,0,FALSE,FALSE,54,0,FALSE,3
FALSE,accepted,1,FALSE,FALSE,89,0,FALSE,16
FALSE,accepted,2,FALSE,FALSE,66,0,FALSE,27
FALSE,accepted,0,FALSE,FALSE,249,0,FALSE,62
FALSE,unreviewed,0,FALSE,FALSE,28,0,FALSE,2
FALSE,accepted,0,FALSE,FALSE,26,0,FALSE,13
FALSE,accepted,0,FALSE,FALSE,82,0,FALSE,4
FALSE,accepted,0,TRUE,FALSE,128,0,FALSE,86
FALSE,unreviewed,0,FALSE,FALSE,150,0,FALSE,4
FALSE,accepted,0,FALSE,FALSE,21,0,FALSE,49
FALSE,accepted,3,TRUE,TRUE,31,3,FALSE,13
FALSE,unreviewed,0,FALSE,FALSE,254,0,FALSE,0
FALSE,verified,0,TRUE,TRUE,25,2,FALSE,9
FALSE,unreviewed,0,FALSE,FALSE,93,0,FALSE,4
FALSE,accepted,0,FALSE,TRUE,39,0,FALSE,3
FALSE,unreviewed,0,FALSE,FALSE,104,0,FALSE,0
FALSE,accepted,1,TRUE,TRUE,50,0,FALSE,3
FALSE,accepted,0,FALSE,TRUE,83,0,FALSE,4
FALSE,accepted,0,TRUE,FALSE,44,0,FALSE,0
FALSE,accepted,2,FALSE,FALSE,51,0,FALSE,61
FALSE,accepted,0,TRUE,FALSE,56,0,FALSE,26
FALSE,unreviewed,0,FALSE,FALSE,51,0,FALSE,2
FALSE,accepted,4,FALSE,FALSE,79,0,FALSE,7
FALSE,accepted,3,TRUE,TRUE,8,0,FALSE,9
FALSE,accepted,0,FALSE,FALSE,65,0,FALSE,2
FALSE,unreviewed,0,TRUE,FALSE,23,0,FALSE,0
FALSE,accepted,4,TRUE,FALSE,145,0,FALSE,180
FALSE,accepted,0,FALSE,TRUE,65,2,FALSE,21
FALSE,accepted,0,TRUE,TRUE,52,0,FALSE,202
FALSE,accepted,0,FALSE,TRUE,71,0,FALSE,2
FALSE,accepted,0,FALSE,FALSE,10,1,FALSE,3
FALSE,accepted,0,FALSE,FALSE,95,0,FALSE,8
FALSE,unreviewed,0,FALSE,FALSE,41,0,FALSE,0
FALSE,unreviewed,0,FALSE,FALSE,43,0,FALSE,0
FALSE,accepted,0,FALSE,TRUE,165,0,FALSE,104
FALSE,accepted,2,FALSE,FALSE,92,0,FALSE,68
FALSE,unreviewed,0,FALSE,FALSE,32,0,FALSE,0
FALSE,accepted,1,FALSE,FALSE,38,0,FALSE,29
FALSE,unreviewed,0,FALSE,FALSE,81,0,FALSE,1
FALSE,accepted,1,FALSE,FALSE,71,0,FALSE,37
FALSE,accepted,1,FALSE,TRUE,50,0,FALSE,6
FALSE,accepted,2,FALSE,FALSE,62,0,FALSE,3
FALSE,unreviewed,0,FALSE,FALSE,63,0,FALSE,0
FALSE,accepted,0,FALSE,FALSE,61,0,FALSE,0
FALSE,unreviewed,0,FALSE,FALSE,51,0,FALSE,6
FALSE,unreviewed,0,FALSE,FALSE,137,0,FALSE,3
FALSE,accepted,2,TRUE,FALSE,339,0,FALSE,153
FALSE,accepted,0,TRUE,FALSE,59,0,FALSE,22
FALSE,unreviewed,0,TRUE,TRUE,46,7,FALSE,0
FALSE,accepted,0,FALSE,FALSE,132,0,FALSE,2
FALSE,accepted,0,TRUE,TRUE,141,0,FALSE,62
FALSE,accepted,0,TRUE,FALSE,90,0,FALSE,50
FALSE,accepted,3,TRUE,TRUE,40,0,FALSE,7
FALSE,accepted,0,FALSE,FALSE,61,0,FALSE,52
FALSE,accepted,2,FALSE,TRUE,55,0,FALSE,0
FALSE,accepted,0,FALSE,FALSE,148,0,FALSE,2
FALSE,accepted,1,FALSE,TRUE,108,0,FALSE,64
FALSE,accepted,1,FALSE,FALSE,38,0,FALSE,2
TRUE,accepted,0,FALSE,FALSE,72,26,FALSE,0
FALSE,accepted,0,FALSE,FALSE,32,0,FALSE,9
FALSE,accepted,4,FALSE,TRUE,139,0,FALSE,17
FALSE,accepted,0,FALSE,TRUE,52,0,FALSE,54
FALSE,accepted,0,TRUE,FALSE,102,0,FALSE,7
FALSE,unreviewed,0,TRUE,TRUE,213,0,FALSE,6
FALSE,accepted,0,FALSE,FALSE,149,0,FALSE,300
FALSE,accepted,1,TRUE,FALSE,21,4,FALSE,8
FALSE,accepted,0,FALSE,TRUE,60,0,FALSE,10
FALSE,accepted,0,FALSE,FALSE,55,0,FALSE,1
FALSE,accepted,0,TRUE,FALSE,322,0,FALSE,168
FALSE,accepted,0,TRUE,FALSE,27,0,FALSE,102
FALSE,accepted,0,FALSE,TRUE,23,0,FALSE,2
FALSE,accepted,0,TRUE,FALSE,7,0,FALSE,16
FALSE,accepted,0,TRUE,FALSE,89,0,FALSE,7
FALSE,accepted,0,TRUE,FALSE,72,0,FALSE,4
FALSE,accepted,1,FALSE,TRUE,137,0,FALSE,98
FALSE,accepted,0,TRUE,TRUE,40,0,FALSE,6
FALSE,accepted,0,FALSE,FALSE,84,0,FALSE,8
FALSE,accepted,2,TRUE,FALSE,36,2,FALSE,69
FALSE,accepted,0,TRUE,TRUE,129,0,FALSE,560
FALSE,accepted,0,TRUE,FALSE,42,0,FALSE,21
FALSE,accepted,2,FALSE,FALSE,10,0,FALSE,61
FALSE,accepted,0,TRUE,FALSE,182,3,FALSE,3
FALSE,accepted,0,TRUE,FALSE,16,0,FALSE,6
FALSE,unreviewed,0,TRUE,FALSE,48,0,FALSE,0
FALSE,accepted,1,FALSE,FALSE,184,0,FALSE,74
TRUE,verified,42,TRUE,TRUE,174,2,TRUE,825
FALSE,accepted,0,FALSE,TRUE,79,0,FALSE,4
FALSE,accepted,4,FALSE,FALSE,281,0,FALSE,315
FALSE,accepted,0,FALSE,FALSE,13,0,FALSE,7
FALSE,accepted,0,TRUE,TRUE,44,0,FALSE,6
FALSE,accepted,0,FALSE,TRUE,53,0,FALSE,22
FALSE,accepted,0,TRUE,TRUE,51,7,FALSE,2
FALSE,accepted,1,TRUE,TRUE,26,0,FALSE,147
FALSE,accepted,0,FALSE,FALSE,50,0,FALSE,41
FALSE,accepted,0,TRUE,FALSE,16,3,FALSE,71
FALSE,accepted,1,FALSE,FALSE,6,0,FALSE,39
TRUE,accepted,0,FALSE,FALSE,67,26,FALSE,1
FALSE,accepted,0,FALSE,FALSE,84,0,FALSE,67
FALSE,accepted,0,FALSE,FALSE,51,0,FALSE,3
FALSE,accepted,0,FALSE,FALSE,22,0,FALSE,3
FALSE,accepted,0,TRUE,TRUE,16,3,FALSE,71
FALSE,unreviewed,1,FALSE,FALSE,106,0,FALSE,4
FALSE,unreviewed,0,FALSE,FALSE,107,0,FALSE,5
FALSE,unreviewed,0,FALSE,FALSE,39,0,FALSE,0
FALSE,unreviewed,0,FALSE,FALSE,46,0,FALSE,0
FALSE,accepted,0,TRUE,FALSE,151,0,FALSE,33
FALSE,unreviewed,0,FALSE,FALSE,225,0,FALSE,0
FALSE,accepted,0,FALSE,FALSE,209,0,FALSE,4
FALSE,accepted,0,FALSE,FALSE,64,0,FALSE,0
FALSE,accepted,0,FALSE,FALSE,41,0,FALSE,7
FALSE,unreviewed,0,TRUE,FALSE,47,0,FALSE,0
FALSE,accepted,0,FALSE,TRUE,26,0,FALSE,2
FALSE,accepted,1,FALSE,FALSE,81,0,FALSE,15
FALSE,accepted,5,FALSE,TRUE,65,0,FALSE,31
FALSE,accepted,1,FALSE,TRUE,167,0,FALSE,202
FALSE,unreviewed,0,FALSE,FALSE,80,0,FALSE,0
FALSE,accepted,0,TRUE,TRUE,54,0,FALSE,5
FALSE,accepted,1,TRUE,FALSE,61,0,FALSE,10
FALSE,accepted,0,FALSE,FALSE,6,0,FALSE,11
FALSE,accepted,0,FALSE,TRUE,27,1,FALSE,68
FALSE,accepted,0,TRUE,TRUE,6,0,FALSE,4
FALSE,accepted,0,FALSE,TRUE,25,0,FALSE,16
FALSE,accepted,0,TRUE,FALSE,42,6,FALSE,6
FALSE,unreviewed,0,FALSE,FALSE,71,0,FALSE,0
FALSE,accepted,0,FALSE,FALSE,108,2,FALSE,4
FALSE,accepted,1,TRUE,TRUE,122,0,FALSE,32
FALSE,accepted,0,FALSE,TRUE,20,3,FALSE,19
FALSE,accepted,0,FALSE,TRUE,7,0,FALSE,8
FALSE,unreviewed,0,FALSE,FALSE,29,0,FALSE,1
FALSE,accepted,0,FALSE,TRUE,39,1,FALSE,105
FALSE,accepted,0,FALSE,FALSE,48,1,FALSE,5
FALSE,accepted,0,FALSE,FALSE,34,0,FALSE,0
FALSE,accepted,1,FALSE,FALSE,56,0,FALSE,1
FALSE,accepted,0,FALSE,FALSE,100,0,FALSE,2
FALSE,accepted,2,TRUE,TRUE,99,0,FALSE,65
FALSE,unreviewed,0,FALSE,FALSE,42,0,FALSE,0
TRUE,verified,18,TRUE,TRUE,71,3,TRUE,516
FALSE,accepted,1,FALSE,FALSE,80,0,FALSE,18
FALSE,accepted,0,TRUE,TRUE,56,2,FALSE,75
FALSE,accepted,0,TRUE,FALSE,49,2,FALSE,217
FALSE,accepted,5,FALSE,FALSE,76,0,FALSE,48
FALSE,accepted,0,TRUE,TRUE,41,0,FALSE,37
FALSE,accepted,0,FALSE,TRUE,47,0,FALSE,5
FALSE,accepted,1,FALSE,FALSE,69,0,FALSE,21
FALSE,unreviewed,0,FALSE,FALSE,26,0,FALSE,0
FALSE,accepted,1,FALSE,TRUE,83,0,FALSE,8
FALSE,accepted,1,FALSE,FALSE,39,0,FALSE,1
FALSE,unreviewed,0,FALSE,FALSE,37,0,FALSE,0
TRUE,verified,5,TRUE,TRUE,59,3,TRUE,386
FALSE,accepted,0,TRUE,FALSE,59,0,FALSE,5
FALSE,unreviewed,1,TRUE,FALSE,39,0,FALSE,0
FALSE,accepted,1,FALSE,TRUE,41,0,FALSE,10
FALSE,accepted,4,TRUE,TRUE,70,0,FALSE,95
FALSE,accepted,0,TRUE,TRUE,75,2,FALSE,18
FALSE,accepted,0,FALSE,TRUE,51,0,FALSE,1
FALSE,accepted,0,FALSE,FALSE,137,0,FALSE,18
FALSE,accepted,0,FALSE,TRUE,26,0,FALSE,8
FALSE,accepted,0,FALSE,FALSE,98,0,FALSE,7
FALSE,accepted,1,TRUE,TRUE,17,3,FALSE,19
FALSE,accepted,7,TRUE,TRUE,85,0,FALSE,78
FALSE,accepted,1,FALSE,TRUE,13,0,FALSE,11
FALSE,unreviewed,0,FALSE,FALSE,38,0,FALSE,1
FALSE,accepted,0,FALSE,FALSE,160,0,FALSE,15
FALSE,accepted,0,FALSE,TRUE,48,0,FALSE,11
FALSE,accepted,0,FALSE,FALSE,48,0,FALSE,1
FALSE,accepted,0,FALSE,FALSE,126,0,FALSE,2
FALSE,accepted,1,FALSE,FALSE,38,0,FALSE,36
TRUE,verified,3,TRUE,FALSE,99,7,TRUE,254
FALSE,accepted,0,FALSE,FALSE,70,0,FALSE,17
FALSE,accepted,0,FALSE,TRUE,91,0,FALSE,2
FALSE,accepted,0,TRUE,TRUE,36,4,FALSE,45
FALSE,accepted,0,FALSE,FALSE,68,0,FALSE,43
FALSE,accepted,0,TRUE,TRUE,34,0,FALSE,12
FALSE,accepted,3,FALSE,FALSE,96,0,FALSE,5
FALSE,unreviewed,0,FALSE,FALSE,134,0,FALSE,0
FALSE,accepted,2,FALSE,TRUE,51,0,FALSE,-5
FALSE,unreviewed,4,TRUE,TRUE,123,0,FALSE,4
FALSE,accepted,0,FALSE,FALSE,97,0,FALSE,18
TRUE,verified,0,TRUE,FALSE,45,4,TRUE,113
FALSE,accepted,1,FALSE,TRUE,42,0,FALSE,0
TRUE,accepted,1,TRUE,FALSE,34,12,FALSE,-4
FALSE,accepted,0,FALSE,TRUE,62,0,FALSE,6
FALSE,accepted,0,FALSE,FALSE,66,0,FALSE,0
FALSE,accepted,1,FALSE,FALSE,59,0,FALSE,2
FALSE,accepted,1,TRUE,TRUE,62,0,FALSE,50
TRUE,verified,41,TRUE,TRUE,108,4,TRUE,1189
FALSE,unreviewed,0,FALSE,FALSE,60,0,FALSE,0
FALSE,accepted,0,FALSE,FALSE,55,0,FALSE,3
FALSE,accepted,1,TRUE,FALSE,129,1,FALSE,51
FALSE,accepted,1,FALSE,TRUE,109,0,FALSE,10
FALSE,accepted,0,TRUE,FALSE,28,0,FALSE,7
FALSE,accepted,0,FALSE,TRUE,17,0,FALSE,23
FALSE,accepted,0,TRUE,FALSE,83,0,FALSE,10
FALSE,accepted,5,TRUE,TRUE,231,0,FALSE,112
FALSE,accepted,0,TRUE,FALSE,198,0,FALSE,52
FALSE,accepted,0,FALSE,TRUE,90,0,FALSE,2
FALSE,accepted,1,TRUE,TRUE,44,0,FALSE,100
FALSE,accepted,0,FALSE,FALSE,104,0,FALSE,27
FALSE,accepted,0,FALSE,FALSE,69,0,FALSE,4
FALSE,accepted,1,FALSE,FALSE,18,0,FALSE,11
FALSE,accepted,0,FALSE,TRUE,37,0,FALSE,1
FALSE,accepted,0,TRUE,FALSE,26,0,FALSE,3
TRUE,verified,68,TRUE,TRUE,27,3,TRUE,1305
FALSE,accepted,0,FALSE,FALSE,40,0,FALSE,2
FALSE,accepted,1,FALSE,TRUE,133,0,FALSE,45
FALSE,accepted,0,FALSE,TRUE,104,0,FALSE,1
FALSE,unreviewed,0,FALSE,FALSE,23,0,FALSE,0
FALSE,accepted,0,FALSE,TRUE,41,0,FALSE,10
FALSE,accepted,1,FALSE,TRUE,28,0,FALSE,1
FALSE,accepted,0,FALSE,FALSE,39,0,FALSE,4
FALSE,accepted,3,TRUE,TRUE,61,0,FALSE,34
FALSE,accepted,1,FALSE,FALSE,128,0,FALSE,23
FALSE,accepted,1,FALSE,TRUE,44,0,FALSE,24
FALSE,accepted,0,TRUE,FALSE,123,0,FALSE,41
TRUE,verified,8,TRUE,FALSE,55,3,TRUE,268
FALSE,accepted,0,TRUE,FALSE,42,0,FALSE,3
FALSE,accepted,3,TRUE,TRUE,241,0,FALSE,97
FALSE,accepted,5,FALSE,FALSE,43,0,FALSE,5
FALSE,accepted,1,TRUE,FALSE,45,1,FALSE,1
FALSE,accepted,0,TRUE,FALSE,57,0,FALSE,3
FALSE,accepted,0,FALSE,TRUE,119,0,FALSE,40
FALSE,accepted,0,TRUE,FALSE,13,0,FALSE,2
FALSE,accepted,1,TRUE,TRUE,61,0,FALSE,50
FALSE,accepted,0,TRUE,TRUE,39,0,FALSE,15
FALSE,unreviewed,0,FALSE,FALSE,88,0,FALSE,0
FALSE,accepted,1,FALSE,FALSE,24,0,FALSE,0
FALSE,accepted,0,FALSE,FALSE,50,0,FALSE,17
FALSE,accepted,5,FALSE,TRUE,23,1,FALSE,45
FALSE,accepted,0,FALSE,TRUE,60,0,FALSE,15
FALSE,accepted,0,TRUE,TRUE,96,0,FALSE,20
FALSE,accepted,1,TRUE,FALSE,58,4,FALSE,9
FALSE,accepted,0,FALSE,FALSE,50,0,FALSE,5
FALSE,unreviewed,0,TRUE,FALSE,163,0,FALSE,7
FALSE,accepted,0,FALSE,FALSE,42,0,FALSE,3
FALSE,accepted,0,FALSE,FALSE,98,0,FALSE,1
FALSE,accepted,0,TRUE,FALSE,51,0,FALSE,8
FALSE,unreviewed,0,FALSE,FALSE,32,0,FALSE,0
FALSE,accepted,0,TRUE,FALSE,660,0,FALSE,8
FALSE,unreviewed,2,FALSE,FALSE,52,0,FALSE,0
FALSE,accepted,0,FALSE,TRUE,10,0,FALSE,9
FALSE,accepted,1,FALSE,TRUE,12,1,FALSE,19
FALSE,accepted,0,FALSE,FALSE,67,0,FALSE,11
FALSE,unreviewed,0,FALSE,FALSE,5,0,FALSE,2
FALSE,accepted,1,TRUE,TRUE,134,0,FALSE,5
FALSE,accepted,1,FALSE,FALSE,126,0,FALSE,40
FALSE,accepted,1,FALSE,TRUE,24,0,FALSE,10
FALSE,accepted,0,FALSE,FALSE,54,0,FALSE,10
FALSE,accepted,0,TRUE,FALSE,15,3,FALSE,21
FALSE,accepted,0,FALSE,FALSE,68,0,FALSE,15
FALSE,accepted,0,TRUE,FALSE,63,2,FALSE,12
FALSE,unreviewed,0,FALSE,FALSE,80,0,FALSE,1
FALSE,accepted,0,TRUE,TRUE,19,4,FALSE,89
FALSE,accepted,0,FALSE,FALSE,42,0,FALSE,5
FALSE,accepted,1,FALSE,TRUE,44,0,FALSE,7
FALSE,accepted,1,FALSE,FALSE,28,0,FALSE,2
FALSE,accepted,0,FALSE,FALSE,167,0,FALSE,2
FALSE,accepted,0,TRUE,FALSE,11,0,FALSE,29
FALSE,accepted,0,FALSE,FALSE,33,0,FALSE,0
FALSE,unreviewed,0,FALSE,FALSE,43,0,FALSE,0
FALSE,accepted,10,TRUE,TRUE,66,0,FALSE,238
FALSE,unreviewed,0,FALSE,FALSE,59,0,FALSE,2
TRUE,verified,32,TRUE,TRUE,30,3,TRUE,891
FALSE,accepted,0,TRUE,TRUE,38,0,FALSE,3
FALSE,unreviewed,0,FALSE,FALSE,17,0,FALSE,2
FALSE,accepted,0,TRUE,TRUE,117,0,FALSE,107
FALSE,accepted,0,TRUE,FALSE,21,1,FALSE,67
FALSE,accepted,0,FALSE,FALSE,24,26,FALSE,31
FALSE,accepted,1,TRUE,TRUE,34,0,FALSE,24
FALSE,accepted,1,FALSE,FALSE,149,0,FALSE,298