Annotation_Is_Verified,Classification,Comment_Count,Featured_Video,Followers,Is_Verified,Length_Referent_Text,Number_Verified_Annotations,Pinned,Class
FALSE,accepted,0,FALSE,693,FALSE,189,0,FALSE,low
FALSE,unreviewed,0,FALSE,598,FALSE,43,0,FALSE,low
FALSE,accepted,0,FALSE,8610,FALSE,34,0,FALSE,high
FALSE,accepted,0,FALSE,693,FALSE,8,0,FALSE,low
FALSE,accepted,0,TRUE,17568,TRUE,38,0,FALSE,high
FALSE,accepted,0,FALSE,693,FALSE,35,1,FALSE,low
FALSE,accepted,0,TRUE,2503,TRUE,103,0,FALSE,high
FALSE,accepted,0,TRUE,21495,TRUE,78,3,FALSE,high
FALSE,accepted,0,TRUE,8610,FALSE,37,4,FALSE,high
FALSE,accepted,0,TRUE,8610,FALSE,53,7,FALSE,low
FALSE,accepted,0,TRUE,17568,TRUE,17,3,FALSE,high
FALSE,unreviewed,2,FALSE,419,FALSE,111,0,FALSE,low
FALSE,accepted,1,FALSE,8610,FALSE,47,0,FALSE,low
FALSE,accepted,0,TRUE,693,FALSE,48,0,FALSE,low
FALSE,accepted,0,FALSE,17568,TRUE,26,0,FALSE,high
FALSE,unreviewed,2,TRUE,17568,TRUE,170,0,FALSE,high
FALSE,accepted,0,TRUE,21495,TRUE,6,0,FALSE,high
FALSE,accepted,5,FALSE,21495,TRUE,142,2,FALSE,high
FALSE,unreviewed,1,FALSE,419,FALSE,48,0,FALSE,low
FALSE,accepted,0,FALSE,2660,FALSE,56,1,FALSE,low
FALSE,accepted,3,TRUE,17568,TRUE,15,0,FALSE,high
FALSE,accepted,0,FALSE,21495,TRUE,25,0,FALSE,high
FALSE,accepted,0,FALSE,598,FALSE,47,0,FALSE,low
FALSE,accepted,0,TRUE,21495,TRUE,59,0,FALSE,low
FALSE,accepted,0,TRUE,10964,FALSE,44,0,FALSE,high
FALSE,accepted,2,FALSE,21495,TRUE,53,1,FALSE,high
FALSE,unreviewed,1,TRUE,38,FALSE,52,0,FALSE,low
FALSE,accepted,0,FALSE,2660,FALSE,19,0,FALSE,low
FALSE,accepted,3,TRUE,21495,TRUE,141,0,FALSE,low
FALSE,accepted,3,FALSE,21495,TRUE,79,2,FALSE,high
FALSE,accepted,0,FALSE,598,FALSE,44,0,FALSE,low
FALSE,accepted,0,FALSE,2503,TRUE,154,0,FALSE,low
FALSE,accepted,0,FALSE,10964,FALSE,168,2,FALSE,high
FALSE,accepted,0,FALSE,693,FALSE,37,0,FALSE,high
FALSE,accepted,0,TRUE,21495,TRUE,14,0,FALSE,high
FALSE,accepted,0,FALSE,2503,TRUE,25,0,FALSE,high
FALSE,accepted,2,TRUE,2660,FALSE,40,0,FALSE,high
FALSE,accepted,0,FALSE,2660,FALSE,81,0,FALSE,low
FALSE,accepted,0,TRUE,21495,TRUE,70,0,FALSE,high
FALSE,unreviewed,0,FALSE,419,FALSE,93,0,FALSE,low
FALSE,accepted,0,FALSE,693,FALSE,41,0,FALSE,low
FALSE,unreviewed,0,FALSE,598,FALSE,64,0,FALSE,low
FALSE,accepted,3,FALSE,21495,TRUE,114,0,FALSE,low
FALSE,accepted,2,FALSE,8610,FALSE,81,0,FALSE,high
FALSE,accepted,0,FALSE,2503,TRUE,51,0,FALSE,low
FALSE,accepted,0,FALSE,2503,TRUE,37,0,FALSE,low
FALSE,accepted,0,TRUE,8610,FALSE,25,0,FALSE,high
FALSE,accepted,1,TRUE,693,FALSE,75,0,FALSE,low
FALSE,accepted,1,TRUE,17568,TRUE,124,0,FALSE,high
TRUE,verified,0,TRUE,8610,FALSE,64,2,TRUE,high
FALSE,accepted,0,FALSE,419,FALSE,7,0,FALSE,low
FALSE,accepted,0,FALSE,10964,FALSE,31,0,FALSE,high
FALSE,accepted,0,TRUE,8610,FALSE,46,6,FALSE,high
TRUE,verified,18,TRUE,10964,FALSE,71,3,TRUE,high
FALSE,unreviewed,0,FALSE,419,FALSE,86,0,FALSE,low
FALSE,accepted,0,FALSE,419,FALSE,41,0,FALSE,low
FALSE,accepted,0,FALSE,2503,TRUE,100,0,FALSE,low
FALSE,unreviewed,1,FALSE,598,FALSE,77,0,FALSE,low
FALSE,accepted,0,FALSE,2660,FALSE,109,0,FALSE,high
FALSE,accepted,0,FALSE,21495,TRUE,61,0,FALSE,high
TRUE,verified,20,TRUE,21495,TRUE,82,3,TRUE,high
FALSE,accepted,0,TRUE,693,FALSE,72,0,FALSE,low
FALSE,accepted,0,FALSE,693,FALSE,37,0,FALSE,low
FALSE,unreviewed,0,FALSE,38,FALSE,22,0,FALSE,low
FALSE,accepted,0,FALSE,2660,FALSE,18,0,FALSE,high
FALSE,accepted,0,TRUE,10964,FALSE,134,0,FALSE,high
FALSE,unreviewed,0,TRUE,2660,FALSE,80,0,FALSE,low
FALSE,accepted,0,TRUE,8610,FALSE,47,0,FALSE,low
FALSE,accepted,0,FALSE,8610,FALSE,192,0,FALSE,high
FALSE,accepted,1,FALSE,2503,TRUE,100,0,FALSE,low
FALSE,accepted,0,FALSE,8610,FALSE,144,0,FALSE,high
FALSE,accepted,1,FALSE,21495,TRUE,65,0,FALSE,high
FALSE,accepted,0,FALSE,8610,FALSE,31,0,FALSE,high
FALSE,accepted,0,FALSE,598,FALSE,22,0,FALSE,low
FALSE,accepted,2,TRUE,21495,TRUE,169,0,FALSE,high
FALSE,accepted,0,FALSE,419,FALSE,34,0,FALSE,low
FALSE,accepted,0,TRUE,21495,TRUE,58,0,FALSE,high
FALSE,accepted,0,FALSE,10964,FALSE,49,0,FALSE,low
FALSE,accepted,0,FALSE,693,FALSE,6,0,FALSE,high
FALSE,accepted,1,TRUE,21495,TRUE,22,0,FALSE,high
FALSE,accepted,0,TRUE,10964,FALSE,28,0,FALSE,low
FALSE,accepted,0,FALSE,21495,TRUE,82,1,FALSE,high
FALSE,accepted,1,FALSE,2503,TRUE,28,0,FALSE,low
FALSE,accepted,0,FALSE,8610,FALSE,170,0,FALSE,high
FALSE,accepted,1,FALSE,8610,FALSE,22,0,FALSE,high
FALSE,unreviewed,0,FALSE,419,FALSE,30,0,FALSE,low
FALSE,accepted,0,FALSE,2660,FALSE,56,0,FALSE,low
FALSE,accepted,1,FALSE,8610,FALSE,121,1,FALSE,high
FALSE,unreviewed,0,TRUE,419,FALSE,147,0,FALSE,low
FALSE,accepted,3,FALSE,2660,FALSE,80,0,FALSE,high
FALSE,accepted,0,FALSE,10964,FALSE,70,0,FALSE,low
FALSE,accepted,0,FALSE,10964,FALSE,73,2,FALSE,high
TRUE,verified,21,FALSE,21495,TRUE,62,2,TRUE,high
FALSE,accepted,0,FALSE,21495,TRUE,80,1,FALSE,high
FALSE,accepted,0,TRUE,598,FALSE,110,0,FALSE,low
FALSE,accepted,4,FALSE,21495,TRUE,147,1,FALSE,high
FALSE,accepted,0,FALSE,419,FALSE,118,0,FALSE,low
FALSE,unreviewed,0,FALSE,419,FALSE,143,0,FALSE,low
FALSE,accepted,1,FALSE,8610,FALSE,96,0,FALSE,high
FALSE,accepted,0,FALSE,2503,TRUE,44,0,FALSE,low
FALSE,accepted,0,FALSE,21495,TRUE,29,3,FALSE,high
FALSE,accepted,0,FALSE,2503,TRUE,50,0,FALSE,low
FALSE,accepted,1,FALSE,8610,FALSE,27,1,FALSE,high
FALSE,unreviewed,0,FALSE,419,FALSE,67,0,FALSE,low
FALSE,accepted,0,FALSE,598,FALSE,222,0,FALSE,high
FALSE,accepted,0,FALSE,419,FALSE,34,0,FALSE,low
FALSE,unreviewed,0,FALSE,598,FALSE,51,0,FALSE,low
FALSE,accepted,0,FALSE,8610,FALSE,107,0,FALSE,high
FALSE,unreviewed,0,FALSE,38,FALSE,41,0,FALSE,low
FALSE,unreviewed,3,FALSE,598,FALSE,162,0,FALSE,low
FALSE,unreviewed,0,FALSE,598,FALSE,42,0,FALSE,low
FALSE,accepted,0,TRUE,2503,TRUE,35,0,FALSE,low
FALSE,accepted,0,FALSE,2503,TRUE,41,0,FALSE,high
FALSE,unreviewed,0,FALSE,598,FALSE,42,0,FALSE,low
FALSE,accepted,0,FALSE,693,FALSE,7,0,FALSE,low
FALSE,accepted,1,TRUE,17568,TRUE,38,6,FALSE,high
FALSE,unreviewed,0,TRUE,8610,FALSE,23,4,FALSE,low
FALSE,unreviewed,0,FALSE,38,FALSE,33,0,FALSE,low
FALSE,accepted,1,FALSE,2503,TRUE,31,0,FALSE,high
FALSE,accepted,0,TRUE,8610,FALSE,59,0,FALSE,low
FALSE,accepted,0,TRUE,21495,TRUE,182,3,FALSE,low
FALSE,accepted,0,TRUE,8610,FALSE,18,0,FALSE,high
FALSE,accepted,0,FALSE,598,FALSE,42,0,FALSE,low
FALSE,accepted,0,TRUE,21495,TRUE,6,2,FALSE,high
TRUE,verified,0,TRUE,8610,FALSE,136,2,TRUE,high
FALSE,accepted,0,FALSE,419,FALSE,35,0,FALSE,low
FALSE,accepted,0,FALSE,17568,TRUE,60,0,FALSE,high
FALSE,accepted,0,FALSE,419,FALSE,142,0,FALSE,low
FALSE,accepted,0,TRUE,17568,TRUE,65,2,FALSE,low
FALSE,accepted,4,TRUE,2503,TRUE,92,0,FALSE,high
FALSE,accepted,0,FALSE,10964,FALSE,78,0,FALSE,high
FALSE,accepted,0,FALSE,8610,FALSE,29,0,FALSE,high
FALSE,accepted,2,FALSE,10964,FALSE,104,0,FALSE,high
FALSE,accepted,0,FALSE,17568,TRUE,276,0,FALSE,high
FALSE,unreviewed,0,FALSE,598,FALSE,35,0,FALSE,low
TRUE,verified,22,TRUE,17568,TRUE,7,4,TRUE,high
FALSE,accepted,0,TRUE,17568,TRUE,41,0,FALSE,low
FALSE,accepted,0,FALSE,2503,TRUE,7,0,FALSE,high
FALSE,accepted,1,FALSE,8610,FALSE,278,0,FALSE,high
FALSE,unreviewed,0,FALSE,2660,FALSE,135,0,FALSE,low
FALSE,accepted,0,FALSE,8610,FALSE,111,0,FALSE,high
TRUE,verified,0,TRUE,8610,FALSE,176,3,TRUE,high
FALSE,accepted,2,TRUE,10964,FALSE,9,2,FALSE,high
FALSE,accepted,1,FALSE,2503,TRUE,279,0,FALSE,low
FALSE,accepted,0,TRUE,2503,TRUE,35,0,FALSE,low
FALSE,accepted,1,TRUE,8610,FALSE,7,3,FALSE,low
FALSE,accepted,0,TRUE,10964,FALSE,25,0,FALSE,high
FALSE,unreviewed,0,FALSE,419,FALSE,78,0,FALSE,low
FALSE,accepted,1,TRUE,17568,TRUE,6,3,FALSE,high
TRUE,verified,12,TRUE,8610,FALSE,67,9,TRUE,high
FALSE,accepted,0,TRUE,2503,TRUE,23,0,FALSE,high
FALSE,accepted,2,TRUE,10964,FALSE,120,0,FALSE,high
FALSE,accepted,0,FALSE,693,FALSE,19,0,FALSE,high
FALSE,accepted,2,TRUE,17568,TRUE,22,2,FALSE,high
FALSE,unreviewed,0,FALSE,419,FALSE,30,0,FALSE,low
FALSE,unreviewed,0,FALSE,38,FALSE,39,0,FALSE,low
FALSE,accepted,0,TRUE,10964,FALSE,139,0,FALSE,high
FALSE,unreviewed,0,FALSE,2503,TRUE,30,0,FALSE,low
FALSE,accepted,0,FALSE,21495,TRUE,94,0,FALSE,high
FALSE,accepted,0,FALSE,2503,TRUE,46,0,FALSE,low
FALSE,accepted,0,TRUE,2503,TRUE,61,0,FALSE,low
FALSE,unreviewed,0,FALSE,598,FALSE,69,0,FALSE,low
FALSE,unreviewed,0,FALSE,598,FALSE,25,0,FALSE,low
FALSE,accepted,0,TRUE,2660,FALSE,14,0,FALSE,low
FALSE,unreviewed,0,FALSE,419,FALSE,80,0,FALSE,low
FALSE,accepted,0,TRUE,17568,TRUE,127,1,FALSE,high
FALSE,accepted,1,FALSE,419,FALSE,21,0,FALSE,low
FALSE,accepted,1,FALSE,693,FALSE,52,0,FALSE,high
FALSE,accepted,0,FALSE,17568,TRUE,191,0,FALSE,high
FALSE,accepted,2,FALSE,2660,FALSE,75,0,FALSE,high
FALSE,unreviewed,1,FALSE,598,FALSE,8,0,FALSE,low
FALSE,accepted,0,TRUE,21495,TRUE,73,0,FALSE,high
FALSE,accepted,0,FALSE,2503,TRUE,20,0,FALSE,high
FALSE,accepted,0,FALSE,10964,FALSE,158,0,FALSE,high
FALSE,accepted,0,FALSE,21495,TRUE,37,1,FALSE,high
FALSE,accepted,0,FALSE,2503,TRUE,74,0,FALSE,low
FALSE,accepted,0,FALSE,10964,FALSE,91,2,FALSE,high
FALSE,accepted,2,TRUE,10964,FALSE,160,0,FALSE,high
FALSE,accepted,0,FALSE,419,FALSE,42,0,FALSE,low
FALSE,accepted,0,FALSE,10964,FALSE,49,0,FALSE,high
FALSE,accepted,0,FALSE,598,FALSE,61,0,FALSE,low
FALSE,unreviewed,0,FALSE,598,FALSE,136,0,FALSE,low
FALSE,accepted,0,TRUE,2503,TRUE,185,0,FALSE,high
FALSE,accepted,0,FALSE,419,FALSE,82,0,FALSE,low
FALSE,unreviewed,2,FALSE,38,FALSE,43,0,FALSE,low
FALSE,accepted,0,FALSE,2503,TRUE,30,0,FALSE,low
FALSE,unreviewed,0,FALSE,598,FALSE,18,0,FALSE,low
FALSE,unreviewed,0,FALSE,2660,FALSE,50,0,FALSE,low
FALSE,accepted,1,TRUE,17568,TRUE,43,0,FALSE,low
FALSE,accepted,5,FALSE,21495,TRUE,191,0,FALSE,high
FALSE,unreviewed,0,FALSE,419,FALSE,26,0,FALSE,low
FALSE,unreviewed,0,FALSE,598,FALSE,62,0,FALSE,low
TRUE,verified,6,TRUE,8610,FALSE,6,6,TRUE,high
FALSE,accepted,0,FALSE,10964,FALSE,105,0,FALSE,high
TRUE,accepted,0,FALSE,10964,FALSE,31,26,FALSE,low
FALSE,unreviewed,0,FALSE,693,FALSE,18,0,FALSE,low
FALSE,accepted,0,FALSE,598,FALSE,88,0,FALSE,low
FALSE,accepted,2,FALSE,2503,TRUE,88,0,FALSE,low
FALSE,accepted,1,TRUE,419,FALSE,41,0,FALSE,low
FALSE,accepted,2,FALSE,2660,FALSE,79,0,FALSE,low
FALSE,unreviewed,0,TRUE,17568,TRUE,66,1,FALSE,low
FALSE,accepted,0,TRUE,10964,FALSE,94,0,FALSE,high
FALSE,accepted,1,TRUE,17568,TRUE,61,1,FALSE,high
FALSE,accepted,0,FALSE,419,FALSE,39,0,FALSE,low
FALSE,accepted,0,FALSE,21495,TRUE,42,4,FALSE,high
FALSE,unreviewed,0,FALSE,693,FALSE,44,0,FALSE,low
FALSE,accepted,0,FALSE,8610,FALSE,32,3,FALSE,high
FALSE,accepted,0,TRUE,21495,TRUE,22,3,FALSE,high
FALSE,accepted,0,FALSE,693,FALSE,30,0,FALSE,low
FALSE,unreviewed,0,FALSE,598,FALSE,41,0,FALSE,low
FALSE,accepted,0,FALSE,2660,FALSE,14,0,FALSE,high
FALSE,accepted,0,TRUE,10964,FALSE,40,1,FALSE,low
FALSE,accepted,0,FALSE,8610,FALSE,67,0,FALSE,high
FALSE,accepted,0,TRUE,10964,FALSE,47,1,FALSE,high
FALSE,unreviewed,0,FALSE,419,FALSE,17,0,FALSE,low
FALSE,accepted,0,FALSE,8610,FALSE,202,0,FALSE,high
FALSE,accepted,0,FALSE,693,FALSE,43,0,FALSE,high
FALSE,accepted,0,TRUE,17568,TRUE,164,0,FALSE,high
FALSE,accepted,0,FALSE,8610,FALSE,143,0,FALSE,high
FALSE,unreviewed,0,FALSE,38,FALSE,26,0,FALSE,low
FALSE,unreviewed,1,FALSE,419,FALSE,96,0,FALSE,low
FALSE,accepted,0,TRUE,8610,FALSE,109,0,FALSE,high
FALSE,unreviewed,1,FALSE,2503,TRUE,99,0,FALSE,low
FALSE,unreviewed,0,FALSE,419,FALSE,43,0,FALSE,low
FALSE,accepted,0,FALSE,693,FALSE,104,0,FALSE,low
FALSE,accepted,0,TRUE,8610,FALSE,139,0,FALSE,high
TRUE,verified,52,TRUE,8610,FALSE,59,9,TRUE,high
FALSE,accepted,0,TRUE,10964,FALSE,17,0,FALSE,low
FALSE,accepted,1,FALSE,2503,TRUE,52,0,FALSE,high
FALSE,unreviewed,0,TRUE,598,FALSE,56,0,FALSE,low
TRUE,verified,79,TRUE,17568,TRUE,105,3,TRUE,high
FALSE,accepted,1,FALSE,2660,FALSE,89,1,FALSE,low
FALSE,accepted,1,FALSE,598,FALSE,62,0,FALSE,low
FALSE,accepted,1,FALSE,2503,TRUE,66,0,FALSE,low
FALSE,accepted,1,TRUE,21495,TRUE,31,2,FALSE,high
FALSE,accepted,0,TRUE,598,FALSE,146,0,FALSE,low
FALSE,accepted,0,FALSE,2503,TRUE,166,0,FALSE,low
FALSE,unreviewed,0,FALSE,2660,FALSE,86,0,FALSE,low
FALSE,accepted,0,FALSE,8610,FALSE,26,0,FALSE,high
FALSE,accepted,0,FALSE,2503,TRUE,39,0,FALSE,low
FALSE,accepted,0,TRUE,598,FALSE,80,0,FALSE,low
TRUE,verified,1,TRUE,8610,FALSE,141,2,TRUE,high
TRUE,verified,1,TRUE,8610,FALSE,49,4,TRUE,high
FALSE,accepted,0,TRUE,21495,TRUE,61,0,FALSE,high
FALSE,accepted,0,FALSE,693,FALSE,55,0,FALSE,low
FALSE,accepted,0,FALSE,419,FALSE,179,0,FALSE,low
FALSE,unreviewed,0,FALSE,38,FALSE,30,0,FALSE,low
FALSE,accepted,1,FALSE,693,FALSE,71,0,FALSE,high
FALSE,accepted,0,TRUE,2503,TRUE,39,0,FALSE,high
FALSE,accepted,0,FALSE,693,FALSE,62,1,FALSE,high
FALSE,accepted,0,FALSE,10964,FALSE,54,0,FALSE,high
FALSE,accepted,0,FALSE,10964,FALSE,12,0,FALSE,low
FALSE,accepted,0,FALSE,693,FALSE,58,0,FALSE,low
FALSE,accepted,1,FALSE,419,FALSE,20,0,FALSE,low
FALSE,accepted,5,FALSE,8610,FALSE,50,1,FALSE,high
FALSE,accepted,0,FALSE,2503,TRUE,29,0,FALSE,low
FALSE,accepted,0,FALSE,17568,TRUE,53,0,FALSE,high
FALSE,unreviewed,0,FALSE,598,FALSE,127,0,FALSE,low
FALSE,accepted,0,FALSE,8610,FALSE,47,0,FALSE,high
FALSE,accepted,0,TRUE,8610,FALSE,100,4,FALSE,high
FALSE,accepted,0,FALSE,2503,TRUE,117,0,FALSE,low
FALSE,accepted,1,TRUE,2503,TRUE,176,0,FALSE,low
FALSE,accepted,3,FALSE,21495,TRUE,55,2,FALSE,high
FALSE,unreviewed,0,FALSE,2660,FALSE,95,0,FALSE,low
FALSE,unreviewed,0,FALSE,2503,TRUE,76,0,FALSE,low
FALSE,unreviewed,1,TRUE,17568,TRUE,64,7,FALSE,low
FALSE,accepted,2,FALSE,2503,TRUE,82,0,FALSE,low
FALSE,accepted,0,FALSE,2660,FALSE,102,0,FALSE,low
FALSE,accepted,0,TRUE,8610,FALSE,16,2,FALSE,high
FALSE,accepted,0,FALSE,693,FALSE,259,0,FALSE,high
FALSE,accepted,1,FALSE,2503,TRUE,53,0,FALSE,low
FALSE,unreviewed,4,TRUE,17568,TRUE,36,0,FALSE,high
FALSE,accepted,4,FALSE,8610,FALSE,148,0,FALSE,high
FALSE,unreviewed,3,TRUE,598,FALSE,60,0,FALSE,low
FALSE,accepted,0,FALSE,2503,TRUE,28,0,FALSE,low
FALSE,accepted,1,TRUE,17568,TRUE,53,0,FALSE,high
FALSE,accepted,0,FALSE,8610,FALSE,40,0,FALSE,high
TRUE,verified,4,TRUE,8610,FALSE,76,6,TRUE,high
FALSE,accepted,0,TRUE,2503,TRUE,45,0,FALSE,low
FALSE,accepted,3,TRUE,10964,FALSE,107,1,FALSE,high
FALSE,accepted,0,FALSE,419,FALSE,75,0,FALSE,high
FALSE,accepted,0,TRUE,21495,TRUE,491,0,FALSE,high
FALSE,accepted,0,FALSE,8610,FALSE,61,0,FALSE,high
FALSE,accepted,0,TRUE,10964,FALSE,126,0,FALSE,high
FALSE,accepted,1,TRUE,17568,TRUE,48,0,FALSE,high
FALSE,accepted,0,TRUE,17568,TRUE,29,2,FALSE,high
FALSE,accepted,0,TRUE,21495,TRUE,32,0,FALSE,high
FALSE,accepted,1,TRUE,10964,FALSE,58,0,FALSE,high
TRUE,accepted,0,TRUE,10964,FALSE,94,12,FALSE,low
FALSE,unreviewed,0,FALSE,598,FALSE,46,0,FALSE,low
FALSE,unreviewed,0,FALSE,2660,FALSE,5,0,FALSE,low
FALSE,accepted,0,FALSE,2503,TRUE,15,0,FALSE,low
TRUE,verified,43,FALSE,21495,TRUE,48,1,TRUE,high
FALSE,accepted,1,TRUE,598,FALSE,148,0,FALSE,high
FALSE,accepted,0,TRUE,2503,TRUE,240,0,FALSE,low
FALSE,accepted,0,FALSE,693,FALSE,70,0,FALSE,low
FALSE,accepted,3,TRUE,10964,FALSE,44,0,FALSE,low
FALSE,accepted,0,FALSE,10964,FALSE,106,0,FALSE,high
FALSE,accepted,0,FALSE,2660,FALSE,158,0,FALSE,low
FALSE,accepted,0,FALSE,2660,FALSE,125,0,FALSE,high
FALSE,accepted,0,TRUE,17568,TRUE,55,2,FALSE,low
FALSE,accepted,0,FALSE,10964,FALSE,97,0,FALSE,high
FALSE,accepted,3,FALSE,2660,FALSE,74,0,FALSE,low
FALSE,accepted,0,TRUE,10964,FALSE,24,0,FALSE,high
FALSE,accepted,0,FALSE,2660,FALSE,28,0,FALSE,low
FALSE,accepted,0,FALSE,693,FALSE,106,0,FALSE,low
FALSE,accepted,1,FALSE,2503,TRUE,40,0,FALSE,low
FALSE,accepted,0,FALSE,693,FALSE,20,0,FALSE,low
FALSE,accepted,0,FALSE,2660,FALSE,31,0,FALSE,high
FALSE,accepted,1,TRUE,17568,TRUE,24,0,FALSE,high
FALSE,unreviewed,0,FALSE,38,FALSE,45,0,FALSE,low
FALSE,accepted,0,FALSE,2503,TRUE,25,0,FALSE,low
FALSE,accepted,1,FALSE,10964,FALSE,45,0,FALSE,high
FALSE,unreviewed,0,TRUE,598,FALSE,43,0,FALSE,low
FALSE,accepted,1,FALSE,2503,TRUE,11,0,FALSE,low
FALSE,accepted,0,FALSE,8610,FALSE,117,1,FALSE,high
FALSE,unreviewed,0,FALSE,693,FALSE,50,0,FALSE,low
FALSE,unreviewed,1,FALSE,419,FALSE,49,0,FALSE,low
FALSE,unreviewed,1,FALSE,693,FALSE,126,0,FALSE,low
FALSE,accepted,0,FALSE,10964,FALSE,90,0,FALSE,high
FALSE,accepted,2,TRUE,2660,FALSE,45,0,FALSE,high
FALSE,accepted,1,FALSE,693,FALSE,110,0,FALSE,high
FALSE,accepted,1,FALSE,693,FALSE,21,0,FALSE,high
FALSE,accepted,0,TRUE,2503,TRUE,94,0,FALSE,low
FALSE,accepted,3,FALSE,693,FALSE,43,0,FALSE,low
FALSE,accepted,1,FALSE,598,FALSE,96,0,FALSE,low
FALSE,unreviewed,0,FALSE,598,FALSE,1,0,FALSE,low
FALSE,accepted,0,TRUE,598,FALSE,199,0,FALSE,low
FALSE,accepted,1,FALSE,2660,FALSE,376,0,FALSE,high
FALSE,unreviewed,1,FALSE,2660,FALSE,115,0,FALSE,high
FALSE,accepted,1,FALSE,419,FALSE,47,0,FALSE,low
FALSE,accepted,0,FALSE,2660,FALSE,34,1,FALSE,low
FALSE,accepted,0,TRUE,21495,TRUE,16,3,FALSE,high
FALSE,accepted,1,TRUE,8610,FALSE,52,0,FALSE,high
FALSE,accepted,0,TRUE,2503,TRUE,128,4,FALSE,high
FALSE,unreviewed,0,FALSE,419,FALSE,39,0,FALSE,low
FALSE,accepted,0,TRUE,693,FALSE,48,0,FALSE,low
FALSE,accepted,0,TRUE,21495,TRUE,63,2,FALSE,high
FALSE,unreviewed,0,TRUE,17568,TRUE,241,0,FALSE,low
FALSE,unreviewed,0,FALSE,419,FALSE,145,0,FALSE,low
FALSE,unreviewed,0,FALSE,598,FALSE,163,0,FALSE,low
FALSE,unreviewed,0,FALSE,598,FALSE,228,0,FALSE,low
FALSE,accepted,1,TRUE,17568,TRUE,31,0,FALSE,high
FALSE,accepted,1,FALSE,2503,TRUE,63,0,FALSE,low
FALSE,accepted,5,TRUE,17568,TRUE,13,0,FALSE,high
FALSE,accepted,0,FALSE,693,FALSE,76,0,FALSE,high
TRUE,verified,3,FALSE,21495,TRUE,84,3,TRUE,high
FALSE,accepted,0,TRUE,17568,TRUE,85,0,FALSE,high
FALSE,accepted,0,FALSE,693,FALSE,45,1,FALSE,low
FALSE,accepted,0,TRUE,2503,TRUE,68,0,FALSE,low
FALSE,accepted,0,FALSE,419,FALSE,31,0,FALSE,low
FALSE,accepted,0,FALSE,2660,FALSE,53,0,FALSE,low
FALSE,accepted,4,FALSE,10964,FALSE,71,0,FALSE,high
FALSE,accepted,0,FALSE,693,FALSE,53,0,FALSE,low
FALSE,accepted,0,FALSE,8610,FALSE,30,0,FALSE,high
FALSE,accepted,0,FALSE,38,FALSE,114,0,FALSE,low
FALSE,accepted,0,TRUE,17568,TRUE,32,0,FALSE,high
FALSE,accepted,1,FALSE,2503,TRUE,52,0,FALSE,low
FALSE,accepted,3,TRUE,17568,TRUE,83,2,FALSE,high
FALSE,accepted,0,TRUE,21495,TRUE,108,3,FALSE,high
FALSE,accepted,0,TRUE,17568,TRUE,12,3,FALSE,high
FALSE,accepted,1,FALSE,8610,FALSE,167,0,FALSE,high
FALSE,unreviewed,0,FALSE,419,FALSE,152,0,FALSE,low
FALSE,accepted,0,FALSE,419,FALSE,19,0,FALSE,high
FALSE,unreviewed,0,FALSE,598,FALSE,66,0,FALSE,low
FALSE,accepted,2,TRUE,10964,FALSE,225,0,FALSE,high
FALSE,accepted,0,TRUE,21495,TRUE,25,0,FALSE,high
FALSE,accepted,0,FALSE,2503,TRUE,60,0,FALSE,low
FALSE,unreviewed,0,TRUE,598,FALSE,146,0,FALSE,low
FALSE,accepted,0,FALSE,2503,TRUE,46,0,FALSE,low
FALSE,accepted,1,TRUE,21495,TRUE,40,0,FALSE,high
FALSE,accepted,1,TRUE,419,FALSE,17,0,FALSE,high
FALSE,accepted,0,FALSE,693,FALSE,75,1,FALSE,high
TRUE,verified,43,TRUE,8610,FALSE,30,9,TRUE,high
FALSE,accepted,0,TRUE,21495,TRUE,25,3,FALSE,high
FALSE,accepted,0,TRUE,10964,FALSE,23,1,FALSE,low
FALSE,accepted,0,FALSE,21495,TRUE,216,0,FALSE,high
FALSE,accepted,3,FALSE,598,FALSE,71,0,FALSE,low
FALSE,accepted,0,TRUE,2503,TRUE,15,0,FALSE,low
FALSE,accepted,0,FALSE,598,FALSE,35,0,FALSE,low
FALSE,accepted,0,FALSE,598,FALSE,22,0,FALSE,low
TRUE,accepted,0,TRUE,17568,TRUE,142,6,FALSE,low
FALSE,unreviewed,0,FALSE,2503,TRUE,47,0,FALSE,low
FALSE,accepted,2,TRUE,21495,TRUE,9,2,FALSE,high
FALSE,unreviewed,0,TRUE,10964,FALSE,54,0,FALSE,low
FALSE,unreviewed,0,FALSE,38,FALSE,35,0,FALSE,low
FALSE,accepted,0,TRUE,21495,TRUE,27,0,FALSE,low
TRUE,verified,27,TRUE,17568,TRUE,91,2,TRUE,high
FALSE,accepted,0,FALSE,8610,FALSE,222,0,FALSE,high
FALSE,unreviewed,4,TRUE,2660,FALSE,178,0,FALSE,high
FALSE,unreviewed,0,FALSE,38,FALSE,42,0,FALSE,low
FALSE,accepted,0,FALSE,2660,FALSE,17,0,FALSE,low
FALSE,accepted,0,FALSE,693,FALSE,14,0,FALSE,high
FALSE,accepted,0,FALSE,10964,FALSE,195,0,FALSE,high
FALSE,accepted,0,TRUE,17568,TRUE,119,3,FALSE,low
FALSE,accepted,0,FALSE,10964,FALSE,13,26,FALSE,high
FALSE,unreviewed,0,TRUE,8610,FALSE,13,0,FALSE,low
FALSE,accepted,0,FALSE,693,FALSE,71,0,FALSE,low
FALSE,accepted,0,TRUE,2503,TRUE,44,0,FALSE,low
FALSE,accepted,0,FALSE,10964,FALSE,21,2,FALSE,high
TRUE,verified,0,FALSE,8610,FALSE,85,1,TRUE,high
FALSE,accepted,4,FALSE,21495,TRUE,94,0,FALSE,high
FALSE,accepted,0,TRUE,693,FALSE,73,0,FALSE,low
FALSE,unreviewed,1,FALSE,419,FALSE,94,0,FALSE,low
FALSE,accepted,0,TRUE,2503,TRUE,25,0,FALSE,high
FALSE,accepted,3,FALSE,2503,TRUE,93,0,FALSE,low
FALSE,unreviewed,0,FALSE,419,FALSE,40,0,FALSE,low
FALSE,unreviewed,0,FALSE,419,FALSE,6,0,FALSE,low
FALSE,accepted,0,FALSE,693,FALSE,27,1,FALSE,low
FALSE,unreviewed,0,FALSE,419,FALSE,70,0,FALSE,low
FALSE,accepted,1,FALSE,693,FALSE,105,1,FALSE,low
FALSE,accepted,0,FALSE,10964,FALSE,101,0,FALSE,high
FALSE,accepted,0,TRUE,693,FALSE,45,0,FALSE,low
FALSE,accepted,3,TRUE,8610,FALSE,104,0,FALSE,high
FALSE,accepted,0,FALSE,2503,TRUE,42,0,FALSE,high
FALSE,accepted,0,FALSE,598,FALSE,36,0,FALSE,low
FALSE,accepted,1,FALSE,17568,TRUE,76,0,FALSE,high
FALSE,accepted,0,FALSE,419,FALSE,45,0,FALSE,low
FALSE,accepted,1,FALSE,2503,TRUE,83,0,FALSE,high
FALSE,accepted,0,FALSE,419,FALSE,26,0,FALSE,low
FALSE,accepted,1,TRUE,17568,TRUE,67,0,FALSE,low
FALSE,accepted,0,FALSE,693,FALSE,67,0,FALSE,low
FALSE,accepted,0,FALSE,419,FALSE,63,0,FALSE,low
FALSE,unreviewed,1,TRUE,17568,TRUE,171,0,FALSE,low
FALSE,accepted,0,TRUE,17568,TRUE,48,0,FALSE,high
FALSE,unreviewed,0,TRUE,2660,FALSE,58,0,FALSE,low
FALSE,accepted,3,FALSE,17568,TRUE,331,0,FALSE,high
TRUE,verified,32,TRUE,17568,TRUE,30,3,TRUE,high
FALSE,accepted,2,TRUE,21495,TRUE,16,0,FALSE,high
FALSE,accepted,0,TRUE,10964,FALSE,64,0,FALSE,high
FALSE,accepted,0,TRUE,10964,FALSE,57,0,FALSE,high
FALSE,accepted,0,TRUE,2503,TRUE,74,0,FALSE,low
FALSE,accepted,0,FALSE,693,FALSE,106,0,FALSE,low
TRUE,accepted,3,TRUE,17568,TRUE,84,6,FALSE,high
FALSE,unreviewed,0,FALSE,598,FALSE,45,0,FALSE,low
FALSE,accepted,0,TRUE,8610,FALSE,5,0,FALSE,high
FALSE,accepted,0,FALSE,598,FALSE,26,0,FALSE,low
FALSE,unreviewed,1,FALSE,38,FALSE,70,0,FALSE,low
FALSE,accepted,2,FALSE,21495,TRUE,18,4,FALSE,high
FALSE,accepted,1,FALSE,10964,FALSE,31,2,FALSE,low
FALSE,unreviewed,0,FALSE,598,FALSE,31,0,FALSE,low
FALSE,accepted,0,TRUE,598,FALSE,59,0,FALSE,low
FALSE,accepted,0,TRUE,10964,FALSE,38,0,FALSE,high
FALSE,accepted,2,FALSE,2660,FALSE,78,0,FALSE,high
FALSE,unreviewed,0,FALSE,419,FALSE,4,0,FALSE,low
FALSE,accepted,0,TRUE,17568,TRUE,111,0,FALSE,high
FALSE,accepted,0,FALSE,17568,TRUE,24,1,FALSE,high
FALSE,accepted,0,FALSE,17568,TRUE,87,1,FALSE,high
FALSE,accepted,2,FALSE,21495,TRUE,138,1,FALSE,high
FALSE,accepted,1,TRUE,10964,FALSE,394,0,FALSE,high
FALSE,accepted,0,TRUE,8610,FALSE,123,0,FALSE,high
FALSE,accepted,1,TRUE,2660,FALSE,44,0,FALSE,high
FALSE,accepted,1,FALSE,693,FALSE,58,0,FALSE,low
FALSE,unreviewed,1,FALSE,2660,FALSE,15,1,FALSE,low
FALSE,unreviewed,0,FALSE,419,FALSE,17,0,FALSE,low
FALSE,accepted,0,FALSE,693,FALSE,112,0,FALSE,low
FALSE,accepted,1,TRUE,17568,TRUE,108,3,FALSE,high
FALSE,unreviewed,0,TRUE,598,FALSE,43,0,FALSE,high
FALSE,accepted,0,FALSE,598,FALSE,82,0,FALSE,low
FALSE,accepted,2,FALSE,598,FALSE,46,0,FALSE,low
FALSE,unreviewed,0,FALSE,17568,TRUE,47,0,FALSE,low
FALSE,accepted,2,FALSE,8610,FALSE,65,0,FALSE,high
FALSE,accepted,0,FALSE,21495,TRUE,9,1,FALSE,high
FALSE,accepted,0,FALSE,21495,TRUE,54,0,FALSE,high
FALSE,accepted,2,TRUE,17568,TRUE,32,0,FALSE,high
FALSE,accepted,2,FALSE,10964,FALSE,82,0,FALSE,high
FALSE,accepted,0,TRUE,2503,TRUE,45,0,FALSE,low
FALSE,accepted,0,FALSE,598,FALSE,25,0,FALSE,low
FALSE,accepted,1,FALSE,598,FALSE,167,0,FALSE,high
FALSE,unreviewed,0,FALSE,693,FALSE,47,0,FALSE,low
FALSE,accepted,0,FALSE,598,FALSE,112,0,FALSE,low
FALSE,accepted,1,FALSE,2660,FALSE,111,2,FALSE,low
FALSE,unreviewed,1,TRUE,8610,FALSE,51,0,FALSE,low
FALSE,accepted,0,TRUE,21495,TRUE,70,0,FALSE,high
FALSE,accepted,0,TRUE,8610,FALSE,61,0,FALSE,high
FALSE,accepted,1,FALSE,8610,FALSE,18,2,FALSE,high
FALSE,unreviewed,1,TRUE,8610,FALSE,103,0,FALSE,low
FALSE,unreviewed,0,FALSE,419,FALSE,16,0,FALSE,low
FALSE,accepted,0,FALSE,17568,TRUE,58,1,FALSE,low
FALSE,unreviewed,0,FALSE,2503,TRUE,36,0,FALSE,low
FALSE,unreviewed,0,FALSE,598,FALSE,85,0,FALSE,low
FALSE,accepted,0,FALSE,419,FALSE,97,0,FALSE,low
FALSE,accepted,0,FALSE,419,FALSE,44,0,FALSE,low
FALSE,accepted,0,FALSE,21495,TRUE,101,0,FALSE,high
FALSE,unreviewed,0,TRUE,693,FALSE,33,0,FALSE,high
FALSE,accepted,0,FALSE,2503,TRUE,111,0,FALSE,low
FALSE,accepted,0,FALSE,598,FALSE,24,0,FALSE,low
FALSE,accepted,1,TRUE,17568,TRUE,22,1,FALSE,high
FALSE,accepted,0,FALSE,693,FALSE,18,0,FALSE,high
FALSE,accepted,1,FALSE,2660,FALSE,102,0,FALSE,low
FALSE,accepted,0,TRUE,419,FALSE,19,0,FALSE,low
TRUE,accepted,1,FALSE,10964,FALSE,196,26,FALSE,low
FALSE,accepted,1,FALSE,693,FALSE,72,0,FALSE,high
FALSE,unreviewed,0,FALSE,8610,FALSE,49,0,FALSE,low
FALSE,accepted,0,FALSE,693,FALSE,44,0,FALSE,low
FALSE,accepted,0,TRUE,17568,TRUE,215,3,FALSE,high
FALSE,accepted,1,TRUE,2660,FALSE,50,1,FALSE,low
FALSE,accepted,0,FALSE,17568,TRUE,46,0,FALSE,high
FALSE,accepted,0,FALSE,693,FALSE,27,0,FALSE,low
FALSE,accepted,0,FALSE,419,FALSE,77,0,FALSE,low
FALSE,accepted,0,TRUE,693,FALSE,61,0,FALSE,high
FALSE,accepted,1,TRUE,21495,TRUE,16,0,FALSE,low
FALSE,unreviewed,0,FALSE,38,FALSE,33,0,FALSE,low
FALSE,unreviewed,0,FALSE,2660,FALSE,11,0,FALSE,low
FALSE,unreviewed,0,FALSE,598,FALSE,55,0,FALSE,low
FALSE,accepted,0,TRUE,693,FALSE,48,0,FALSE,low
FALSE,unreviewed,2,FALSE,419,FALSE,34,0,FALSE,low
FALSE,accepted,0,FALSE,693,FALSE,25,0,FALSE,low
FALSE,accepted,0,TRUE,10964,FALSE,42,0,FALSE,high
FALSE,accepted,1,TRUE,10964,FALSE,76,0,FALSE,high
FALSE,verified,0,TRUE,17568,TRUE,30,3,FALSE,high
FALSE,accepted,0,FALSE,419,FALSE,97,0,FALSE,low
FALSE,accepted,0,FALSE,2660,FALSE,50,0,FALSE,low
FALSE,accepted,2,TRUE,2660,FALSE,91,1,FALSE,high
FALSE,accepted,2,FALSE,2660,FALSE,27,0,FALSE,high
FALSE,unreviewed,0,FALSE,419,FALSE,107,0,FALSE,low
FALSE,unreviewed,0,FALSE,693,FALSE,46,0,FALSE,low
FALSE,accepted,0,FALSE,598,FALSE,674,0,FALSE,high
FALSE,accepted,1,TRUE,10964,FALSE,21,0,FALSE,high
FALSE,accepted,0,FALSE,2503,TRUE,21,0,FALSE,low
FALSE,accepted,0,FALSE,21495,TRUE,13,4,FALSE,high
FALSE,unreviewed,1,FALSE,2660,FALSE,54,0,FALSE,low
FALSE,unreviewed,0,FALSE,419,FALSE,44,0,FALSE,low
FALSE,unreviewed,0,FALSE,38,FALSE,70,0,FALSE,low
FALSE,accepted,0,FALSE,2503,TRUE,71,0,FALSE,low
FALSE,accepted,2,TRUE,21495,TRUE,39,0,FALSE,high
FALSE,accepted,1,FALSE,598,FALSE,233,0,FALSE,low
FALSE,accepted,0,FALSE,2503,TRUE,47,0,FALSE,low
FALSE,accepted,0,FALSE,419,FALSE,17,0,FALSE,low
FALSE,accepted,0,FALSE,2660,FALSE,38,0,FALSE,low
FALSE,accepted,2,FALSE,8610,FALSE,49,0,FALSE,high
FALSE,accepted,0,TRUE,21495,TRUE,68,3,FALSE,high
FALSE,unreviewed,0,FALSE,38,FALSE,36,0,FALSE,low
FALSE,unreviewed,1,FALSE,598,FALSE,11,0,FALSE,low
FALSE,accepted,0,FALSE,8610,FALSE,47,0,FALSE,high
FALSE,unreviewed,0,FALSE,2660,FALSE,65,1,FALSE,low
FALSE,accepted,0,FALSE,2660,FALSE,97,0,FALSE,low
FALSE,accepted,1,FALSE,21495,TRUE,45,3,FALSE,low
FALSE,accepted,0,TRUE,2503,TRUE,81,0,FALSE,low
FALSE,accepted,0,FALSE,8610,FALSE,51,0,FALSE,high
FALSE,accepted,0,TRUE,8610,FALSE,38,0,FALSE,low
FALSE,accepted,0,TRUE,10964,FALSE,128,0,FALSE,high
FALSE,accepted,0,FALSE,693,FALSE,42,1,FALSE,high
FALSE,unreviewed,0,FALSE,598,FALSE,7,0,FALSE,low
FALSE,accepted,0,FALSE,2503,TRUE,2,0,FALSE,low
FALSE,accepted,0,TRUE,2503,TRUE,52,0,FALSE,high
FALSE,unreviewed,0,TRUE,2660,FALSE,48,0,FALSE,low
TRUE,verified,19,TRUE,10964,FALSE,25,2,TRUE,high
FALSE,accepted,0,TRUE,10964,FALSE,46,1,FALSE,low
FALSE,accepted,0,FALSE,10964,FALSE,97,0,FALSE,high
FALSE,accepted,0,FALSE,21495,TRUE,27,0,FALSE,high
FALSE,unreviewed,5,FALSE,598,FALSE,37,0,FALSE,low
FALSE,accepted,0,TRUE,2660,FALSE,9,0,FALSE,high
FALSE,accepted,0,FALSE,598,FALSE,75,0,FALSE,low
FALSE,accepted,0,TRUE,10964,FALSE,8,0,FALSE,high
FALSE,accepted,0,TRUE,419,FALSE,79,0,FALSE,low
FALSE,accepted,0,FALSE,2503,TRUE,8,0,FALSE,low
FALSE,accepted,1,FALSE,2503,TRUE,124,0,FALSE,low
FALSE,accepted,0,FALSE,17568,TRUE,267,0,FALSE,high
FALSE,accepted,1,TRUE,2660,FALSE,37,0,FALSE,high
FALSE,accepted,0,FALSE,2503,TRUE,48,0,FALSE,low
FALSE,accepted,9,TRUE,17568,TRUE,99,0,FALSE,high
FALSE,accepted,1,FALSE,2503,TRUE,49,0,FALSE,low
FALSE,accepted,0,TRUE,2503,TRUE,50,0,FALSE,high
FALSE,unreviewed,0,FALSE,38,FALSE,27,0,FALSE,low
FALSE,accepted,1,FALSE,8610,FALSE,93,0,FALSE,high
FALSE,accepted,1,FALSE,21495,TRUE,315,2,FALSE,high
FALSE,unreviewed,1,TRUE,17568,TRUE,32,0,FALSE,low
FALSE,verified,2,FALSE,21495,TRUE,48,1,FALSE,high
FALSE,accepted,0,FALSE,10964,FALSE,22,2,FALSE,high
FALSE,accepted,1,FALSE,2503,TRUE,190,0,FALSE,low
FALSE,accepted,0,FALSE,8610,FALSE,91,0,FALSE,high
FALSE,accepted,0,TRUE,38,FALSE,96,0,FALSE,high
FALSE,accepted,0,FALSE,598,FALSE,44,0,FALSE,low
FALSE,accepted,0,FALSE,8610,FALSE,28,0,FALSE,high
FALSE,accepted,0,TRUE,21495,TRUE,25,0,FALSE,high
FALSE,unreviewed,1,TRUE,17568,TRUE,241,0,FALSE,low
FALSE,accepted,0,FALSE,693,FALSE,22,0,FALSE,low
FALSE,accepted,0,TRUE,17568,TRUE,52,1,FALSE,high
FALSE,unreviewed,0,TRUE,10964,FALSE,66,0,FALSE,low
FALSE,accepted,1,FALSE,10964,FALSE,43,2,FALSE,low
FALSE,unreviewed,0,FALSE,419,FALSE,37,0,FALSE,low
FALSE,unreviewed,0,FALSE,693,FALSE,13,0,FALSE,low
FALSE,accepted,0,FALSE,693,FALSE,43,1,FALSE,high
FALSE,accepted,0,FALSE,2660,FALSE,93,1,FALSE,low
FALSE,accepted,0,TRUE,10964,FALSE,21,0,FALSE,high
FALSE,accepted,0,TRUE,21495,TRUE,24,0,FALSE,high
FALSE,accepted,1,FALSE,2660,FALSE,210,0,FALSE,low
FALSE,accepted,0,TRUE,21495,TRUE,6,2,FALSE,high
FALSE,unreviewed,0,FALSE,598,FALSE,14,0,FALSE,low
FALSE,unreviewed,0,FALSE,419,FALSE,65,0,FALSE,low
FALSE,unreviewed,0,FALSE,38,FALSE,49,0,FALSE,low
FALSE,accepted,0,FALSE,10964,FALSE,55,0,FALSE,high
FALSE,accepted,1,FALSE,598,FALSE,232,0,FALSE,high
FALSE,accepted,0,FALSE,10964,FALSE,80,0,FALSE,high
FALSE,accepted,1,TRUE,2660,FALSE,27,0,FALSE,low
FALSE,accepted,0,FALSE,419,FALSE,22,0,FALSE,low
FALSE,unreviewed,0,TRUE,21495,TRUE,5,0,FALSE,low
FALSE,accepted,0,TRUE,2660,FALSE,7,0,FALSE,low
FALSE,accepted,0,FALSE,10964,FALSE,36,0,FALSE,high
FALSE,accepted,0,TRUE,17568,TRUE,9,0,FALSE,low
FALSE,accepted,0,FALSE,2660,FALSE,64,2,FALSE,low
FALSE,accepted,0,FALSE,2503,TRUE,42,0,FALSE,low
FALSE,unreviewed,0,FALSE,598,FALSE,111,0,FALSE,low
FALSE,accepted,0,FALSE,2503,TRUE,15,0,FALSE,low
FALSE,accepted,0,TRUE,21495,TRUE,63,0,FALSE,high
FALSE,accepted,1,TRUE,2660,FALSE,83,0,FALSE,high
FALSE,accepted,1,FALSE,2660,FALSE,94,0,FALSE,low
FALSE,accepted,0,TRUE,2660,FALSE,27,1,FALSE,high
FALSE,accepted,1,FALSE,598,FALSE,39,0,FALSE,low
FALSE,accepted,0,FALSE,2503,TRUE,63,0,FALSE,low
FALSE,unreviewed,0,TRUE,10964,FALSE,62,0,FALSE,low
FALSE,accepted,0,TRUE,10964,FALSE,21,2,FALSE,high
FALSE,accepted,0,TRUE,2503,TRUE,47,0,FALSE,high
FALSE,unreviewed,0,FALSE,419,FALSE,77,0,FALSE,low
FALSE,unreviewed,0,FALSE,419,FALSE,45,0,FALSE,low
FALSE,accepted,0,FALSE,693,FALSE,142,0,FALSE,low
FALSE,unreviewed,0,TRUE,693,FALSE,193,0,FALSE,low
FALSE,unreviewed,0,TRUE,17568,TRUE,94,0,FALSE,high
FALSE,accepted,0,FALSE,2660,FALSE,21,0,FALSE,low
FALSE,accepted,0,TRUE,10964,FALSE,45,1,FALSE,high
FALSE,accepted,0,TRUE,2660,FALSE,43,0,FALSE,low
FALSE,accepted,0,FALSE,2660,FALSE,187,2,FALSE,high
FALSE,accepted,0,FALSE,419,FALSE,37,0,FALSE,low
FALSE,accepted,0,FALSE,21495,TRUE,74,0,FALSE,high
FALSE,verified,0,TRUE,17568,TRUE,40,7,FALSE,low
FALSE,accepted,2,TRUE,8610,FALSE,43,0,FALSE,high
FALSE,accepted,0,FALSE,8610,FALSE,49,0,FALSE,high
FALSE,unreviewed,0,FALSE,419,FALSE,136,0,FALSE,low
FALSE,accepted,0,TRUE,17568,TRUE,146,2,FALSE,high
FALSE,unreviewed,1,FALSE,693,FALSE,33,0,FALSE,low
FALSE,accepted,0,FALSE,693,FALSE,56,0,FALSE,low
FALSE,accepted,0,FALSE,2660,FALSE,52,0,FALSE,low
FALSE,accepted,0,TRUE,10964,FALSE,46,0,FALSE,high
FALSE,accepted,0,FALSE,693,FALSE,50,1,FALSE,low
FALSE,accepted,1,TRUE,598,FALSE,226,0,FALSE,high
FALSE,accepted,0,FALSE,693,FALSE,53,0,FALSE,low
TRUE,verified,20,FALSE,10964,FALSE,40,2,TRUE,high
FALSE,accepted,1,FALSE,10964,FALSE,9,0,FALSE,high
FALSE,accepted,0,FALSE,419,FALSE,20,0,FALSE,low
FALSE,accepted,0,TRUE,21495,TRUE,9,2,FALSE,high
FALSE,accepted,0,FALSE,598,FALSE,109,0,FALSE,low
FALSE,unreviewed,0,FALSE,598,FALSE,67,0,FALSE,low
FALSE,accepted,0,FALSE,8610,FALSE,135,0,FALSE,high
FALSE,accepted,0,TRUE,693,FALSE,62,0,FALSE,low
FALSE,unreviewed,0,FALSE,598,FALSE,5,0,FALSE,low
FALSE,accepted,1,TRUE,17568,TRUE,9,0,FALSE,high
FALSE,accepted,0,TRUE,2503,TRUE,72,0,FALSE,low
FALSE,accepted,1,TRUE,10964,FALSE,43,0,FALSE,high
FALSE,accepted,0,TRUE,17568,TRUE,49,1,FALSE,high
TRUE,verified,0,TRUE,17568,TRUE,103,7,TRUE,high
FALSE,accepted,1,TRUE,10964,FALSE,86,0,FALSE,high
FALSE,accepted,1,FALSE,2660,FALSE,46,0,FALSE,low
FALSE,accepted,0,FALSE,693,FALSE,48,0,FALSE,low
FALSE,accepted,1,FALSE,419,FALSE,616,0,FALSE,high
FALSE,accepted,1,FALSE,21495,TRUE,239,2,FALSE,high
TRUE,verified,19,TRUE,17568,TRUE,119,4,TRUE,high
FALSE,accepted,4,TRUE,21495,TRUE,165,0,FALSE,high
FALSE,unreviewed,0,TRUE,38,FALSE,45,0,FALSE,low
FALSE,accepted,0,FALSE,693,FALSE,250,0,FALSE,low
FALSE,accepted,0,FALSE,10964,FALSE,60,0,FALSE,high
FALSE,unreviewed,0,TRUE,38,FALSE,51,0,FALSE,low
FALSE,accepted,0,FALSE,693,FALSE,38,0,FALSE,low
FALSE,accepted,0,FALSE,419,FALSE,36,0,FALSE,low
FALSE,accepted,0,FALSE,693,FALSE,33,1,FALSE,low
FALSE,accepted,0,FALSE,2660,FALSE,98,0,FALSE,low
FALSE,accepted,0,FALSE,693,FALSE,205,0,FALSE,low
FALSE,accepted,0,TRUE,419,FALSE,43,0,FALSE,low
FALSE,accepted,0,FALSE,598,FALSE,48,0,FALSE,high
FALSE,unreviewed,1,FALSE,2660,FALSE,35,0,FALSE,low
FALSE,accepted,0,FALSE,8610,FALSE,96,0,FALSE,high
FALSE,accepted,0,TRUE,8610,FALSE,30,9,FALSE,high
FALSE,accepted,0,TRUE,21495,TRUE,6,3,FALSE,high
FALSE,accepted,0,FALSE,21495,TRUE,96,0,FALSE,high
FALSE,accepted,0,FALSE,598,FALSE,52,0,FALSE,low
FALSE,unreviewed,0,TRUE,693,FALSE,44,0,FALSE,low
FALSE,accepted,1,FALSE,693,FALSE,49,0,FALSE,low
FALSE,accepted,0,TRUE,8610,FALSE,31,7,FALSE,low
FALSE,accepted,0,FALSE,10964,FALSE,87,2,FALSE,high
FALSE,accepted,2,FALSE,21495,TRUE,78,0,FALSE,high
FALSE,unreviewed,0,FALSE,598,FALSE,64,0,FALSE,low
FALSE,accepted,0,TRUE,17568,TRUE,287,0,FALSE,high
FALSE,accepted,1,TRUE,17568,TRUE,127,0,FALSE,high
FALSE,accepted,0,FALSE,21495,TRUE,7,1,FALSE,high
FALSE,unreviewed,1,FALSE,419,FALSE,48,0,FALSE,low
FALSE,unreviewed,0,FALSE,598,FALSE,196,0,FALSE,low
FALSE,unreviewed,0,FALSE,419,FALSE,70,0,FALSE,low
FALSE,accepted,0,FALSE,21495,TRUE,6,1,FALSE,high
FALSE,accepted,0,FALSE,8610,FALSE,19,0,FALSE,high
FALSE,accepted,2,FALSE,598,FALSE,80,0,FALSE,low
FALSE,accepted,0,FALSE,21495,TRUE,27,3,FALSE,low
FALSE,accepted,0,TRUE,8610,FALSE,45,0,FALSE,low
FALSE,accepted,0,FALSE,21495,TRUE,43,0,FALSE,high
FALSE,accepted,1,TRUE,10964,FALSE,42,0,FALSE,high
FALSE,accepted,0,FALSE,2660,FALSE,143,2,FALSE,low
FALSE,accepted,1,FALSE,2660,FALSE,412,0,FALSE,high
FALSE,accepted,0,FALSE,10964,FALSE,48,2,FALSE,high
TRUE,verified,4,FALSE,21495,TRUE,69,5,TRUE,high
FALSE,accepted,0,FALSE,693,FALSE,112,0,FALSE,low
FALSE,accepted,0,FALSE,598,FALSE,61,0,FALSE,low
FALSE,accepted,0,FALSE,17568,TRUE,108,0,FALSE,high
FALSE,accepted,1,TRUE,598,FALSE,107,0,FALSE,high
FALSE,unreviewed,0,FALSE,2660,FALSE,53,0,FALSE,low
FALSE,accepted,0,TRUE,10964,FALSE,111,0,FALSE,high
FALSE,accepted,0,FALSE,2503,TRUE,29,0,FALSE,low
FALSE,accepted,0,TRUE,2503,TRUE,77,0,FALSE,high
FALSE,accepted,0,FALSE,17568,TRUE,166,1,FALSE,high
FALSE,accepted,1,TRUE,2660,FALSE,92,0,FALSE,high
FALSE,verified,0,TRUE,8610,FALSE,45,4,FALSE,high
FALSE,accepted,0,TRUE,17568,TRUE,14,0,FALSE,high
FALSE,accepted,0,FALSE,693,FALSE,39,0,FALSE,low
FALSE,unreviewed,1,FALSE,598,FALSE,5,0,FALSE,low
TRUE,verified,2,FALSE,8610,FALSE,79,3,TRUE,high
FALSE,accepted,0,FALSE,2660,FALSE,40,1,FALSE,low
FALSE,accepted,2,TRUE,10964,FALSE,72,1,FALSE,high
FALSE,unreviewed,0,FALSE,38,FALSE,21,0,FALSE,low
FALSE,unreviewed,0,FALSE,598,FALSE,121,0,FALSE,low
FALSE,accepted,1,TRUE,693,FALSE,42,0,FALSE,low
FALSE,accepted,1,FALSE,10964,FALSE,86,0,FALSE,high
FALSE,accepted,0,FALSE,2503,TRUE,119,0,FALSE,low
FALSE,accepted,0,FALSE,2660,FALSE,44,0,FALSE,low
FALSE,accepted,0,FALSE,2660,FALSE,21,0,FALSE,low
TRUE,verified,0,TRUE,2503,TRUE,56,4,TRUE,high
FALSE,unreviewed,0,FALSE,419,FALSE,37,0,FALSE,low
TRUE,verified,38,TRUE,8610,FALSE,47,9,TRUE,high
FALSE,accepted,1,FALSE,21495,TRUE,38,0,FALSE,high
FALSE,accepted,0,FALSE,21495,TRUE,45,0,FALSE,high
FALSE,accepted,1,FALSE,693,FALSE,76,0,FALSE,low
FALSE,unreviewed,0,FALSE,419,FALSE,35,0,FALSE,low
TRUE,verified,2,FALSE,21495,TRUE,19,5,TRUE,high
FALSE,accepted,0,TRUE,17568,TRUE,83,0,FALSE,high
FALSE,unreviewed,0,FALSE,419,FALSE,80,0,FALSE,low
FALSE,unreviewed,0,FALSE,38,FALSE,51,0,FALSE,low
TRUE,accepted,11,FALSE,10964,FALSE,169,2,FALSE,high
FALSE,accepted,0,TRUE,693,FALSE,40,0,FALSE,low
FALSE,accepted,1,TRUE,8610,FALSE,31,3,FALSE,high
TRUE,verified,4,TRUE,8610,FALSE,116,7,TRUE,high
FALSE,accepted,0,TRUE,17568,TRUE,44,4,FALSE,high
FALSE,accepted,0,FALSE,21495,TRUE,101,0,FALSE,high
FALSE,accepted,1,FALSE,598,FALSE,46,0,FALSE,low
FALSE,unreviewed,0,FALSE,2660,FALSE,31,0,FALSE,low
FALSE,accepted,0,TRUE,10964,FALSE,18,0,FALSE,high
FALSE,accepted,0,TRUE,21495,TRUE,49,0,FALSE,high
FALSE,accepted,0,FALSE,2503,TRUE,53,0,FALSE,low
FALSE,unreviewed,0,FALSE,598,FALSE,166,0,FALSE,low
FALSE,accepted,1,FALSE,17568,TRUE,80,0,FALSE,high
FALSE,accepted,1,TRUE,8610,FALSE,33,2,FALSE,high
FALSE,accepted,0,TRUE,8610,FALSE,51,2,FALSE,high
FALSE,accepted,0,TRUE,10964,FALSE,40,0,FALSE,high
FALSE,accepted,0,FALSE,2660,FALSE,116,0,FALSE,low
FALSE,accepted,0,FALSE,598,FALSE,56,0,FALSE,low
FALSE,accepted,0,FALSE,2660,FALSE,37,0,FALSE,low
TRUE,verified,40,TRUE,17568,TRUE,156,1,TRUE,high
FALSE,accepted,1,FALSE,419,FALSE,46,0,FALSE,low
FALSE,unreviewed,0,FALSE,419,FALSE,27,0,FALSE,low
TRUE,verified,2,TRUE,17568,TRUE,52,7,TRUE,high
FALSE,accepted,2,FALSE,8610,FALSE,110,2,FALSE,high
TRUE,verified,1,TRUE,8610,FALSE,45,4,TRUE,high
FALSE,accepted,0,TRUE,21495,TRUE,25,0,FALSE,high
FALSE,accepted,0,FALSE,693,FALSE,13,0,FALSE,low
FALSE,accepted,1,TRUE,10964,FALSE,52,0,FALSE,high
FALSE,accepted,1,FALSE,10964,FALSE,41,2,FALSE,high
FALSE,accepted,0,TRUE,8610,FALSE,37,0,FALSE,high
FALSE,accepted,2,FALSE,21495,TRUE,64,1,FALSE,high
FALSE,accepted,1,FALSE,8610,FALSE,34,0,FALSE,high
FALSE,accepted,0,FALSE,693,FALSE,15,1,FALSE,low
FALSE,accepted,0,FALSE,693,FALSE,28,0,FALSE,high
FALSE,accepted,0,FALSE,10964,FALSE,20,0,FALSE,high
FALSE,unreviewed,0,FALSE,598,FALSE,69,0,FALSE,low
FALSE,accepted,0,TRUE,17568,TRUE,40,4,FALSE,high
FALSE,accepted,0,FALSE,2503,TRUE,30,0,FALSE,low
FALSE,accepted,0,FALSE,2503,TRUE,7,0,FALSE,low
FALSE,accepted,0,FALSE,2503,TRUE,51,0,FALSE,low
FALSE,accepted,0,TRUE,10964,FALSE,6,0,FALSE,high
FALSE,accepted,0,FALSE,419,FALSE,16,0,FALSE,low
FALSE,accepted,0,FALSE,2660,FALSE,42,1,FALSE,low
FALSE,accepted,0,FALSE,10964,FALSE,102,2,FALSE,high
FALSE,accepted,0,FALSE,693,FALSE,122,0,FALSE,low
FALSE,unreviewed,0,FALSE,38,FALSE,44,0,FALSE,low
FALSE,accepted,2,TRUE,2503,TRUE,103,0,FALSE,low
FALSE,accepted,0,FALSE,2503,TRUE,21,0,FALSE,high
FALSE,accepted,0,TRUE,8610,FALSE,60,2,FALSE,high
TRUE,verified,60,TRUE,17568,TRUE,17,3,TRUE,high
FALSE,accepted,1,TRUE,38,FALSE,100,0,FALSE,high
FALSE,accepted,0,TRUE,21495,TRUE,28,0,FALSE,high
FALSE,accepted,0,TRUE,2503,TRUE,119,4,FALSE,high
FALSE,accepted,4,TRUE,598,FALSE,57,0,FALSE,high
TRUE,verified,8,TRUE,21495,TRUE,55,3,TRUE,high
FALSE,accepted,0,FALSE,21495,TRUE,28,4,FALSE,high
FALSE,accepted,0,FALSE,693,FALSE,54,0,FALSE,high
FALSE,accepted,0,FALSE,10964,FALSE,75,2,FALSE,low
FALSE,accepted,0,TRUE,2503,TRUE,41,0,FALSE,low
FALSE,accepted,0,TRUE,17568,TRUE,56,0,FALSE,high
FALSE,accepted,0,TRUE,17568,TRUE,17,3,FALSE,high
FALSE,accepted,1,FALSE,693,FALSE,109,0,FALSE,low
FALSE,accepted,10,TRUE,17568,TRUE,339,0,FALSE,high
FALSE,unreviewed,0,FALSE,419,FALSE,32,0,FALSE,low
FALSE,accepted,0,FALSE,2660,FALSE,139,0,FALSE,high
FALSE,accepted,0,FALSE,2660,FALSE,29,0,FALSE,high
FALSE,accepted,1,FALSE,2503,TRUE,47,0,FALSE,low
FALSE,accepted,2,TRUE,21495,TRUE,103,0,FALSE,high
FALSE,unreviewed,0,FALSE,419,FALSE,22,0,FALSE,low
FALSE,accepted,0,FALSE,2660,FALSE,148,0,FALSE,high
FALSE,accepted,0,FALSE,598,FALSE,107,0,FALSE,high
FALSE,accepted,0,FALSE,21495,TRUE,93,5,FALSE,high
FALSE,accepted,0,TRUE,2503,TRUE,55,0,FALSE,low
FALSE,accepted,0,FALSE,419,FALSE,24,0,FALSE,low
FALSE,unreviewed,0,FALSE,419,FALSE,41,0,FALSE,low
FALSE,accepted,0,FALSE,2503,TRUE,22,0,FALSE,low
FALSE,accepted,0,FALSE,21495,TRUE,165,1,FALSE,high
FALSE,accepted,0,FALSE,693,FALSE,146,0,FALSE,high
FALSE,accepted,0,FALSE,693,FALSE,30,0,FALSE,low
FALSE,unreviewed,0,FALSE,10964,FALSE,30,0,FALSE,low
FALSE,accepted,0,FALSE,8610,FALSE,126,0,FALSE,high
FALSE,accepted,0,FALSE,8610,FALSE,69,0,FALSE,high
FALSE,accepted,0,FALSE,2660,FALSE,148,0,FALSE,low
FALSE,accepted,3,TRUE,10964,FALSE,85,0,FALSE,high
FALSE,accepted,0,FALSE,2503,TRUE,17,0,FALSE,low
FALSE,accepted,0,FALSE,2503,TRUE,101,0,FALSE,low
FALSE,accepted,1,FALSE,2503,TRUE,19,0,FALSE,low
FALSE,accepted,2,FALSE,17568,TRUE,189,0,FALSE,high
FALSE,accepted,1,TRUE,10964,FALSE,42,0,FALSE,low
FALSE,accepted,1,TRUE,17568,TRUE,46,3,FALSE,high
FALSE,accepted,1,TRUE,8610,FALSE,58,0,FALSE,high
FALSE,accepted,1,FALSE,8610,FALSE,108,0,FALSE,high
FALSE,accepted,1,FALSE,8610,FALSE,187,0,FALSE,high
FALSE,unreviewed,1,TRUE,2660,FALSE,102,0,FALSE,high
TRUE,verified,10,FALSE,21495,TRUE,89,1,TRUE,high
FALSE,unreviewed,0,TRUE,38,FALSE,57,0,FALSE,low
FALSE,unreviewed,0,FALSE,419,FALSE,10,0,FALSE,low
FALSE,accepted,0,FALSE,2503,TRUE,42,0,FALSE,low
FALSE,accepted,1,FALSE,17568,TRUE,41,0,FALSE,high
FALSE,accepted,2,FALSE,2660,FALSE,50,0,FALSE,low
FALSE,accepted,0,FALSE,2660,FALSE,50,0,FALSE,high
FALSE,accepted,0,TRUE,17568,TRUE,48,2,FALSE,high
FALSE,accepted,0,TRUE,2660,FALSE,89,0,FALSE,high
FALSE,unreviewed,0,FALSE,38,FALSE,38,0,FALSE,low
FALSE,unreviewed,0,TRUE,598,FALSE,19,0,FALSE,low
FALSE,accepted,0,FALSE,2660,FALSE,249,0,FALSE,low
FALSE,accepted,0,FALSE,419,FALSE,29,0,FALSE,low
FALSE,accepted,1,TRUE,17568,TRUE,7,0,FALSE,high
FALSE,accepted,0,FALSE,419,FALSE,52,0,FALSE,low
FALSE,accepted,1,TRUE,17568,TRUE,149,0,FALSE,high
FALSE,accepted,1,FALSE,2660,FALSE,25,0,FALSE,high
FALSE,accepted,2,TRUE,17568,TRUE,20,3,FALSE,high
FALSE,accepted,1,TRUE,21495,TRUE,271,0,FALSE,high
FALSE,accepted,0,TRUE,10964,FALSE,101,0,FALSE,high
FALSE,accepted,0,FALSE,2660,FALSE,55,0,FALSE,low
FALSE,unreviewed,0,FALSE,2660,FALSE,35,0,FALSE,low
FALSE,accepted,0,TRUE,693,FALSE,65,0,FALSE,low
FALSE,accepted,5,FALSE,21495,TRUE,47,0,FALSE,high
FALSE,accepted,1,FALSE,598,FALSE,38,0,FALSE,low
FALSE,accepted,1,TRUE,17568,TRUE,95,0,FALSE,high
FALSE,accepted,0,TRUE,693,FALSE,29,0,FALSE,low
FALSE,accepted,1,TRUE,2660,FALSE,17,1,FALSE,high
FALSE,accepted,0,TRUE,2503,TRUE,27,4,FALSE,low
FALSE,accepted,0,FALSE,2503,TRUE,57,0,FALSE,low
FALSE,unreviewed,0,FALSE,598,FALSE,15,0,FALSE,low
FALSE,accepted,0,TRUE,21495,TRUE,70,0,FALSE,high
FALSE,accepted,4,FALSE,10964,FALSE,202,0,FALSE,high
FALSE,accepted,4,TRUE,2660,FALSE,53,1,FALSE,high
FALSE,accepted,0,FALSE,2503,TRUE,62,0,FALSE,low
FALSE,unreviewed,0,FALSE,38,FALSE,55,0,FALSE,low
FALSE,accepted,0,FALSE,419,FALSE,44,0,FALSE,low
FALSE,accepted,0,FALSE,2503,TRUE,42,0,FALSE,low
FALSE,unreviewed,0,FALSE,598,FALSE,57,0,FALSE,low
FALSE,accepted,0,FALSE,2660,FALSE,21,1,FALSE,high
FALSE,unreviewed,0,FALSE,419,FALSE,25,0,FALSE,low
FALSE,unreviewed,0,FALSE,693,FALSE,7,0,FALSE,low
FALSE,unreviewed,0,FALSE,598,FALSE,37,0,FALSE,low
FALSE,accepted,1,TRUE,17568,TRUE,31,2,FALSE,high
FALSE,unreviewed,0,TRUE,598,FALSE,99,0,FALSE,low
TRUE,verified,1,FALSE,693,FALSE,416,1,TRUE,high
FALSE,accepted,0,FALSE,17568,TRUE,31,1,FALSE,high
FALSE,accepted,0,FALSE,598,FALSE,40,0,FALSE,high
FALSE,accepted,0,FALSE,693,FALSE,39,0,FALSE,low
FALSE,accepted,0,TRUE,2660,FALSE,61,0,FALSE,high
FALSE,accepted,2,FALSE,8610,FALSE,59,0,FALSE,high
FALSE,accepted,1,TRUE,2503,TRUE,50,0,FALSE,high
FALSE,accepted,3,FALSE,693,FALSE,93,1,FALSE,high
FALSE,unreviewed,1,FALSE,419,FALSE,250,0,FALSE,low
FALSE,accepted,3,TRUE,17568,TRUE,45,4,FALSE,high
TRUE,verified,31,TRUE,21495,TRUE,38,3,TRUE,high
FALSE,accepted,0,TRUE,21495,TRUE,22,0,FALSE,low
FALSE,unreviewed,0,FALSE,419,FALSE,38,0,FALSE,low
FALSE,accepted,0,FALSE,21495,TRUE,85,0,FALSE,high
FALSE,accepted,0,TRUE,10964,FALSE,42,0,FALSE,high
FALSE,accepted,0,FALSE,10964,FALSE,186,0,FALSE,high
FALSE,accepted,0,FALSE,17568,TRUE,65,0,FALSE,high
FALSE,accepted,0,FALSE,2660,FALSE,30,0,FALSE,low
FALSE,accepted,0,TRUE,2503,TRUE,17,0,FALSE,low
FALSE,accepted,0,TRUE,8610,FALSE,48,2,FALSE,high
FALSE,accepted,0,TRUE,10964,FALSE,44,0,FALSE,low
FALSE,unreviewed,0,TRUE,598,FALSE,45,0,FALSE,low
FALSE,accepted,2,TRUE,419,FALSE,36,0,FALSE,low
FALSE,unreviewed,0,FALSE,419,FALSE,53,0,FALSE,low
FALSE,unreviewed,0,FALSE,2503,TRUE,66,0,FALSE,low
FALSE,unreviewed,0,FALSE,419,FALSE,31,0,FALSE,low
FALSE,accepted,0,FALSE,8610,FALSE,96,0,FALSE,high
TRUE,verified,4,FALSE,8610,FALSE,107,3,TRUE,high
FALSE,accepted,2,FALSE,2660,FALSE,87,0,FALSE,high
FALSE,accepted,0,FALSE,2503,TRUE,39,0,FALSE,low
FALSE,accepted,2,FALSE,2660,FALSE,47,0,FALSE,low
FALSE,accepted,3,FALSE,21495,TRUE,96,0,FALSE,high
FALSE,accepted,0,FALSE,2660,FALSE,25,0,FALSE,low
FALSE,accepted,9,TRUE,17568,TRUE,288,0,FALSE,high
FALSE,accepted,0,TRUE,2503,TRUE,27,0,FALSE,low
FALSE,accepted,0,FALSE,2503,TRUE,96,0,FALSE,low
FALSE,accepted,0,FALSE,419,FALSE,31,0,FALSE,low
FALSE,accepted,0,FALSE,693,FALSE,244,0,FALSE,low
FALSE,accepted,0,TRUE,419,FALSE,17,0,FALSE,low
FALSE,verified,2,TRUE,17568,TRUE,21,2,FALSE,high
FALSE,accepted,0,FALSE,21495,TRUE,127,0,FALSE,high
FALSE,accepted,0,TRUE,21495,TRUE,58,0,FALSE,low
FALSE,unreviewed,0,FALSE,419,FALSE,44,0,FALSE,low
TRUE,verified,43,FALSE,21495,TRUE,48,1,TRUE,high
FALSE,accepted,0,FALSE,693,FALSE,18,0,FALSE,low
FALSE,accepted,0,TRUE,10964,FALSE,77,0,FALSE,high
FALSE,accepted,2,FALSE,17568,TRUE,116,0,FALSE,low
FALSE,accepted,0,TRUE,17568,TRUE,61,0,FALSE,high
FALSE,accepted,0,TRUE,2660,FALSE,52,0,FALSE,high
FALSE,accepted,2,FALSE,21495,TRUE,265,2,FALSE,high
FALSE,accepted,3,FALSE,8610,FALSE,24,0,FALSE,high
FALSE,accepted,1,FALSE,598,FALSE,153,0,FALSE,high
FALSE,accepted,2,FALSE,21495,TRUE,112,0,FALSE,high
FALSE,accepted,0,FALSE,10964,FALSE,62,2,FALSE,high
FALSE,accepted,0,TRUE,10964,FALSE,33,1,FALSE,high
FALSE,accepted,1,FALSE,693,FALSE,35,0,FALSE,low
FALSE,accepted,0,TRUE,8610,FALSE,23,0,FALSE,low
FALSE,accepted,0,FALSE,693,FALSE,49,0,FALSE,low
FALSE,accepted,4,FALSE,598,FALSE,129,0,FALSE,high
FALSE,accepted,0,FALSE,598,FALSE,44,0,FALSE,low
FALSE,accepted,1,FALSE,693,FALSE,45,1,FALSE,low
FALSE,accepted,1,TRUE,598,FALSE,55,0,FALSE,low
FALSE,accepted,0,FALSE,8610,FALSE,115,0,FALSE,high
FALSE,accepted,0,FALSE,598,FALSE,13,0,FALSE,high
FALSE,accepted,0,FALSE,598,FALSE,51,0,FALSE,low
FALSE,accepted,1,TRUE,2503,TRUE,66,4,FALSE,low
FALSE,accepted,3,FALSE,21495,TRUE,30,1,FALSE,high
FALSE,accepted,0,FALSE,598,FALSE,25,0,FALSE,low
FALSE,accepted,0,FALSE,2503,TRUE,29,0,FALSE,low
FALSE,accepted,1,FALSE,10964,FALSE,16,2,FALSE,high
FALSE,unreviewed,2,TRUE,21495,TRUE,44,0,FALSE,high
FALSE,accepted,0,FALSE,2660,FALSE,60,0,FALSE,high
FALSE,accepted,0,FALSE,693,FALSE,54,0,FALSE,high
FALSE,accepted,0,FALSE,693,FALSE,62,0,FALSE,low
FALSE,accepted,0,TRUE,419,FALSE,136,0,FALSE,low
FALSE,accepted,0,TRUE,8610,FALSE,74,1,FALSE,high
FALSE,accepted,0,FALSE,21495,TRUE,10,2,FALSE,high
FALSE,accepted,0,FALSE,693,FALSE,56,0,FALSE,low
FALSE,accepted,0,TRUE,598,FALSE,25,0,FALSE,high
FALSE,unreviewed,0,FALSE,419,FALSE,42,0,FALSE,low
FALSE,accepted,0,TRUE,21495,TRUE,36,3,FALSE,high
FALSE,accepted,0,TRUE,17568,TRUE,20,0,FALSE,high
FALSE,unreviewed,0,TRUE,598,FALSE,121,0,FALSE,low
FALSE,accepted,0,FALSE,598,FALSE,143,0,FALSE,high
FALSE,accepted,0,FALSE,10964,FALSE,52,0,FALSE,high
FALSE,accepted,0,FALSE,2660,FALSE,152,0,FALSE,low
FALSE,accepted,0,FALSE,693,FALSE,29,0,FALSE,low
FALSE,accepted,0,TRUE,693,FALSE,196,0,FALSE,high
TRUE,verified,4,TRUE,8610,FALSE,57,4,TRUE,high
TRUE,verified,6,TRUE,8610,FALSE,6,3,TRUE,high
FALSE,unreviewed,0,FALSE,419,FALSE,128,0,FALSE,low
FALSE,accepted,1,TRUE,2503,TRUE,32,0,FALSE,low
FALSE,unreviewed,0,FALSE,693,FALSE,39,0,FALSE,low
FALSE,accepted,2,TRUE,2503,TRUE,67,0,FALSE,low
FALSE,unreviewed,0,FALSE,419,FALSE,102,0,FALSE,low
FALSE,accepted,0,FALSE,10964,FALSE,53,2,FALSE,high
FALSE,accepted,1,FALSE,693,FALSE,52,1,FALSE,high
FALSE,accepted,1,TRUE,693,FALSE,42,0,FALSE,low
FALSE,accepted,0,FALSE,21495,TRUE,39,0,FALSE,high
FALSE,accepted,2,FALSE,8610,FALSE,326,1,FALSE,high
FALSE,unreviewed,0,FALSE,38,FALSE,24,0,FALSE,low
TRUE,accepted,0,FALSE,10964,FALSE,93,26,FALSE,low
FALSE,accepted,1,FALSE,419,FALSE,123,0,FALSE,low
FALSE,accepted,0,FALSE,693,FALSE,36,0,FALSE,high
FALSE,accepted,0,TRUE,598,FALSE,140,0,FALSE,high
FALSE,unreviewed,0,FALSE,2503,TRUE,3,0,FALSE,low
FALSE,accepted,0,FALSE,21495,TRUE,25,2,FALSE,high
FALSE,unreviewed,1,TRUE,10964,FALSE,52,0,FALSE,low
FALSE,accepted,0,TRUE,21495,TRUE,53,0,FALSE,high
FALSE,accepted,0,FALSE,693,FALSE,36,0,FALSE,low
FALSE,accepted,0,TRUE,21495,TRUE,40,0,FALSE,high
FALSE,unreviewed,0,FALSE,2660,FALSE,107,0,FALSE,low
FALSE,unreviewed,0,FALSE,419,FALSE,87,0,FALSE,low
FALSE,unreviewed,1,TRUE,598,FALSE,37,0,FALSE,low
FALSE,accepted,0,FALSE,598,FALSE,128,0,FALSE,low
FALSE,accepted,0,TRUE,21495,TRUE,145,3,FALSE,high
FALSE,accepted,0,TRUE,17568,TRUE,9,0,FALSE,high
FALSE,accepted,0,FALSE,419,FALSE,28,0,FALSE,low
FALSE,accepted,0,TRUE,10964,FALSE,58,0,FALSE,high
FALSE,accepted,0,TRUE,693,FALSE,49,0,FALSE,low
FALSE,accepted,0,TRUE,10964,FALSE,86,0,FALSE,high
FALSE,accepted,0,FALSE,693,FALSE,54,0,FALSE,high
FALSE,accepted,0,FALSE,21495,TRUE,30,0,FALSE,high
FALSE,accepted,0,FALSE,419,FALSE,100,0,FALSE,low
FALSE,accepted,0,TRUE,598,FALSE,47,0,FALSE,low
FALSE,accepted,0,TRUE,8610,FALSE,33,2,FALSE,low
TRUE,verified,17,TRUE,8610,FALSE,20,9,TRUE,high
FALSE,accepted,0,FALSE,598,FALSE,89,0,FALSE,low
FALSE,accepted,0,FALSE,17568,TRUE,63,0,FALSE,high
FALSE,accepted,0,TRUE,10964,FALSE,37,0,FALSE,high
FALSE,accepted,0,FALSE,2503,TRUE,26,0,FALSE,low
FALSE,accepted,0,FALSE,2503,TRUE,48,0,FALSE,low
FALSE,accepted,1,FALSE,419,FALSE,41,0,FALSE,low
FALSE,accepted,9,TRUE,21495,TRUE,79,0,FALSE,high
FALSE,accepted,0,TRUE,10964,FALSE,79,0,FALSE,high
FALSE,accepted,0,TRUE,21495,TRUE,57,0,FALSE,low
TRUE,verified,0,TRUE,10964,FALSE,21,1,TRUE,high
FALSE,accepted,0,FALSE,2503,TRUE,40,0,FALSE,low
FALSE,accepted,0,FALSE,8610,FALSE,68,0,FALSE,high
FALSE,unreviewed,0,FALSE,419,FALSE,32,0,FALSE,low
FALSE,unreviewed,0,FALSE,693,FALSE,303,1,FALSE,low
FALSE,unreviewed,0,FALSE,2660,FALSE,304,0,FALSE,low
FALSE,accepted,3,TRUE,17568,TRUE,55,1,FALSE,high
FALSE,accepted,0,FALSE,693,FALSE,116,0,FALSE,low
FALSE,accepted,0,TRUE,10964,FALSE,74,0,FALSE,high
FALSE,accepted,1,FALSE,21495,TRUE,20,0,FALSE,high
FALSE,accepted,0,FALSE,693,FALSE,44,0,FALSE,high
FALSE,accepted,1,TRUE,419,FALSE,252,0,FALSE,low
FALSE,accepted,0,FALSE,8610,FALSE,42,0,FALSE,high
FALSE,accepted,0,FALSE,2503,TRUE,33,0,FALSE,low
FALSE,accepted,0,FALSE,10964,FALSE,45,26,FALSE,high
FALSE,accepted,0,FALSE,10964,FALSE,86,0,FALSE,high
FALSE,accepted,0,TRUE,598,FALSE,61,0,FALSE,low
FALSE,unreviewed,0,FALSE,419,FALSE,46,0,FALSE,low
FALSE,unreviewed,1,FALSE,419,FALSE,41,0,FALSE,low
FALSE,unreviewed,0,TRUE,38,FALSE,98,0,FALSE,low
FALSE,accepted,4,FALSE,8610,FALSE,88,0,FALSE,high
FALSE,accepted,1,TRUE,10964,FALSE,59,0,FALSE,high
FALSE,accepted,0,FALSE,2503,TRUE,46,0,FALSE,low
FALSE,unreviewed,0,FALSE,419,FALSE,25,0,FALSE,low
TRUE,verified,21,TRUE,8610,FALSE,45,9,TRUE,high
FALSE,accepted,0,FALSE,10964,FALSE,78,0,FALSE,high
FALSE,unreviewed,0,FALSE,38,FALSE,79,0,FALSE,low
FALSE,accepted,0,TRUE,17568,TRUE,18,0,FALSE,high
FALSE,accepted,0,TRUE,2503,TRUE,43,0,FALSE,high
FALSE,accepted,0,FALSE,2660,FALSE,58,0,FALSE,high
FALSE,accepted,0,FALSE,598,FALSE,50,0,FALSE,low
FALSE,unreviewed,3,FALSE,693,FALSE,151,0,FALSE,high
FALSE,unreviewed,1,FALSE,2660,FALSE,39,0,FALSE,low
FALSE,accepted,0,TRUE,2503,TRUE,47,0,FALSE,low
FALSE,accepted,1,TRUE,17568,TRUE,53,0,FALSE,low
FALSE,unreviewed,0,FALSE,2503,TRUE,114,0,FALSE,low
FALSE,unreviewed,0,FALSE,419,FALSE,69,0,FALSE,low
FALSE,accepted,0,FALSE,2503,TRUE,54,0,FALSE,low
FALSE,unreviewed,0,FALSE,38,FALSE,42,0,FALSE,low
FALSE,accepted,0,FALSE,10964,FALSE,37,0,FALSE,high
FALSE,accepted,0,FALSE,2660,FALSE,297,0,FALSE,low
FALSE,verified,1,TRUE,8610,FALSE,19,4,FALSE,high
FALSE,accepted,1,FALSE,10964,FALSE,49,0,FALSE,low
FALSE,unreviewed,1,FALSE,598,FALSE,46,0,FALSE,low
FALSE,accepted,1,TRUE,2660,FALSE,28,0,FALSE,low
FALSE,accepted,0,FALSE,2503,TRUE,25,0,FALSE,low
FALSE,accepted,0,TRUE,10964,FALSE,184,0,FALSE,high
FALSE,accepted,0,FALSE,693,FALSE,18,0,FALSE,high
FALSE,unreviewed,1,FALSE,2660,FALSE,16,0,FALSE,low
FALSE,accepted,0,FALSE,598,FALSE,52,0,FALSE,low
FALSE,accepted,0,TRUE,2503,TRUE,39,0,FALSE,low
FALSE,accepted,0,FALSE,598,FALSE,21,0,FALSE,low
FALSE,accepted,0,FALSE,419,FALSE,45,0,FALSE,low
FALSE,accepted,0,FALSE,2660,FALSE,69,0,FALSE,high
FALSE,accepted,0,TRUE,2660,FALSE,13,0,FALSE,low
FALSE,accepted,0,TRUE,2660,FALSE,64,0,FALSE,low
FALSE,accepted,0,FALSE,598,FALSE,53,0,FALSE,high
FALSE,unreviewed,0,FALSE,2660,FALSE,59,0,FALSE,low
FALSE,unreviewed,0,FALSE,2660,FALSE,51,0,FALSE,low
FALSE,accepted,0,TRUE,10964,FALSE,32,0,FALSE,high
FALSE,accepted,0,TRUE,8610,FALSE,37,2,FALSE,high
FALSE,accepted,0,FALSE,10964,FALSE,16,2,FALSE,high
FALSE,accepted,1,FALSE,21495,TRUE,21,2,FALSE,high
FALSE,unreviewed,0,FALSE,598,FALSE,21,0,FALSE,low
FALSE,unreviewed,0,TRUE,693,FALSE,41,0,FALSE,low
FALSE,accepted,0,FALSE,419,FALSE,113,0,FALSE,low
TRUE,verified,3,FALSE,21495,TRUE,163,2,TRUE,high
FALSE,accepted,0,FALSE,17568,TRUE,17,0,FALSE,high
FALSE,accepted,0,FALSE,419,FALSE,82,0,FALSE,low
FALSE,accepted,0,FALSE,419,FALSE,26,0,FALSE,low
FALSE,accepted,1,FALSE,419,FALSE,43,0,FALSE,low
FALSE,accepted,0,TRUE,2503,TRUE,15,0,FALSE,high
FALSE,accepted,0,FALSE,10964,FALSE,63,2,FALSE,high
FALSE,accepted,0,TRUE,2503,TRUE,50,0,FALSE,high
FALSE,unreviewed,0,FALSE,598,FALSE,36,0,FALSE,low
FALSE,accepted,0,FALSE,2660,FALSE,52,0,FALSE,low
FALSE,accepted,0,TRUE,8610,FALSE,82,0,FALSE,high
FALSE,accepted,0,FALSE,10964,FALSE,165,0,FALSE,high
FALSE,accepted,0,TRUE,2503,TRUE,62,4,FALSE,low
FALSE,accepted,3,FALSE,10964,FALSE,45,0,FALSE,high
FALSE,accepted,1,TRUE,38,FALSE,113,0,FALSE,low
FALSE,accepted,2,FALSE,419,FALSE,26,0,FALSE,low
FALSE,accepted,2,TRUE,17568,TRUE,72,0,FALSE,high
FALSE,accepted,0,FALSE,2503,TRUE,34,0,FALSE,low
FALSE,unreviewed,0,FALSE,2503,TRUE,40,0,FALSE,low
FALSE,accepted,0,TRUE,8610,FALSE,137,0,FALSE,low
FALSE,accepted,0,FALSE,693,FALSE,43,0,FALSE,low
FALSE,accepted,0,FALSE,598,FALSE,97,0,FALSE,high
FALSE,accepted,2,FALSE,693,FALSE,206,0,FALSE,low
FALSE,accepted,0,FALSE,2503,TRUE,51,0,FALSE,low
FALSE,accepted,0,TRUE,10964,FALSE,49,3,FALSE,high
FALSE,accepted,0,FALSE,2660,FALSE,168,0,FALSE,high
FALSE,accepted,1,FALSE,8610,FALSE,21,0,FALSE,low
FALSE,unreviewed,0,TRUE,598,FALSE,36,0,FALSE,low
FALSE,unreviewed,0,FALSE,693,FALSE,45,1,FALSE,low
FALSE,accepted,11,TRUE,21495,TRUE,188,0,FALSE,high
FALSE,accepted,0,TRUE,21495,TRUE,19,0,FALSE,high
FALSE,accepted,0,FALSE,17568,TRUE,42,0,FALSE,high
FALSE,accepted,0,TRUE,419,FALSE,41,0,FALSE,low
FALSE,accepted,0,FALSE,2503,TRUE,15,0,FALSE,low
FALSE,accepted,0,FALSE,8610,FALSE,45,0,FALSE,high
FALSE,unreviewed,0,FALSE,598,FALSE,9,0,FALSE,low
FALSE,accepted,0,TRUE,2503,TRUE,30,0,FALSE,high
FALSE,accepted,0,FALSE,17568,TRUE,80,0,FALSE,low
FALSE,accepted,0,FALSE,2503,TRUE,69,0,FALSE,high
FALSE,unreviewed,0,FALSE,2660,FALSE,54,1,FALSE,low
FALSE,accepted,1,TRUE,2503,TRUE,129,0,FALSE,high
FALSE,accepted,0,FALSE,8610,FALSE,179,0,FALSE,high
FALSE,accepted,0,FALSE,8610,FALSE,21,2,FALSE,high
FALSE,accepted,0,FALSE,2660,FALSE,25,0,FALSE,low
FALSE,accepted,0,TRUE,8610,FALSE,16,4,FALSE,high
FALSE,accepted,1,FALSE,693,FALSE,14,0,FALSE,low
FALSE,accepted,0,FALSE,2503,TRUE,103,0,FALSE,low
FALSE,accepted,0,TRUE,21495,TRUE,25,3,FALSE,high
FALSE,accepted,0,FALSE,693,FALSE,105,0,FALSE,high
FALSE,accepted,0,TRUE,17568,TRUE,68,0,FALSE,high
FALSE,unreviewed,2,FALSE,598,FALSE,105,0,FALSE,low
FALSE,accepted,0,FALSE,2660,FALSE,67,0,FALSE,high
FALSE,accepted,0,FALSE,8610,FALSE,62,0,FALSE,high
FALSE,unreviewed,0,FALSE,598,FALSE,48,0,FALSE,low
FALSE,accepted,0,FALSE,2503,TRUE,45,0,FALSE,low
FALSE,accepted,0,FALSE,21495,TRUE,55,0,FALSE,high
FALSE,accepted,0,FALSE,10964,FALSE,59,2,FALSE,high
TRUE,verified,2,TRUE,8610,FALSE,36,1,TRUE,high
FALSE,accepted,0,FALSE,2660,FALSE,64,0,FALSE,high
FALSE,accepted,0,FALSE,8610,FALSE,124,3,FALSE,high
FALSE,accepted,0,TRUE,419,FALSE,11,0,FALSE,low
FALSE,accepted,1,TRUE,17568,TRUE,55,2,FALSE,low
FALSE,unreviewed,0,FALSE,2660,FALSE,26,0,FALSE,low
FALSE,accepted,0,FALSE,693,FALSE,27,0,FALSE,low
FALSE,unreviewed,0,FALSE,419,FALSE,18,0,FALSE,low
FALSE,accepted,0,FALSE,693,FALSE,54,0,FALSE,low
FALSE,accepted,0,FALSE,10964,FALSE,52,0,FALSE,high
FALSE,unreviewed,0,FALSE,598,FALSE,240,0,FALSE,low
FALSE,accepted,3,FALSE,8610,FALSE,69,0,FALSE,high
FALSE,accepted,0,FALSE,8610,FALSE,127,0,FALSE,high
FALSE,accepted,1,FALSE,21495,TRUE,196,0,FALSE,high
FALSE,accepted,2,FALSE,2503,TRUE,40,0,FALSE,low
FALSE,unreviewed,0,FALSE,693,FALSE,49,1,FALSE,low
FALSE,accepted,1,FALSE,21495,TRUE,43,0,FALSE,high
FALSE,accepted,0,TRUE,8610,FALSE,13,0,FALSE,high
FALSE,accepted,0,FALSE,598,FALSE,47,0,FALSE,low
FALSE,accepted,0,TRUE,2503,TRUE,34,0,FALSE,low
FALSE,accepted,9,FALSE,21495,TRUE,49,0,FALSE,high
FALSE,unreviewed,0,TRUE,598,FALSE,21,0,FALSE,low
FALSE,verified,0,TRUE,8610,FALSE,36,1,FALSE,high
FALSE,accepted,0,FALSE,598,FALSE,203,0,FALSE,low
FALSE,accepted,1,TRUE,2503,TRUE,35,0,FALSE,high
TRUE,accepted,1,TRUE,10964,FALSE,88,12,FALSE,low
FALSE,accepted,1,TRUE,10964,FALSE,47,0,FALSE,high
FALSE,accepted,0,TRUE,2503,TRUE,35,0,FALSE,low
FALSE,accepted,0,FALSE,2503,TRUE,40,0,FALSE,low
FALSE,accepted,0,TRUE,17568,TRUE,49,3,FALSE,high
FALSE,accepted,0,FALSE,8610,FALSE,40,0,FALSE,high
FALSE,accepted,0,TRUE,17568,TRUE,17,0,FALSE,high
FALSE,accepted,0,FALSE,17568,TRUE,59,1,FALSE,high
FALSE,accepted,0,FALSE,693,FALSE,37,0,FALSE,high
FALSE,accepted,2,TRUE,17568,TRUE,90,3,FALSE,high
FALSE,accepted,0,FALSE,419,FALSE,38,0,FALSE,low
FALSE,accepted,0,TRUE,2503,TRUE,38,0,FALSE,high
FALSE,accepted,1,TRUE,10964,FALSE,64,0,FALSE,high
FALSE,accepted,0,FALSE,2660,FALSE,50,2,FALSE,low
FALSE,accepted,0,TRUE,2503,TRUE,18,0,FALSE,high
FALSE,accepted,0,TRUE,21495,TRUE,6,0,FALSE,high
FALSE,accepted,0,TRUE,419,FALSE,5,0,FALSE,low
FALSE,accepted,0,TRUE,21495,TRUE,33,0,FALSE,low
TRUE,verified,0,TRUE,17568,TRUE,17,3,TRUE,high
FALSE,accepted,2,FALSE,598,FALSE,14,0,FALSE,high
FALSE,accepted,0,FALSE,693,FALSE,54,1,FALSE,high
FALSE,accepted,0,TRUE,10964,FALSE,108,0,FALSE,high
FALSE,accepted,0,TRUE,693,FALSE,27,0,FALSE,low
FALSE,unreviewed,0,FALSE,419,FALSE,37,0,FALSE,low
FALSE,accepted,0,FALSE,2660,FALSE,52,0,FALSE,low
FALSE,accepted,0,TRUE,8610,FALSE,19,0,FALSE,high
FALSE,unreviewed,0,FALSE,419,FALSE,68,0,FALSE,low
FALSE,unreviewed,0,FALSE,38,FALSE,30,0,FALSE,low
FALSE,accepted,0,FALSE,2660,FALSE,7,1,FALSE,high
FALSE,accepted,0,TRUE,21495,TRUE,21,0,FALSE,high
FALSE,accepted,0,FALSE,598,FALSE,43,0,FALSE,low
FALSE,accepted,0,TRUE,10964,FALSE,9,12,FALSE,low
FALSE,accepted,0,FALSE,693,FALSE,34,0,FALSE,low
TRUE,verified,2,TRUE,8610,FALSE,106,2,TRUE,high
FALSE,accepted,2,FALSE,21495,TRUE,27,0,FALSE,high
FALSE,accepted,0,TRUE,21495,TRUE,12,0,FALSE,high
FALSE,unreviewed,0,FALSE,38,FALSE,28,0,FALSE,low
FALSE,unreviewed,1,FALSE,419,FALSE,85,0,FALSE,low
FALSE,accepted,3,TRUE,17568,TRUE,120,0,FALSE,high
FALSE,accepted,0,TRUE,10964,FALSE,34,0,FALSE,high
FALSE,accepted,0,FALSE,21495,TRUE,189,1,FALSE,high
FALSE,accepted,0,TRUE,10964,FALSE,40,0,FALSE,high
FALSE,accepted,5,TRUE,21495,TRUE,261,0,FALSE,high
TRUE,verified,11,FALSE,10964,FALSE,35,2,TRUE,high
FALSE,accepted,0,FALSE,693,FALSE,125,0,FALSE,low
FALSE,accepted,0,FALSE,8610,FALSE,66,0,FALSE,high
FALSE,accepted,0,FALSE,598,FALSE,80,0,FALSE,low
FALSE,accepted,2,FALSE,8610,FALSE,175,0,FALSE,high
FALSE,accepted,0,TRUE,10964,FALSE,9,0,FALSE,low
FALSE,accepted,0,TRUE,17568,TRUE,158,0,FALSE,high
FALSE,unreviewed,0,FALSE,419,FALSE,149,0,FALSE,low
FALSE,accepted,1,FALSE,2503,TRUE,36,0,FALSE,low
FALSE,accepted,0,FALSE,419,FALSE,39,0,FALSE,low
FALSE,accepted,0,TRUE,2503,TRUE,53,0,FALSE,low
FALSE,accepted,0,TRUE,10964,FALSE,82,0,FALSE,low
FALSE,accepted,0,FALSE,598,FALSE,54,0,FALSE,low
FALSE,accepted,0,TRUE,21495,TRUE,36,0,FALSE,high
FALSE,accepted,3,TRUE,17568,TRUE,201,0,FALSE,high
FALSE,unreviewed,0,FALSE,693,FALSE,56,0,FALSE,low
FALSE,accepted,0,TRUE,21495,TRUE,74,0,FALSE,high
FALSE,accepted,1,FALSE,419,FALSE,97,0,FALSE,low
FALSE,accepted,0,FALSE,2660,FALSE,36,0,FALSE,low
FALSE,accepted,0,TRUE,17568,TRUE,32,1,FALSE,high
FALSE,accepted,0,TRUE,21495,TRUE,38,3,FALSE,high
TRUE,verified,40,TRUE,17568,TRUE,156,1,TRUE,high
FALSE,accepted,3,FALSE,419,FALSE,33,0,FALSE,low
FALSE,accepted,0,FALSE,2660,FALSE,43,0,FALSE,low
FALSE,unreviewed,0,FALSE,419,FALSE,31,0,FALSE,low
FALSE,unreviewed,0,FALSE,2503,TRUE,25,0,FALSE,low
FALSE,accepted,0,FALSE,693,FALSE,51,0,FALSE,low
FALSE,accepted,0,FALSE,419,FALSE,83,0,FALSE,low
FALSE,verified,7,TRUE,17568,TRUE,156,1,FALSE,high
FALSE,accepted,1,FALSE,598,FALSE,32,0,FALSE,low
FALSE,accepted,1,FALSE,693,FALSE,88,0,FALSE,high
FALSE,accepted,0,TRUE,21495,TRUE,38,2,FALSE,high
FALSE,accepted,0,FALSE,2503,TRUE,39,0,FALSE,low
FALSE,accepted,0,TRUE,17568,TRUE,79,0,FALSE,high
FALSE,accepted,1,TRUE,10964,FALSE,93,0,FALSE,high
FALSE,accepted,1,FALSE,598,FALSE,58,0,FALSE,low
FALSE,accepted,1,FALSE,2660,FALSE,71,0,FALSE,high
FALSE,unreviewed,0,FALSE,419,FALSE,91,0,FALSE,low
FALSE,unreviewed,0,FALSE,2660,FALSE,41,0,FALSE,low
FALSE,accepted,0,TRUE,8610,FALSE,12,3,FALSE,low
FALSE,accepted,0,TRUE,17568,TRUE,82,1,FALSE,high
FALSE,accepted,0,FALSE,10964,FALSE,47,0,FALSE,high
FALSE,accepted,1,TRUE,21495,TRUE,87,0,FALSE,high
FALSE,accepted,0,FALSE,21495,TRUE,45,0,FALSE,high
FALSE,accepted,1,FALSE,2503,TRUE,49,0,FALSE,high
FALSE,accepted,1,TRUE,17568,TRUE,31,2,FALSE,high
FALSE,accepted,0,FALSE,8610,FALSE,43,0,FALSE,high
FALSE,accepted,0,FALSE,598,FALSE,111,0,FALSE,low
FALSE,accepted,1,FALSE,2660,FALSE,283,0,FALSE,high
FALSE,accepted,0,FALSE,17568,TRUE,41,0,FALSE,high
TRUE,verified,22,TRUE,8610,FALSE,48,6,TRUE,high
FALSE,unreviewed,0,TRUE,598,FALSE,80,0,FALSE,low
FALSE,unreviewed,0,FALSE,419,FALSE,142,0,FALSE,low
FALSE,accepted,1,FALSE,2660,FALSE,103,0,FALSE,low
FALSE,unreviewed,0,FALSE,598,FALSE,4,0,FALSE,low
FALSE,accepted,0,FALSE,2660,FALSE,47,0,FALSE,low
FALSE,accepted,0,FALSE,598,FALSE,9,0,FALSE,low
FALSE,accepted,0,FALSE,8610,FALSE,37,0,FALSE,high
FALSE,accepted,0,FALSE,693,FALSE,28,0,FALSE,low
FALSE,unreviewed,0,FALSE,419,FALSE,67,0,FALSE,low
FALSE,accepted,1,TRUE,17568,TRUE,50,3,FALSE,high
FALSE,unreviewed,0,FALSE,38,FALSE,46,0,FALSE,low
TRUE,verified,0,FALSE,8610,FALSE,103,2,TRUE,high
TRUE,verified,1,TRUE,8610,FALSE,19,4,TRUE,high
FALSE,accepted,0,TRUE,17568,TRUE,39,0,FALSE,high
FALSE,accepted,0,TRUE,693,FALSE,17,0,FALSE,high
TRUE,verified,1,FALSE,693,FALSE,107,1,TRUE,high
FALSE,accepted,0,FALSE,8610,FALSE,261,0,FALSE,high
FALSE,accepted,0,TRUE,17568,TRUE,54,3,FALSE,low
FALSE,accepted,1,FALSE,21495,TRUE,7,4,FALSE,high
FALSE,accepted,0,FALSE,693,FALSE,1045,0,FALSE,high
FALSE,unreviewed,0,FALSE,419,FALSE,71,0,FALSE,low
FALSE,accepted,2,FALSE,8610,FALSE,94,0,FALSE,high
FALSE,unreviewed,0,FALSE,598,FALSE,14,0,FALSE,low
FALSE,accepted,1,FALSE,8610,FALSE,32,0,FALSE,high
TRUE,verified,2,FALSE,21495,TRUE,98,2,TRUE,high
FALSE,accepted,0,FALSE,2503,TRUE,10,0,FALSE,low
FALSE,unreviewed,0,FALSE,2660,FALSE,55,0,FALSE,low
FALSE,accepted,0,FALSE,598,FALSE,30,0,FALSE,low
FALSE,accepted,1,FALSE,21495,TRUE,134,0,FALSE,high
FALSE,accepted,0,FALSE,8610,FALSE,102,0,FALSE,high
FALSE,accepted,0,TRUE,21495,TRUE,668,0,FALSE,high
FALSE,accepted,0,TRUE,10964,FALSE,57,0,FALSE,low
FALSE,accepted,0,FALSE,598,FALSE,74,0,FALSE,low
FALSE,unreviewed,0,FALSE,419,FALSE,36,0,FALSE,low
FALSE,accepted,1,TRUE,2660,FALSE,20,1,FALSE,high
FALSE,unreviewed,0,FALSE,2503,TRUE,117,0,FALSE,high
TRUE,accepted,0,TRUE,2660,FALSE,59,1,FALSE,low
FALSE,accepted,0,FALSE,598,FALSE,155,0,FALSE,low
FALSE,accepted,0,FALSE,2660,FALSE,50,0,FALSE,high
FALSE,accepted,0,TRUE,419,FALSE,62,0,FALSE,low
FALSE,accepted,0,TRUE,693,FALSE,60,0,FALSE,low
FALSE,unreviewed,0,FALSE,38,FALSE,45,0,FALSE,low
FALSE,accepted,0,FALSE,2503,TRUE,42,0,FALSE,low
FALSE,accepted,0,TRUE,2503,TRUE,63,0,FALSE,low
FALSE,unreviewed,0,TRUE,419,FALSE,34,0,FALSE,low
FALSE,accepted,1,FALSE,693,FALSE,45,0,FALSE,low
FALSE,accepted,0,TRUE,10964,FALSE,94,0,FALSE,low
TRUE,verified,26,TRUE,17568,TRUE,146,2,TRUE,high
FALSE,accepted,2,TRUE,21495,TRUE,29,0,FALSE,high
FALSE,accepted,0,FALSE,598,FALSE,7,0,FALSE,low
FALSE,accepted,1,FALSE,2660,FALSE,163,0,FALSE,low
FALSE,accepted,0,FALSE,10964,FALSE,26,2,FALSE,low
FALSE,accepted,1,TRUE,17568,TRUE,33,1,FALSE,high
TRUE,verified,4,FALSE,2660,FALSE,23,1,TRUE,high
FALSE,accepted,0,TRUE,598,FALSE,45,0,FALSE,low
FALSE,accepted,1,TRUE,17568,TRUE,66,0,FALSE,high
FALSE,accepted,2,TRUE,17568,TRUE,103,0,FALSE,high
FALSE,accepted,0,TRUE,8610,FALSE,52,2,FALSE,high
FALSE,accepted,0,TRUE,10964,FALSE,95,0,FALSE,high
FALSE,unreviewed,0,FALSE,2660,FALSE,47,1,FALSE,low
FALSE,accepted,0,FALSE,2660,FALSE,42,0,FALSE,high
FALSE,accepted,0,FALSE,2660,FALSE,22,0,FALSE,high
FALSE,accepted,2,TRUE,2660,FALSE,40,0,FALSE,low
FALSE,unreviewed,0,TRUE,8610,FALSE,35,4,FALSE,low
FALSE,accepted,0,TRUE,17568,TRUE,76,0,FALSE,high
FALSE,unreviewed,0,FALSE,598,FALSE,52,0,FALSE,low
FALSE,unreviewed,0,FALSE,693,FALSE,105,0,FALSE,low
FALSE,accepted,1,TRUE,21495,TRUE,83,0,FALSE,high
FALSE,accepted,1,FALSE,598,FALSE,39,0,FALSE,low
FALSE,unreviewed,0,FALSE,598,FALSE,17,0,FALSE,low
FALSE,unreviewed,1,FALSE,598,FALSE,72,0,FALSE,low
FALSE,accepted,0,FALSE,598,FALSE,48,0,FALSE,low
TRUE,verified,9,FALSE,8610,FALSE,22,2,TRUE,high
FALSE,accepted,0,TRUE,8610,FALSE,24,3,FALSE,high
FALSE,accepted,2,TRUE,21495,TRUE,54,0,FALSE,high
FALSE,accepted,0,FALSE,598,FALSE,192,0,FALSE,high
FALSE,unreviewed,1,FALSE,419,FALSE,44,0,FALSE,low
FALSE,accepted,0,FALSE,2503,TRUE,44,0,FALSE,low
FALSE,accepted,0,FALSE,693,FALSE,18,0,FALSE,high
FALSE,accepted,2,FALSE,419,FALSE,91,0,FALSE,low
TRUE,verified,2,TRUE,8610,FALSE,120,3,TRUE,high
FALSE,accepted,0,FALSE,693,FALSE,303,0,FALSE,low
FALSE,accepted,0,FALSE,693,FALSE,21,1,FALSE,low
TRUE,verified,2,TRUE,17568,TRUE,175,3,TRUE,high
FALSE,accepted,1,FALSE,2660,FALSE,93,0,FALSE,low
FALSE,accepted,0,TRUE,10964,FALSE,85,0,FALSE,high
FALSE,accepted,0,FALSE,10964,FALSE,13,0,FALSE,low
FALSE,accepted,0,FALSE,2503,TRUE,72,0,FALSE,low
FALSE,accepted,1,FALSE,598,FALSE,6,0,FALSE,low
FALSE,accepted,0,FALSE,17568,TRUE,41,0,FALSE,high
FALSE,accepted,0,FALSE,598,FALSE,25,0,FALSE,high
FALSE,unreviewed,0,FALSE,693,FALSE,147,0,FALSE,low
FALSE,accepted,0,TRUE,21495,TRUE,122,0,FALSE,high
FALSE,accepted,0,FALSE,598,FALSE,44,0,FALSE,low
FALSE,accepted,0,FALSE,419,FALSE,51,0,FALSE,low
FALSE,accepted,1,FALSE,419,FALSE,125,0,FALSE,low
FALSE,accepted,1,TRUE,10964,FALSE,23,0,FALSE,high
TRUE,accepted,0,TRUE,10964,FALSE,110,12,FALSE,low
FALSE,accepted,1,FALSE,17568,TRUE,64,0,FALSE,high
FALSE,accepted,1,TRUE,10964,FALSE,31,2,FALSE,high
FALSE,accepted,0,FALSE,8610,FALSE,22,0,FALSE,low
FALSE,accepted,0,TRUE,21495,TRUE,25,0,FALSE,high
FALSE,accepted,0,TRUE,17568,TRUE,67,4,FALSE,high
TRUE,verified,3,TRUE,2503,TRUE,11,4,TRUE,high
FALSE,accepted,0,TRUE,10964,FALSE,113,1,FALSE,high
FALSE,accepted,6,TRUE,419,FALSE,25,0,FALSE,high
FALSE,unreviewed,0,FALSE,419,FALSE,73,0,FALSE,low
FALSE,accepted,0,FALSE,419,FALSE,99,0,FALSE,low
FALSE,accepted,1,FALSE,17568,TRUE,25,1,FALSE,high
FALSE,accepted,1,FALSE,8610,FALSE,9,0,FALSE,high
FALSE,accepted,0,FALSE,21495,TRUE,21,1,FALSE,high
FALSE,accepted,0,FALSE,8610,FALSE,74,0,FALSE,high
FALSE,unreviewed,0,FALSE,38,FALSE,25,0,FALSE,low
TRUE,verified,19,TRUE,21495,TRUE,25,2,TRUE,high
FALSE,accepted,0,FALSE,2503,TRUE,40,0,FALSE,low
FALSE,accepted,0,FALSE,2660,FALSE,435,0,FALSE,high
FALSE,accepted,0,TRUE,8610,FALSE,58,7,FALSE,low
FALSE,accepted,6,FALSE,8610,FALSE,119,1,FALSE,high
FALSE,accepted,0,TRUE,8610,FALSE,62,0,FALSE,high
FALSE,accepted,0,FALSE,21495,TRUE,39,0,FALSE,high
FALSE,unreviewed,0,FALSE,419,FALSE,74,0,FALSE,low
FALSE,accepted,0,FALSE,8610,FALSE,26,2,FALSE,high
FALSE,accepted,0,FALSE,2503,TRUE,25,0,FALSE,low
FALSE,accepted,0,FALSE,598,FALSE,5,0,FALSE,low
FALSE,accepted,0,FALSE,693,FALSE,8,0,FALSE,high
FALSE,accepted,0,FALSE,21495,TRUE,51,0,FALSE,high
FALSE,accepted,0,TRUE,17568,TRUE,8,3,FALSE,high
FALSE,accepted,0,FALSE,419,FALSE,24,0,FALSE,low
FALSE,accepted,1,FALSE,2503,TRUE,88,0,FALSE,low
FALSE,accepted,1,FALSE,21495,TRUE,41,3,FALSE,low
FALSE,accepted,0,FALSE,693,FALSE,35,0,FALSE,low
FALSE,unreviewed,0,FALSE,419,FALSE,26,0,FALSE,low
FALSE,unreviewed,2,FALSE,2503,TRUE,56,0,FALSE,low
FALSE,accepted,0,TRUE,10964,FALSE,33,0,FALSE,low
TRUE,accepted,2,TRUE,10964,FALSE,170,12,FALSE,high
FALSE,accepted,0,TRUE,17568,TRUE,126,0,FALSE,high
TRUE,verified,26,TRUE,17568,TRUE,32,4,TRUE,high
FALSE,accepted,3,TRUE,2503,TRUE,22,0,FALSE,low
FALSE,accepted,0,FALSE,598,FALSE,48,0,FALSE,low
FALSE,accepted,1,FALSE,2660,FALSE,34,0,FALSE,low
TRUE,verified,1,TRUE,8610,FALSE,19,4,TRUE,high
FALSE,accepted,0,FALSE,419,FALSE,25,0,FALSE,low
FALSE,accepted,0,FALSE,693,FALSE,31,0,FALSE,low
FALSE,unreviewed,0,FALSE,38,FALSE,59,0,FALSE,low
FALSE,accepted,2,TRUE,17568,TRUE,113,3,FALSE,high
FALSE,accepted,1,FALSE,2503,TRUE,40,0,FALSE,low
FALSE,accepted,0,TRUE,21495,TRUE,24,0,FALSE,high
FALSE,accepted,0,FALSE,693,FALSE,45,1,FALSE,low
FALSE,accepted,2,TRUE,419,FALSE,35,0,FALSE,low
FALSE,accepted,3,FALSE,693,FALSE,42,0,FALSE,high
FALSE,accepted,8,FALSE,2660,FALSE,72,0,FALSE,high
FALSE,unreviewed,0,FALSE,419,FALSE,16,0,FALSE,low
FALSE,accepted,0,TRUE,8610,FALSE,17,0,FALSE,low
FALSE,accepted,0,FALSE,8610,FALSE,49,0,FALSE,high
FALSE,accepted,1,TRUE,8610,FALSE,64,1,FALSE,high
FALSE,unreviewed,0,FALSE,38,FALSE,34,0,FALSE,low
FALSE,unreviewed,0,FALSE,38,FALSE,19,0,FALSE,low
FALSE,accepted,0,TRUE,17568,TRUE,68,0,FALSE,high
FALSE,accepted,1,FALSE,17568,TRUE,65,0,FALSE,high
TRUE,verified,58,TRUE,17568,TRUE,107,4,TRUE,high
FALSE,accepted,0,FALSE,8610,FALSE,9,0,FALSE,high
FALSE,accepted,0,FALSE,419,FALSE,45,0,FALSE,low
FALSE,accepted,2,FALSE,21495,TRUE,29,2,FALSE,high
FALSE,accepted,0,FALSE,10964,FALSE,204,0,FALSE,high
FALSE,unreviewed,1,FALSE,598,FALSE,90,0,FALSE,low
FALSE,accepted,0,TRUE,10964,FALSE,30,1,FALSE,high
FALSE,accepted,1,TRUE,21495,TRUE,25,0,FALSE,high
TRUE,verified,0,FALSE,8610,FALSE,107,3,TRUE,high
TRUE,verified,0,TRUE,8610,FALSE,45,4,TRUE,high
FALSE,accepted,1,TRUE,10964,FALSE,46,0,FALSE,high
FALSE,accepted,0,TRUE,17568,TRUE,31,0,FALSE,low
FALSE,accepted,0,TRUE,21495,TRUE,36,2,FALSE,high
FALSE,accepted,0,TRUE,10964,FALSE,38,3,FALSE,high
FALSE,unreviewed,0,TRUE,419,FALSE,23,0,FALSE,low
FALSE,unreviewed,0,FALSE,419,FALSE,44,0,FALSE,low
FALSE,accepted,0,TRUE,693,FALSE,49,0,FALSE,low
FALSE,accepted,2,FALSE,2503,TRUE,23,0,FALSE,high
FALSE,accepted,0,TRUE,17568,TRUE,59,0,FALSE,high
FALSE,accepted,0,FALSE,693,FALSE,156,0,FALSE,low
FALSE,accepted,0,FALSE,693,FALSE,54,0,FALSE,low
FALSE,accepted,1,FALSE,21495,TRUE,96,0,FALSE,high
FALSE,accepted,0,FALSE,10964,FALSE,146,0,FALSE,high
FALSE,unreviewed,0,FALSE,38,FALSE,40,0,FALSE,low
FALSE,accepted,0,FALSE,2503,TRUE,36,0,FALSE,low
TRUE,accepted,0,FALSE,10964,FALSE,79,26,FALSE,low
FALSE,accepted,0,TRUE,17568,TRUE,38,0,FALSE,high
FALSE,accepted,0,TRUE,21495,TRUE,54,0,FALSE,high
FALSE,accepted,0,TRUE,17568,TRUE,78,4,FALSE,high
FALSE,accepted,0,FALSE,10964,FALSE,74,2,FALSE,high
FALSE,accepted,0,TRUE,17568,TRUE,48,1,FALSE,high
FALSE,accepted,0,TRUE,2503,TRUE,69,0,FALSE,low
TRUE,verified,155,TRUE,17568,TRUE,81,3,TRUE,high
FALSE,accepted,0,TRUE,10964,FALSE,25,3,FALSE,high
FALSE,accepted,4,FALSE,8610,FALSE,129,0,FALSE,high
FALSE,accepted,0,TRUE,8610,FALSE,50,0,FALSE,high
FALSE,accepted,0,FALSE,2503,TRUE,24,0,FALSE,low
FALSE,accepted,6,TRUE,8610,FALSE,7,2,FALSE,high
FALSE,accepted,1,FALSE,693,FALSE,62,0,FALSE,low
FALSE,unreviewed,0,FALSE,38,FALSE,47,0,FALSE,low
FALSE,accepted,0,FALSE,693,FALSE,70,0,FALSE,low
FALSE,accepted,3,FALSE,693,FALSE,91,0,FALSE,low
FALSE,unreviewed,0,FALSE,598,FALSE,84,0,FALSE,low
FALSE,accepted,0,TRUE,21495,TRUE,39,3,FALSE,high
FALSE,accepted,1,FALSE,693,FALSE,88,1,FALSE,high
FALSE,unreviewed,0,FALSE,419,FALSE,68,0,FALSE,low
FALSE,accepted,0,TRUE,17568,TRUE,83,1,FALSE,high
FALSE,unreviewed,0,FALSE,419,FALSE,178,0,FALSE,low
FALSE,accepted,0,FALSE,21495,TRUE,117,0,FALSE,high
FALSE,accepted,0,TRUE,17568,TRUE,91,0,FALSE,high
TRUE,accepted,0,TRUE,17568,TRUE,40,6,FALSE,low
TRUE,accepted,0,TRUE,10964,FALSE,50,12,FALSE,high
FALSE,accepted,0,TRUE,17568,TRUE,75,4,FALSE,high
FALSE,accepted,0,TRUE,2503,TRUE,87,0,FALSE,high
FALSE,accepted,2,FALSE,2503,TRUE,207,0,FALSE,high
FALSE,accepted,0,TRUE,8610,FALSE,52,0,FALSE,high
FALSE,accepted,0,FALSE,693,FALSE,112,0,FALSE,low
FALSE,accepted,0,FALSE,2660,FALSE,107,0,FALSE,low
FALSE,accepted,2,TRUE,17568,TRUE,161,0,FALSE,high
FALSE,accepted,0,TRUE,8610,FALSE,66,0,FALSE,low
FALSE,unreviewed,0,TRUE,8610,FALSE,33,0,FALSE,low
FALSE,accepted,0,FALSE,2660,FALSE,54,2,FALSE,low
FALSE,unreviewed,0,FALSE,419,FALSE,139,0,FALSE,low
FALSE,accepted,4,TRUE,17568,TRUE,43,4,FALSE,high
FALSE,accepted,1,TRUE,17568,TRUE,164,2,FALSE,high
FALSE,accepted,0,TRUE,17568,TRUE,17,0,FALSE,high
FALSE,accepted,0,TRUE,17568,TRUE,169,7,FALSE,high
FALSE,accepted,0,FALSE,419,FALSE,53,0,FALSE,low
FALSE,accepted,3,FALSE,8610,FALSE,119,0,FALSE,high
FALSE,unreviewed,0,FALSE,419,FALSE,44,0,FALSE,low
TRUE,accepted,0,TRUE,17568,TRUE,142,6,FALSE,low
FALSE,unreviewed,0,FALSE,598,FALSE,41,0,FALSE,low
FALSE,accepted,0,TRUE,17568,TRUE,62,0,FALSE,high
FALSE,accepted,0,FALSE,21495,TRUE,156,0,FALSE,high
FALSE,accepted,0,FALSE,10964,FALSE,148,2,FALSE,high
FALSE,unreviewed,0,FALSE,2503,TRUE,52,0,FALSE,low
FALSE,accepted,1,FALSE,2660,FALSE,176,0,FALSE,high
FALSE,accepted,0,FALSE,419,FALSE,11,0,FALSE,low
TRUE,verified,42,TRUE,17568,TRUE,118,3,TRUE,high
FALSE,unreviewed,0,FALSE,598,FALSE,40,0,FALSE,low
FALSE,accepted,2,FALSE,17568,TRUE,53,1,FALSE,high
FALSE,unreviewed,1,TRUE,2660,FALSE,53,0,FALSE,low
FALSE,accepted,2,TRUE,693,FALSE,42,0,FALSE,high
FALSE,accepted,0,TRUE,21495,TRUE,49,3,FALSE,high
FALSE,unreviewed,0,FALSE,2660,FALSE,107,0,FALSE,low
FALSE,accepted,3,TRUE,17568,TRUE,43,0,FALSE,high
FALSE,accepted,0,FALSE,419,FALSE,20,0,FALSE,low
FALSE,accepted,0,FALSE,21495,TRUE,44,3,FALSE,low
FALSE,accepted,0,FALSE,10964,FALSE,20,2,FALSE,high
FALSE,accepted,2,TRUE,10964,FALSE,18,0,FALSE,high
FALSE,accepted,1,FALSE,8610,FALSE,196,0,FALSE,high
FALSE,accepted,0,FALSE,8610,FALSE,48,0,FALSE,high
FALSE,accepted,1,FALSE,8610,FALSE,70,0,FALSE,high
FALSE,accepted,0,FALSE,17568,TRUE,55,0,FALSE,high
FALSE,accepted,0,FALSE,21495,TRUE,8,2,FALSE,high
FALSE,unreviewed,0,FALSE,598,FALSE,79,0,FALSE,low
FALSE,accepted,1,TRUE,21495,TRUE,36,0,FALSE,high
FALSE,accepted,4,FALSE,598,FALSE,34,0,FALSE,low
FALSE,unreviewed,0,FALSE,38,FALSE,36,0,FALSE,low
FALSE,accepted,2,FALSE,2660,FALSE,289,0,FALSE,high
FALSE,unreviewed,0,FALSE,693,FALSE,68,0,FALSE,low
FALSE,accepted,0,FALSE,2660,FALSE,51,0,FALSE,high
FALSE,accepted,0,FALSE,693,FALSE,35,0,FALSE,low
FALSE,accepted,1,FALSE,21495,TRUE,92,1,FALSE,high
FALSE,accepted,3,FALSE,21495,TRUE,109,2,FALSE,high
FALSE,unreviewed,1,FALSE,419,FALSE,4,0,FALSE,low
FALSE,accepted,1,FALSE,693,FALSE,108,0,FALSE,low
FALSE,unreviewed,1,TRUE,21495,TRUE,65,0,FALSE,low
FALSE,accepted,2,FALSE,419,FALSE,68,0,FALSE,low
FALSE,accepted,0,FALSE,2503,TRUE,17,0,FALSE,low
FALSE,unreviewed,0,FALSE,598,FALSE,28,0,FALSE,low
FALSE,accepted,11,FALSE,21495,TRUE,31,0,FALSE,high
FALSE,accepted,0,FALSE,10964,FALSE,68,0,FALSE,high
FALSE,accepted,0,FALSE,2503,TRUE,26,0,FALSE,low
FALSE,unreviewed,0,FALSE,419,FALSE,15,0,FALSE,low
FALSE,accepted,0,FALSE,693,FALSE,21,0,FALSE,high
FALSE,accepted,12,FALSE,2660,FALSE,156,0,FALSE,high
FALSE,accepted,0,FALSE,8610,FALSE,30,3,FALSE,high
FALSE,accepted,0,FALSE,693,FALSE,49,0,FALSE,low
FALSE,accepted,1,FALSE,10964,FALSE,116,0,FALSE,high
FALSE,unreviewed,0,FALSE,693,FALSE,93,0,FALSE,low
FALSE,accepted,0,TRUE,21495,TRUE,25,0,FALSE,high
FALSE,accepted,0,TRUE,2660,FALSE,15,1,FALSE,high
FALSE,accepted,0,FALSE,598,FALSE,137,0,FALSE,low
FALSE,unreviewed,0,FALSE,419,FALSE,57,0,FALSE,low
FALSE,accepted,2,FALSE,2503,TRUE,36,0,FALSE,high
FALSE,accepted,1,FALSE,419,FALSE,27,0,FALSE,low
FALSE,accepted,4,FALSE,2503,TRUE,179,0,FALSE,high
FALSE,accepted,0,TRUE,21495,TRUE,30,0,FALSE,high
FALSE,accepted,0,TRUE,17568,TRUE,29,0,FALSE,high
FALSE,accepted,0,FALSE,598,FALSE,55,0,FALSE,low
FALSE,accepted,1,FALSE,419,FALSE,40,0,FALSE,low
FALSE,accepted,0,FALSE,2660,FALSE,27,0,FALSE,high
FALSE,accepted,0,FALSE,598,FALSE,41,0,FALSE,low
FALSE,accepted,0,FALSE,693,FALSE,115,0,FALSE,low
FALSE,unreviewed,1,FALSE,419,FALSE,36,0,FALSE,low
FALSE,accepted,0,FALSE,2503,TRUE,104,0,FALSE,high
FALSE,accepted,0,FALSE,2503,TRUE,55,0,FALSE,low
FALSE,unreviewed,0,FALSE,693,FALSE,63,0,FALSE,low
FALSE,unreviewed,0,FALSE,598,FALSE,49,0,FALSE,low
FALSE,accepted,2,FALSE,419,FALSE,77,0,FALSE,low
FALSE,unreviewed,0,FALSE,419,FALSE,16,0,FALSE,low
FALSE,unreviewed,0,FALSE,693,FALSE,127,0,FALSE,low
FALSE,unreviewed,0,FALSE,2660,FALSE,41,0,FALSE,low
FALSE,accepted,0,FALSE,419,FALSE,84,0,FALSE,low
FALSE,accepted,0,TRUE,2503,TRUE,54,0,FALSE,low
FALSE,accepted,3,FALSE,8610,FALSE,27,0,FALSE,high
FALSE,accepted,0,TRUE,693,FALSE,21,0,FALSE,low
FALSE,accepted,4,FALSE,17568,TRUE,30,0,FALSE,high
FALSE,accepted,1,FALSE,598,FALSE,52,0,FALSE,low
FALSE,unreviewed,1,FALSE,419,FALSE,27,0,FALSE,low
FALSE,accepted,0,FALSE,2660,FALSE,24,0,FALSE,low
FALSE,accepted,1,TRUE,17568,TRUE,24,0,FALSE,high
TRUE,accepted,1,FALSE,10964,FALSE,55,26,FALSE,low
FALSE,accepted,0,TRUE,10964,FALSE,8,0,FALSE,high
FALSE,accepted,0,TRUE,2503,TRUE,32,0,FALSE,low
FALSE,accepted,0,TRUE,8610,FALSE,270,2,FALSE,high
FALSE,accepted,0,FALSE,2660,FALSE,11,0,FALSE,low
FALSE,accepted,0,TRUE,2503,TRUE,7,0,FALSE,low
FALSE,accepted,3,TRUE,17568,TRUE,116,0,FALSE,high
FALSE,accepted,0,TRUE,8610,FALSE,29,9,FALSE,high
FALSE,unreviewed,0,FALSE,419,FALSE,105,0,FALSE,low
TRUE,verified,0,TRUE,8610,FALSE,78,7,TRUE,high
FALSE,accepted,0,FALSE,419,FALSE,32,0,FALSE,low
FALSE,accepted,1,TRUE,10964,FALSE,58,0,FALSE,high
FALSE,accepted,0,FALSE,693,FALSE,70,1,FALSE,low
FALSE,accepted,4,TRUE,21495,TRUE,189,0,FALSE,high
FALSE,accepted,0,FALSE,693,FALSE,50,0,FALSE,low
FALSE,accepted,0,TRUE,10964,FALSE,92,0,FALSE,high
FALSE,accepted,0,TRUE,693,FALSE,6,0,FALSE,low
FALSE,accepted,1,FALSE,2503,TRUE,96,0,FALSE,high
FALSE,accepted,0,FALSE,2503,TRUE,36,0,FALSE,low
FALSE,accepted,6,TRUE,21495,TRUE,266,0,FALSE,high
FALSE,accepted,0,FALSE,598,FALSE,337,0,FALSE,high
FALSE,accepted,0,TRUE,8610,FALSE,35,1,FALSE,high
FALSE,accepted,0,TRUE,10964,FALSE,35,1,FALSE,high
FALSE,accepted,1,FALSE,8610,FALSE,30,3,FALSE,high
FALSE,accepted,0,FALSE,693,FALSE,70,1,FALSE,low
FALSE,accepted,0,FALSE,598,FALSE,67,0,FALSE,low
FALSE,accepted,3,TRUE,21495,TRUE,107,0,FALSE,high
FALSE,accepted,0,FALSE,8610,FALSE,65,0,FALSE,high
FALSE,accepted,0,FALSE,598,FALSE,213,0,FALSE,low
FALSE,accepted,0,FALSE,419,FALSE,32,0,FALSE,low
FALSE,accepted,0,TRUE,10964,FALSE,51,2,FALSE,high
FALSE,accepted,0,TRUE,10964,FALSE,51,0,FALSE,high
FALSE,accepted,1,FALSE,598,FALSE,96,0,FALSE,high
FALSE,accepted,1,FALSE,17568,TRUE,378,0,FALSE,high
FALSE,accepted,0,FALSE,2660,FALSE,98,0,FALSE,low
FALSE,unreviewed,0,FALSE,2660,FALSE,309,0,FALSE,low
FALSE,accepted,1,FALSE,2660,FALSE,316,0,FALSE,high
FALSE,accepted,0,FALSE,2660,FALSE,17,0,FALSE,low
FALSE,accepted,0,FALSE,2660,FALSE,15,0,FALSE,low
FALSE,accepted,0,FALSE,598,FALSE,89,0,FALSE,low
FALSE,accepted,1,TRUE,8610,FALSE,68,0,FALSE,high
FALSE,unreviewed,0,TRUE,10964,FALSE,92,0,FALSE,low
FALSE,unreviewed,0,FALSE,419,FALSE,41,0,FALSE,low
FALSE,unreviewed,0,FALSE,598,FALSE,39,0,FALSE,low
FALSE,accepted,2,TRUE,17568,TRUE,29,0,FALSE,high
FALSE,accepted,0,FALSE,8610,FALSE,87,0,FALSE,high
FALSE,accepted,0,FALSE,8610,FALSE,74,0,FALSE,high
FALSE,accepted,1,FALSE,8610,FALSE,161,0,FALSE,high
FALSE,accepted,4,FALSE,598,FALSE,91,0,FALSE,low
FALSE,accepted,3,TRUE,10964,FALSE,278,0,FALSE,high
FALSE,accepted,0,FALSE,693,FALSE,52,0,FALSE,low
TRUE,verified,1,TRUE,8610,FALSE,36,4,TRUE,high
FALSE,unreviewed,0,FALSE,419,FALSE,33,0,FALSE,low
FALSE,accepted,1,FALSE,2503,TRUE,54,0,FALSE,low
FALSE,accepted,3,TRUE,17568,TRUE,229,0,FALSE,high
FALSE,unreviewed,0,FALSE,2660,FALSE,399,0,FALSE,low
FALSE,unreviewed,0,FALSE,598,FALSE,51,0,FALSE,low
FALSE,accepted,0,TRUE,2660,FALSE,33,0,FALSE,high
FALSE,accepted,0,TRUE,2503,TRUE,21,0,FALSE,low
FALSE,accepted,0,TRUE,2503,TRUE,91,0,FALSE,low
FALSE,accepted,0,FALSE,693,FALSE,87,0,FALSE,low
FALSE,accepted,0,TRUE,8610,FALSE,202,2,FALSE,high
FALSE,unreviewed,0,FALSE,2503,TRUE,51,0,FALSE,low
FALSE,accepted,0,TRUE,10964,FALSE,31,0,FALSE,high
FALSE,accepted,0,TRUE,10964,FALSE,46,0,FALSE,high
FALSE,accepted,1,FALSE,8610,FALSE,104,2,FALSE,high
TRUE,verified,6,TRUE,10964,FALSE,46,1,TRUE,high
FALSE,unreviewed,1,FALSE,2660,FALSE,56,0,FALSE,low
FALSE,accepted,0,TRUE,10964,FALSE,74,1,FALSE,low
FALSE,unreviewed,0,FALSE,2660,FALSE,71,1,FALSE,low
FALSE,accepted,1,FALSE,598,FALSE,47,0,FALSE,low
FALSE,accepted,1,FALSE,10964,FALSE,95,0,FALSE,high
FALSE,accepted,0,FALSE,693,FALSE,95,0,FALSE,high
FALSE,accepted,0,TRUE,21495,TRUE,7,0,FALSE,high
FALSE,unreviewed,0,FALSE,2660,FALSE,9,1,FALSE,low
FALSE,accepted,0,FALSE,419,FALSE,165,0,FALSE,low
FALSE,accepted,1,FALSE,2660,FALSE,37,0,FALSE,low
FALSE,accepted,0,FALSE,8610,FALSE,27,0,FALSE,high
FALSE,unreviewed,0,FALSE,598,FALSE,154,0,FALSE,low
FALSE,accepted,0,FALSE,2503,TRUE,45,0,FALSE,low
FALSE,accepted,0,TRUE,2503,TRUE,46,0,FALSE,low
FALSE,unreviewed,0,FALSE,598,FALSE,32,0,FALSE,low
FALSE,accepted,0,TRUE,38,FALSE,20,0,FALSE,high
TRUE,verified,39,TRUE,10964,FALSE,53,1,TRUE,high
FALSE,accepted,0,FALSE,2503,TRUE,151,0,FALSE,low
FALSE,accepted,0,FALSE,693,FALSE,109,0,FALSE,high
FALSE,accepted,0,FALSE,2660,FALSE,56,0,FALSE,low
FALSE,unreviewed,0,FALSE,419,FALSE,104,0,FALSE,low
FALSE,accepted,0,TRUE,21495,TRUE,22,2,FALSE,high
FALSE,accepted,0,TRUE,10964,FALSE,33,0,FALSE,low
FALSE,accepted,2,TRUE,2503,TRUE,98,0,FALSE,high
TRUE,verified,5,TRUE,17568,TRUE,40,7,TRUE,high
FALSE,accepted,0,TRUE,17568,TRUE,105,3,FALSE,low
FALSE,accepted,0,TRUE,17568,TRUE,19,6,FALSE,low
FALSE,unreviewed,0,FALSE,419,FALSE,90,0,FALSE,low
FALSE,unreviewed,0,FALSE,598,FALSE,116,0,FALSE,low
FALSE,accepted,0,TRUE,21495,TRUE,49,0,FALSE,high
FALSE,accepted,0,TRUE,8610,FALSE,136,0,FALSE,high
FALSE,unreviewed,0,FALSE,693,FALSE,32,1,FALSE,low
FALSE,accepted,0,TRUE,8610,FALSE,31,0,FALSE,high
FALSE,accepted,0,FALSE,693,FALSE,36,0,FALSE,low
FALSE,accepted,0,FALSE,17568,TRUE,127,0,FALSE,high
FALSE,accepted,2,FALSE,8610,FALSE,89,0,FALSE,high
FALSE,accepted,3,TRUE,598,FALSE,177,0,FALSE,low
FALSE,accepted,1,FALSE,2503,TRUE,70,0,FALSE,low
FALSE,accepted,0,TRUE,693,FALSE,33,0,FALSE,low
TRUE,verified,4,TRUE,8610,FALSE,43,9,TRUE,high
FALSE,accepted,0,FALSE,8610,FALSE,83,0,FALSE,high
FALSE,accepted,0,TRUE,419,FALSE,42,0,FALSE,low
TRUE,verified,26,TRUE,17568,TRUE,13,1,TRUE,high
FALSE,accepted,0,TRUE,17568,TRUE,68,3,FALSE,low
FALSE,accepted,0,TRUE,2660,FALSE,97,0,FALSE,high
FALSE,unreviewed,0,FALSE,598,FALSE,50,0,FALSE,low
FALSE,accepted,1,FALSE,21495,TRUE,28,2,FALSE,high
FALSE,accepted,2,TRUE,17568,TRUE,29,0,FALSE,high
FALSE,accepted,0,FALSE,598,FALSE,582,0,FALSE,low
FALSE,accepted,0,FALSE,8610,FALSE,80,0,FALSE,high
FALSE,accepted,0,FALSE,693,FALSE,55,0,FALSE,low
FALSE,unreviewed,0,FALSE,598,FALSE,134,0,FALSE,low
FALSE,accepted,0,FALSE,598,FALSE,54,0,FALSE,low
FALSE,accepted,1,FALSE,693,FALSE,89,0,FALSE,high
FALSE,accepted,2,FALSE,2660,FALSE,66,0,FALSE,high
FALSE,accepted,0,FALSE,8610,FALSE,249,0,FALSE,high
FALSE,unreviewed,0,FALSE,38,FALSE,28,0,FALSE,low
FALSE,accepted,0,FALSE,693,FALSE,26,0,FALSE,high
FALSE,accepted,0,FALSE,419,FALSE,82,0,FALSE,low
FALSE,accepted,0,TRUE,8610,FALSE,128,0,FALSE,high
FALSE,unreviewed,0,FALSE,693,FALSE,150,0,FALSE,low
FALSE,accepted,0,FALSE,8610,FALSE,21,0,FALSE,high
FALSE,accepted,3,TRUE,17568,TRUE,31,3,FALSE,high
FALSE,unreviewed,0,FALSE,598,FALSE,254,0,FALSE,low
FALSE,verified,0,TRUE,21495,TRUE,25,2,FALSE,low
FALSE,unreviewed,0,FALSE,419,FALSE,93,0,FALSE,low
FALSE,accepted,0,FALSE,2503,TRUE,39,0,FALSE,low
FALSE,unreviewed,0,FALSE,2660,FALSE,104,0,FALSE,low
FALSE,accepted,1,TRUE,2503,TRUE,50,0,FALSE,low
FALSE,accepted,0,FALSE,2503,TRUE,83,0,FALSE,low
FALSE,accepted,0,TRUE,693,FALSE,44,0,FALSE,low
FALSE,accepted,2,FALSE,693,FALSE,51,0,FALSE,high
FALSE,accepted,0,TRUE,8610,FALSE,56,0,FALSE,high
FALSE,unreviewed,0,FALSE,2660,FALSE,51,0,FALSE,low
FALSE,accepted,4,FALSE,2660,FALSE,79,0,FALSE,low
FALSE,accepted,3,TRUE,17568,TRUE,8,0,FALSE,low
FALSE,accepted,0,FALSE,2660,FALSE,65,0,FALSE,low
FALSE,unreviewed,0,TRUE,598,FALSE,23,0,FALSE,low
FALSE,accepted,4,TRUE,8610,FALSE,145,0,FALSE,high
FALSE,accepted,0,FALSE,21495,TRUE,65,2,FALSE,high
FALSE,accepted,0,TRUE,21495,TRUE,52,0,FALSE,high
FALSE,accepted,0,FALSE,2503,TRUE,71,0,FALSE,low
FALSE,accepted,0,FALSE,693,FALSE,10,1,FALSE,low
FALSE,accepted,0,FALSE,419,FALSE,95,0,FALSE,low
FALSE,unreviewed,0,FALSE,38,FALSE,41,0,FALSE,low
FALSE,unreviewed,0,FALSE,2660,FALSE,43,0,FALSE,low
FALSE,accepted,0,FALSE,17568,TRUE,165,0,FALSE,high
FALSE,accepted,2,FALSE,10964,FALSE,92,0,FALSE,high
FALSE,unreviewed,0,FALSE,598,FALSE,32,0,FALSE,low
FALSE,accepted,1,FALSE,8610,FALSE,38,0,FALSE,high
FALSE,unreviewed,0,FALSE,2660,FALSE,81,0,FALSE,low
FALSE,accepted,1,FALSE,2660,FALSE,71,0,FALSE,high
FALSE,accepted,1,FALSE,2503,TRUE,50,0,FALSE,low
FALSE,accepted,2,FALSE,693,FALSE,62,0,FALSE,low
FALSE,unreviewed,0,FALSE,419,FALSE,63,0,FALSE,low
FALSE,accepted,0,FALSE,693,FALSE,61,0,FALSE,low
FALSE,unreviewed,0,FALSE,419,FALSE,51,0,FALSE,low
FALSE,unreviewed,0,FALSE,419,FALSE,137,0,FALSE,low
FALSE,accepted,2,TRUE,10964,FALSE,339,0,FALSE,high
FALSE,accepted,0,TRUE,10964,FALSE,59,0,FALSE,high
FALSE,unreviewed,0,TRUE,17568,TRUE,46,7,FALSE,low
FALSE,accepted,0,FALSE,693,FALSE,132,0,FALSE,low
FALSE,accepted,0,TRUE,2503,TRUE,141,0,FALSE,high
FALSE,accepted,0,TRUE,10964,FALSE,90,0,FALSE,high
FALSE,accepted,3,TRUE,17568,TRUE,40,0,FALSE,low
FALSE,accepted,0,FALSE,598,FALSE,61,0,FALSE,high
FALSE,accepted,2,FALSE,2503,TRUE,55,0,FALSE,low
FALSE,accepted,0,FALSE,598,FALSE,148,0,FALSE,low
FALSE,accepted,1,FALSE,21495,TRUE,108,0,FALSE,high
FALSE,accepted,1,FALSE,598,FALSE,38,0,FALSE,low
TRUE,accepted,0,FALSE,10964,FALSE,72,26,FALSE,low
FALSE,accepted,0,FALSE,419,FALSE,32,0,FALSE,low
FALSE,accepted,4,FALSE,21495,TRUE,139,0,FALSE,high
FALSE,accepted,0,FALSE,21495,TRUE,52,0,FALSE,high
FALSE,accepted,0,TRUE,10964,FALSE,102,0,FALSE,low
FALSE,unreviewed,0,TRUE,17568,TRUE,213,0,FALSE,low
FALSE,accepted,0,FALSE,10964,FALSE,149,0,FALSE,high
FALSE,accepted,1,TRUE,8610,FALSE,21,4,FALSE,low
FALSE,accepted,0,FALSE,2503,TRUE,60,0,FALSE,low
FALSE,accepted,0,FALSE,598,FALSE,55,0,FALSE,low
FALSE,accepted,0,TRUE,10964,FALSE,322,0,FALSE,high
FALSE,accepted,0,TRUE,10964,FALSE,27,0,FALSE,high
FALSE,accepted,0,FALSE,2503,TRUE,23,0,FALSE,low
FALSE,accepted,0,TRUE,693,FALSE,7,0,FALSE,high
FALSE,accepted,0,TRUE,8610,FALSE,89,0,FALSE,low
FALSE,accepted,0,TRUE,598,FALSE,72,0,FALSE,low
FALSE,accepted,1,FALSE,21495,TRUE,137,0,FALSE,high
FALSE,accepted,0,TRUE,2503,TRUE,40,0,FALSE,low
FALSE,accepted,0,FALSE,2660,FALSE,84,0,FALSE,low
FALSE,accepted,2,TRUE,8610,FALSE,36,2,FALSE,high
FALSE,accepted,0,TRUE,21495,TRUE,129,0,FALSE,high
FALSE,accepted,0,TRUE,693,FALSE,42,0,FALSE,high
FALSE,accepted,2,FALSE,598,FALSE,10,0,FALSE,high
FALSE,accepted,0,TRUE,10964,FALSE,182,3,FALSE,low
FALSE,accepted,0,TRUE,693,FALSE,16,0,FALSE,low
FALSE,unreviewed,0,TRUE,38,FALSE,48,0,FALSE,low
FALSE,accepted,1,FALSE,8610,FALSE,184,0,FALSE,high
TRUE,verified,42,TRUE,17568,TRUE,174,2,TRUE,high
FALSE,accepted,0,FALSE,2503,TRUE,79,0,FALSE,low
FALSE,accepted,4,FALSE,10964,FALSE,281,0,FALSE,high
FALSE,accepted,0,FALSE,693,FALSE,13,0,FALSE,low
FALSE,accepted,0,TRUE,2503,TRUE,44,0,FALSE,low
FALSE,accepted,0,FALSE,17568,TRUE,53,0,FALSE,high
FALSE,accepted,0,TRUE,17568,TRUE,51,7,FALSE,low
FALSE,accepted,1,TRUE,21495,TRUE,26,0,FALSE,high
FALSE,accepted,0,FALSE,8610,FALSE,50,0,FALSE,high
FALSE,accepted,0,TRUE,10964,FALSE,16,3,FALSE,high
FALSE,accepted,1,FALSE,693,FALSE,6,0,FALSE,high
TRUE,accepted,0,FALSE,10964,FALSE,67,26,FALSE,low
FALSE,accepted,0,FALSE,8610,FALSE,84,0,FALSE,high
FALSE,accepted,0,FALSE,419,FALSE,51,0,FALSE,low
FALSE,accepted,0,FALSE,598,FALSE,22,0,FALSE,low
FALSE,accepted,0,TRUE,21495,TRUE,16,3,FALSE,high
FALSE,unreviewed,1,FALSE,693,FALSE,106,0,FALSE,low
FALSE,unreviewed,0,FALSE,693,FALSE,107,0,FALSE,low
FALSE,unreviewed,0,FALSE,38,FALSE,39,0,FALSE,low
FALSE,unreviewed,0,FALSE,419,FALSE,46,0,FALSE,low
FALSE,accepted,0,TRUE,2660,FALSE,151,0,FALSE,high
FALSE,unreviewed,0,FALSE,598,FALSE,225,0,FALSE,low
FALSE,accepted,0,FALSE,419,FALSE,209,0,FALSE,low
FALSE,accepted,0,FALSE,693,FALSE,64,0,FALSE,low
FALSE,accepted,0,FALSE,693,FALSE,41,0,FALSE,low
FALSE,unreviewed,0,TRUE,598,FALSE,47,0,FALSE,low
FALSE,accepted,0,FALSE,2503,TRUE,26,0,FALSE,low
FALSE,accepted,1,FALSE,2660,FALSE,81,0,FALSE,high
FALSE,accepted,5,FALSE,21495,TRUE,65,0,FALSE,high
FALSE,accepted,1,FALSE,21495,TRUE,167,0,FALSE,high
FALSE,unreviewed,0,FALSE,419,FALSE,80,0,FALSE,low
FALSE,accepted,0,TRUE,2503,TRUE,54,0,FALSE,low
FALSE,accepted,1,TRUE,38,FALSE,61,0,FALSE,low
FALSE,accepted,0,FALSE,693,FALSE,6,0,FALSE,high
FALSE,accepted,0,FALSE,21495,TRUE,27,1,FALSE,high
FALSE,accepted,0,TRUE,2503,TRUE,6,0,FALSE,low
FALSE,accepted,0,FALSE,2503,TRUE,25,0,FALSE,high
FALSE,accepted,0,TRUE,8610,FALSE,42,6,FALSE,low
FALSE,unreviewed,0,FALSE,598,FALSE,71,0,FALSE,low
FALSE,accepted,0,FALSE,2660,FALSE,108,2,FALSE,low
FALSE,accepted,1,TRUE,2503,TRUE,122,0,FALSE,high
FALSE,accepted,0,FALSE,21495,TRUE,20,3,FALSE,high
FALSE,accepted,0,FALSE,2503,TRUE,7,0,FALSE,low
FALSE,unreviewed,0,FALSE,419,FALSE,29,0,FALSE,low
FALSE,accepted,0,FALSE,21495,TRUE,39,1,FALSE,high
FALSE,accepted,0,FALSE,2660,FALSE,48,1,FALSE,low
FALSE,accepted,0,FALSE,2660,FALSE,34,0,FALSE,low
FALSE,accepted,1,FALSE,693,FALSE,56,0,FALSE,low
FALSE,accepted,0,FALSE,2660,FALSE,100,0,FALSE,low
FALSE,accepted,2,TRUE,21495,TRUE,99,0,FALSE,high
FALSE,unreviewed,0,FALSE,693,FALSE,42,0,FALSE,low
TRUE,verified,18,TRUE,21495,TRUE,71,3,TRUE,high
FALSE,accepted,1,FALSE,2660,FALSE,80,0,FALSE,high
FALSE,accepted,0,TRUE,21495,TRUE,56,2,FALSE,high
FALSE,accepted,0,TRUE,8610,FALSE,49,2,FALSE,high
FALSE,accepted,5,FALSE,693,FALSE,76,0,FALSE,high
FALSE,accepted,0,TRUE,2503,TRUE,41,0,FALSE,high
FALSE,accepted,0,FALSE,2503,TRUE,47,0,FALSE,low
FALSE,accepted,1,FALSE,8610,FALSE,69,0,FALSE,high
FALSE,unreviewed,0,FALSE,38,FALSE,26,0,FALSE,low
FALSE,accepted,1,FALSE,2503,TRUE,83,0,FALSE,low
FALSE,accepted,1,FALSE,419,FALSE,39,0,FALSE,low
FALSE,unreviewed,0,FALSE,598,FALSE,37,0,FALSE,low
TRUE,verified,5,TRUE,21495,TRUE,59,3,TRUE,high
FALSE,accepted,0,TRUE,10964,FALSE,59,0,FALSE,low
FALSE,unreviewed,1,TRUE,2660,FALSE,39,0,FALSE,low
FALSE,accepted,1,FALSE,21495,TRUE,41,0,FALSE,low
FALSE,accepted,4,TRUE,17568,TRUE,70,0,FALSE,high
FALSE,accepted,0,TRUE,21495,TRUE,75,2,FALSE,high
FALSE,accepted,0,FALSE,2503,TRUE,51,0,FALSE,low
FALSE,accepted,0,FALSE,10964,FALSE,137,0,FALSE,high
FALSE,accepted,0,FALSE,2503,TRUE,26,0,FALSE,low
FALSE,accepted,0,FALSE,598,FALSE,98,0,FALSE,low
FALSE,accepted,1,TRUE,17568,TRUE,17,3,FALSE,high
FALSE,accepted,7,TRUE,21495,TRUE,85,0,FALSE,high
FALSE,accepted,1,FALSE,2503,TRUE,13,0,FALSE,high
FALSE,unreviewed,0,FALSE,419,FALSE,38,0,FALSE,low
FALSE,accepted,0,FALSE,10964,FALSE,160,0,FALSE,high
FALSE,accepted,0,FALSE,2503,TRUE,48,0,FALSE,high
FALSE,accepted,0,FALSE,419,FALSE,48,0,FALSE,low
FALSE,accepted,0,FALSE,598,FALSE,126,0,FALSE,low
FALSE,accepted,1,FALSE,8610,FALSE,38,0,FALSE,high
TRUE,verified,3,TRUE,8610,FALSE,99,7,TRUE,high
FALSE,accepted,0,FALSE,10964,FALSE,70,0,FALSE,high
FALSE,accepted,0,FALSE,2503,TRUE,91,0,FALSE,low
FALSE,accepted,0,TRUE,17568,TRUE,36,4,FALSE,high
FALSE,accepted,0,FALSE,8610,FALSE,68,0,FALSE,high
FALSE,accepted,0,TRUE,17568,TRUE,34,0,FALSE,high
FALSE,accepted,3,FALSE,419,FALSE,96,0,FALSE,low
FALSE,unreviewed,0,FALSE,2660,FALSE,134,0,FALSE,low
FALSE,accepted,2,FALSE,2503,TRUE,51,0,FALSE,low
FALSE,unreviewed,4,TRUE,21495,TRUE,123,0,FALSE,low
FALSE,accepted,0,FALSE,10964,FALSE,97,0,FALSE,high
TRUE,verified,0,TRUE,8610,FALSE,45,4,TRUE,high
FALSE,accepted,1,FALSE,2503,TRUE,42,0,FALSE,low
TRUE,accepted,1,TRUE,10964,FALSE,34,12,FALSE,low
FALSE,accepted,0,FALSE,2503,TRUE,62,0,FALSE,low
FALSE,accepted,0,FALSE,693,FALSE,66,0,FALSE,low
FALSE,accepted,1,FALSE,2660,FALSE,59,0,FALSE,low
FALSE,accepted,1,TRUE,2503,TRUE,62,0,FALSE,high
TRUE,verified,41,TRUE,17568,TRUE,108,4,TRUE,high
FALSE,unreviewed,0,FALSE,419,FALSE,60,0,FALSE,low
FALSE,accepted,0,FALSE,2660,FALSE,55,0,FALSE,low
FALSE,accepted,1,TRUE,8610,FALSE,129,1,FALSE,high
FALSE,accepted,1,FALSE,2503,TRUE,109,0,FALSE,low
FALSE,accepted,0,TRUE,693,FALSE,28,0,FALSE,low
FALSE,accepted,0,FALSE,17568,TRUE,17,0,FALSE,high
FALSE,accepted,0,TRUE,8610,FALSE,83,0,FALSE,low
FALSE,accepted,5,TRUE,21495,TRUE,231,0,FALSE,high
FALSE,accepted,0,TRUE,8610,FALSE,198,0,FALSE,high
FALSE,accepted,0,FALSE,2503,TRUE,90,0,FALSE,low
FALSE,accepted,1,TRUE,21495,TRUE,44,0,FALSE,high
FALSE,accepted,0,FALSE,2660,FALSE,104,0,FALSE,high
FALSE,accepted,0,FALSE,419,FALSE,69,0,FALSE,low
FALSE,accepted,1,FALSE,2660,FALSE,18,0,FALSE,high
FALSE,accepted,0,FALSE,2503,TRUE,37,0,FALSE,low
FALSE,accepted,0,TRUE,693,FALSE,26,0,FALSE,low
TRUE,verified,68,TRUE,17568,TRUE,27,3,TRUE,high
FALSE,accepted,0,FALSE,693,FALSE,40,0,FALSE,low
FALSE,accepted,1,FALSE,17568,TRUE,133,0,FALSE,high
FALSE,accepted,0,FALSE,2503,TRUE,104,0,FALSE,low
FALSE,unreviewed,0,FALSE,598,FALSE,23,0,FALSE,low
FALSE,accepted,0,FALSE,2503,TRUE,41,0,FALSE,low
FALSE,accepted,1,FALSE,2503,TRUE,28,0,FALSE,low
FALSE,accepted,0,FALSE,419,FALSE,39,0,FALSE,low
FALSE,accepted,3,TRUE,17568,TRUE,61,0,FALSE,high
FALSE,accepted,1,FALSE,693,FALSE,128,0,FALSE,high
FALSE,accepted,1,FALSE,17568,TRUE,44,0,FALSE,high
FALSE,accepted,0,TRUE,10964,FALSE,123,0,FALSE,high
TRUE,verified,8,TRUE,10964,FALSE,55,3,TRUE,high
FALSE,accepted,0,TRUE,693,FALSE,42,0,FALSE,low
FALSE,accepted,3,TRUE,17568,TRUE,241,0,FALSE,high
FALSE,accepted,5,FALSE,693,FALSE,43,0,FALSE,low
FALSE,accepted,1,TRUE,10964,FALSE,45,1,FALSE,low
FALSE,accepted,0,TRUE,598,FALSE,57,0,FALSE,low
FALSE,accepted,0,FALSE,21495,TRUE,119,0,FALSE,high
FALSE,accepted,0,TRUE,693,FALSE,13,0,FALSE,low
FALSE,accepted,1,TRUE,2503,TRUE,61,0,FALSE,high
FALSE,accepted,0,TRUE,2503,TRUE,39,0,FALSE,high
FALSE,unreviewed,0,FALSE,38,FALSE,88,0,FALSE,low
FALSE,accepted,1,FALSE,693,FALSE,24,0,FALSE,low
FALSE,accepted,0,FALSE,2660,FALSE,50,0,FALSE,high
FALSE,accepted,5,FALSE,21495,TRUE,23,1,FALSE,high
FALSE,accepted,0,FALSE,2503,TRUE,60,0,FALSE,high
FALSE,accepted,0,TRUE,2503,TRUE,96,0,FALSE,high
FALSE,accepted,1,TRUE,8610,FALSE,58,4,FALSE,low
FALSE,accepted,0,FALSE,598,FALSE,50,0,FALSE,low
FALSE,unreviewed,0,TRUE,598,FALSE,163,0,FALSE,low
FALSE,accepted,0,FALSE,38,FALSE,42,0,FALSE,low
FALSE,accepted,0,FALSE,598,FALSE,98,0,FALSE,low
FALSE,accepted,0,TRUE,10964,FALSE,51,0,FALSE,low
FALSE,unreviewed,0,FALSE,38,FALSE,32,0,FALSE,low
FALSE,accepted,0,TRUE,598,FALSE,660,0,FALSE,low
FALSE,unreviewed,2,FALSE,598,FALSE,52,0,FALSE,low
FALSE,accepted,0,FALSE,2503,TRUE,10,0,FALSE,low
FALSE,accepted,1,FALSE,21495,TRUE,12,1,FALSE,high
FALSE,accepted,0,FALSE,8610,FALSE,67,0,FALSE,high
FALSE,unreviewed,0,FALSE,419,FALSE,5,0,FALSE,low
FALSE,accepted,1,TRUE,2503,TRUE,134,0,FALSE,low
FALSE,accepted,1,FALSE,2660,FALSE,126,0,FALSE,high
FALSE,accepted,1,FALSE,17568,TRUE,24,0,FALSE,low
FALSE,accepted,0,FALSE,693,FALSE,54,0,FALSE,low
FALSE,accepted,0,TRUE,8610,FALSE,15,3,FALSE,high
FALSE,accepted,0,FALSE,598,FALSE,68,0,FALSE,high
FALSE,accepted,0,TRUE,10964,FALSE,63,2,FALSE,high
FALSE,unreviewed,0,FALSE,598,FALSE,80,0,FALSE,low
FALSE,accepted,0,TRUE,17568,TRUE,19,4,FALSE,high
FALSE,accepted,0,FALSE,693,FALSE,42,0,FALSE,low
FALSE,accepted,1,FALSE,2503,TRUE,44,0,FALSE,low
FALSE,accepted,1,FALSE,419,FALSE,28,0,FALSE,low
FALSE,accepted,0,FALSE,693,FALSE,167,0,FALSE,low
FALSE,accepted,0,TRUE,598,FALSE,11,0,FALSE,high
FALSE,accepted,0,FALSE,693,FALSE,33,0,FALSE,low
FALSE,unreviewed,0,FALSE,38,FALSE,43,0,FALSE,low
FALSE,accepted,10,TRUE,21495,TRUE,66,0,FALSE,high
FALSE,unreviewed,0,FALSE,419,FALSE,59,0,FALSE,low
TRUE,verified,32,TRUE,17568,TRUE,30,3,TRUE,high
FALSE,accepted,0,TRUE,2503,TRUE,38,0,FALSE,low
FALSE,unreviewed,0,FALSE,598,FALSE,17,0,FALSE,low
FALSE,accepted,0,TRUE,17568,TRUE,117,0,FALSE,high
FALSE,accepted,0,TRUE,10964,FALSE,21,1,FALSE,high
FALSE,accepted,0,FALSE,10964,FALSE,24,26,FALSE,high
FALSE,accepted,1,TRUE,17568,TRUE,34,0,FALSE,high
FALSE,accepted,1,FALSE,10964,FALSE,149,0,FALSE,high